index,artist,certification_aria,certification_aria_status,certification_aria_x,certification_bmvi,certification_bmvi_status,certification_bmvi_x,certification_bpi,certification_bpi_status,certification_bpi_x,certification_mc,certification_mc_status,certification_mc_x,certification_riaa,certification_riaa_status,certification_riaa_x,certification_snep,certification_snep_status,certification_snep_x,day,format_4_track,format_8_track,format_blueray,format_box_set,format_cassette,format_cd,format_digital_compact_cassette,format_digital_download,format_dvd,format_lp,format_mini_disc,format_picture_disc,format_reel,format_streaming,format_vhs,month,peakAUS,peakAUT,peakCAN,peakFRA,peakGER,peakIRE,peakITA,peakJPN,peakNLD,peakNOR,peakNZ,peakSPA,peakSWE,peakSWI,peakUK,peakUS,peakUS Country,peakUS R&B,Record label,Release date,Title,year
1,A Tribe Called Quest,,,,,,,BPI,Silver,,,,,RIAA,Gold,,,,,10,,,,,,,,,,,,,,,,April,,,,,,,,,,,,,,,54,91,,23,Jive,4/10/1990,People's Instinctive Travels and the Paths of Rhythm,1990
2,A Tribe Called Quest,,,,,,,BPI,Silver,,,,,RIAA,Platinum,,,,,24,,,,,,,,,,,,,,,,September,,,,,,,,,,,,,,,58,45,,13,Jive,9/24/1991,The Low End Theory,1991
3,A Tribe Called Quest,,,,,,,BPI,Silver,,,,,RIAA,Platinum,,,,,9,,,,,,,,,,,,,,,,November,,,48,,,,,,,,,,,,70,8,,1,Jive,11/9/1993,Midnight Marauders,1993
4,A Tribe Called Quest,,,,,,,,,,MC,Gold,,RIAA,Platinum,,,,,30,,,,,,,,,,,,,,,,July,,,7,,,,,,,,32,,30,,28,1,,1,Jive,7/30/1996,"Beats, Rhymes and Life",1996
5,A Tribe Called Quest,,,,,,,,,,MC,Gold,,RIAA,Gold,,,,,29,,,,,,,,,,,,,,,,September,,,2,40,36,,,,,,,,45,,38,3,,3,Jive,9/29/1998,The Love Movement,1998
6,A Tribe Called Quest,,,,,,,BPI,Silver,,,,,RIAA,Gold,,,,,11,,,,,,,,,,,,,,,,November,13,,3,75,14,,,,16,,13,,31,,24,1,,1,Epic,11/11/2016,We Got It from Here... Thank You 4 Your Service,2016
7,ABBA,ARIA,Platinum,,,,,,,,,,,,,,,,,26,,8-track,,,cassette,CD,,digital download,,LP,,,,,,March,10,,,,29,,,,,10,32,,2,,,,,,Polar,3/26/1973,Ring Ring,1973
8,ABBA,ARIA,Platinum,,,,,BPI,Silver,,,,,,,,,,,4,,8-track,,,cassette,CD,,digital download,,LP,,,,,,March,18,,,,6,,,,74,1,38,,1,,28,145,,,Polar,3/4/1974,Waterloo,1974
9,ABBA,ARIA,Platinum,,,,,BPI,Gold,,,,,,,,,,,21,,8-track,,,cassette,CD,,digital download,,LP,,,,,,April,1,,55,,31,,,,3,1,3,,1,,13,174,,,Polar,4/21/1975,ABBA,1975
10,ABBA,ARIA,Platinum,,,,,BPI,Platinum,,MC,Platinum,,RIAA,Gold,,,,,11,,8-track,,,cassette,CD,,digital download,,LP,,,,,,October,1,12,4,,1,,,,1,1,1,,1,,1,20,,,Polar,10/11/1976,Arrival,1976
11,ABBA,ARIA,Platinum,,,,,BPI,Platinum,,MC,Platinum,,RIAA,Platinum,,,,,12,,8-track,,,cassette,CD,,digital download,,LP,,,,,,December,4,2,8,,2,,,,1,1,1,,1,,1,14,,,Polar,12/12/1977,ABBA: The Album,1977
12,ABBA,ARIA,Platinum,,,,,BPI,Platinum,,MC,Platinum,,RIAA,Gold,,,,,23,,8-track,,,cassette,CD,,digital download,,LP,,,,,,April,5,2,6,,1,,,,1,1,2,,1,,1,19,,,Polar,4/23/1979,Voulez-Vous,1979
13,ABBA,ARIA,Platinum,,,,,BPI,Platinum,,,,,RIAA,Gold,,,,,3,,8-track,,,cassette,CD,,digital download,,LP,,,,,,November,5,3,10,,1,,,,1,1,5,,1,,1,17,,,Polar,11/3/1980,Super Trouper,1980
14,ABBA,ARIA,Gold,,,,,BPI,Platinum,,,,,,,,,,,30,,8-track,,,cassette,CD,,digital download,,LP,,,,,,November,22,3,18,,1,,,,1,1,19,,1,,1,29,,,Polar,11/30/1981,The Visitors,1981
15,ABBA,ARIA,Gold,,,,,BPI,Platinum,,,,,,,,,,,5,,,,,cassette,CD,,digital download,,LP,,,,streaming,,November,1,1,2,,1,,,,1,1,1,,1,,1,2,,,"Polar, Universal",11/5/2021,Voyage,2021
16,AC/DC,ARIA,Platinum,,,,,,,,,,,,,,,,,17,,,,,cassette,,,,,LP,,,,,,February,14,,,,,,,,,,,,,,,,,,Albert/EMI,2/17/1975,High Voltage (Australasia),1975
17,AC/DC,ARIA,Platinum,,,,,,,,,,,,,,,,,1,,,,,cassette,,,,,LP,,,,,,December,2,,,,,,,,,,35,,,,,,,,Albert/EMI,12/1/1975,T.N.T. (Australasia),1975
18,AC/DC,,,,,,,BPI,Gold,,,,,RIAA,Platinum,,SNEP,Gold,,30,,,,,,,,,,LP,,,,,,April,13,,69,7,12,,,,,,,,58,18,,146,,,Atco/Atlantic,4/30/1976,High Voltage (international),1976
19,AC/DC,ARIA,Platinum,,,,,BPI,Gold,,,,,RIAA,Platinum,,,,,20,,,,,cassette,,,,,LP,,,,,,September,5,,95,15,19,,,,,,20,,50,25,,3,,,Albert/EMI,9/20/1976,Dirty Deeds Done Dirt Cheap,1976
20,AC/DC,ARIA,Platinum,,,,,BPI,Gold,,,,,RIAA,Platinum,,SNEP,Gold,,21,,,,,cassette,,,,,LP,,,,,,March,19,,84,9,40,,,,,,42,,29,12,17,154,,,Albert/EMI,3/21/1977,Let There Be Rock,1977
21,AC/DC,ARIA,Platinum,,,,,BPI,Gold,,,,,RIAA,Platinum,,SNEP,Gold,,5,,,,,cassette,,,,,LP,,,,,,May,22,,,10,26,,,,,,,,19,11,23,133,,,Albert/EMI,5/5/1978,Powerage,1978
22,AC/DC,ARIA,Platinum,,,,,BPI,Platinum,,,,,RIAA,Platinum,,SNEP,Platinum,,27,,,,,cassette,,,,,LP,,,,,,July,13,38,40,2,2,,,,,,46,,24,7,8,17,,,Albert/EMI,7/27/1979,Highway to Hell,1979
23,AC/DC,ARIA,Platinum,,,,,BPI,Platinum,,,,,RIAA,Diamond,,SNEP,Platinum,,25,,,,,cassette,,,,,LP,,,,,,July,1,6,1,1,1,,,,,,24,,12,1,1,4,,,Albert/EMI,7/25/1980,Back in Black,1980
24,AC/DC,ARIA,Platinum,,,,,BPI,Gold,,,,,RIAA,Platinum,,SNEP,Platinum,,20,,,,,cassette,,,,,LP,,,,,,November,3,7,4,1,2,,,,,,6,,9,10,3,1,,,Albert/EMI,11/20/1981,For Those About to Rock We Salute You,1981
25,AC/DC,ARIA,Platinum,,,,,BPI,Gold,,,,,RIAA,Platinum,,SNEP,Gold,,19,,,,,,,,,,LP,,,,,,August,3,9,12,5,6,,,,,,8,,8,11,4,15,,,Albert/EMI,8/19/1983,Flick of the Switch,1983
26,AC/DC,ARIA,Platinum,,,,,BPI,Silver,,,,,RIAA,Platinum,,,,,28,,,,,cassette,,,,,LP,,,,,,June,4,24,30,19,14,,,,,,22,,10,19,7,32,,,Albert/EMI,6/28/1985,Fly on the Wall,1985
27,AC/DC,ARIA,Platinum,,,,,BPI,Gold,,,,,RIAA,Platinum,,,,,29,,,,,cassette,CD,,,,LP,,,,,,January,2,15,14,21,4,,,,,,3,,4,4,2,12,,,Albert/EMI,1/29/1988,Blow Up Your Video,1988
28,AC/DC,ARIA,Platinum,,,,,BPI,Gold,,,,,RIAA,Platinum,,SNEP,Gold,,24,,,,,cassette,CD,,,,LP,,,,,,September,3,11,1,5,4,,,,,,2,,5,2,4,2,,,Albert/CBS,9/24/1990,The Razors Edge,1990
29,AC/DC,ARIA,Platinum,,,,,BPI,Gold,,,,,RIAA,Platinum,,SNEP,Platinum,,22,,,,,cassette,CD,,,,LP,,,,,,September,1,2,4,2,4,,,,,,2,,1,1,6,4,,,Albert/EMI,9/22/1995,Ballbreaker,1995
30,AC/DC,ARIA,Platinum,,,,,BPI,Gold,,,,,RIAA,Platinum,,SNEP,Gold,,28,,,,,cassette,CD,,,,LP,,,,,,February,3,1,5,2,1,,,,,,12,,1,2,12,7,,,Albert/EMI,2/28/2000,Stiff Upper Lip,2000
31,AC/DC,ARIA,Platinum,,,,,BPI,Platinum,,,,,RIAA,Platinum,,SNEP,Platinum,,17,,,,,,CD,,,,LP,,,,,,October,1,1,1,1,1,,,,,,1,,1,1,1,1,,,Columbia,10/17/2008,Black Ice,2008
32,AC/DC,ARIA,Platinum,,,,,BPI,Platinum,,,,,RIAA,Gold,,SNEP,Platinum,,28,,,,,,CD,,digital download,,LP,,,,,,November,1,1,1,1,1,,,,,,2,,1,1,3,3,,,Albert/Columbia,11/28/2014,Rock or Bust,2014
33,AC/DC,ARIA,Gold,,,,,BPI,Gold,,,,,,,,,,,13,,,,,cassette,CD,,digital download,,LP,,,,streaming,,November,1,1,1,1,1,,,,,,1,,1,1,1,1,,,Columbia,11/13/2020,Power Up,2020
34,Aerosmith,,,,,,,,,,MC,Platinum,,RIAA,Platinum,,,,,1,,,,,,,,,,,,,,,,January,,,58,,,,,,,,,,,,,21,,,Columbia,1/1/1973,Aerosmith,1973
35,Aerosmith,,,,,,,,,,MC,Platinum,,RIAA,Platinum,,,,,1,,,,,,,,,,,,,,,,March,,,,,,,,,,,,,,,,74,,,Columbia,3/1/1974,Get Your Wings,1974
36,Aerosmith,,,,,,,,,,MC,Platinum,,RIAA,Platinum,,,,,1,,,,,,,,,,,,,,,,April,79,,7,,,,,,,,,,,,,11,,,Columbia,4/1/1975,Toys in the Attic,1975
37,Aerosmith,,,,,,,,,,MC,Platinum,,RIAA,Platinum,,,,,1,,,,,,,,,,,,,,,,May,45,,14,,,,,,,,,,46,,,3,,,Columbia,5/1/1976,Rocks,1976
38,Aerosmith,,,,,,,,,,MC,Gold,,RIAA,Platinum,,,,,1,,,,,,,,,,,,,,,,December,,,10,,,,,,,,,,,,,11,,,Columbia,12/1/1977,Draw the Line,1977
39,Aerosmith,,,,,,,,,,MC,Gold,,RIAA,Platinum,,,,,1,,,,,,,,,,,,,,,,November,,,8,,,,,,,,,,,,,14,,,Columbia,11/1/1979,Night in the Ruts,1979
40,Aerosmith,,,,,,,,,,,,,RIAA,Gold,,,,,1,,,,,,,,,,,,,,,,August,,,24,,,,,,,,,,,,,32,,,Columbia,8/1/1982,Rock in a Hard Place,1982
41,Aerosmith,,,,,,,,,,,,,RIAA,Gold,,,,,1,,,,,,,,,,,,,,,,November,,,72,,,,,,,,,,,,,36,,,Geffen,11/1/1985,Done with Mirrors,1985
42,Aerosmith,,,,,,,BPI,Gold,,MC,Platinum,,RIAA,Platinum,,,,,1,,,,,,,,,,,,,,,,August,42,,7,,,,,,,,,,,,37,11,,,Geffen,8/1/1987,Permanent Vacation,1987
43,Aerosmith,ARIA,Platinum,,BMVI,Gold,,BPI,Gold,,MC,Platinum,,RIAA,Platinum,,,,,1,,,,,,,,,,,,,,,,September,1,,2,,13,,,,33,,8,,8,9,3,5,,,Geffen,9/1/1989,Pump,1989
44,Aerosmith,ARIA,Gold,,BMVI,Platinum,,BPI,Platinum,,MC,Diamond,,RIAA,Gold,,,,,1,,,,,,,,,,,,,,,,April,3,3,2,,3,,,,2,,9,,3,1,2,1,,,Geffen,4/1/1993,Get a Grip,1993
45,Aerosmith,,,,BMVI,Gold,,BPI,Gold,,MC,Platinum,,RIAA,Platinum,,,,,1,,,,,,,,,,,,,,,,March,13,2,2,,3,,,,17,,14,,3,3,4,1,,,Columbia,3/1/1997,Nine Lives,1997
46,Aerosmith,,,,,,,BPI,Silver,,,,,RIAA,Platinum,,,,,1,,,,,,,,,,,,,,,,March,27,7,2,,6,,,,32,,,,19,3,7,2,,,Columbia,3/1/2001,Just Push Play,2001
47,Aerosmith,,,,,,,,,,,,,RIAA,Gold,,,,,1,,,,,,,,,,,,,,,,March,59,22,5,,32,,,,64,,,,38,17,28,5,,,Columbia,3/1/2004,Honkin' on Bobo,2004
48,Aerosmith,,,,,,,,,,MC,Gold,,,,,,,,1,,,,,,,,,,,,,,,,November,30,12,6,,7,,,,33,,,,11,5,14,5,,,Columbia,11/1/2012,Music from Another Dimension!,2012
49,Al Green,,,,,,,,,,,,,,,,,,,1,,,,,,,,,,,,,,,,January,,,,,,,,,,,,,,,,162,,37,Hot Line,1/1/1967,Back Up Train ,1967
50,Al Green,,,,,,,,,,,,,,,,,,,1,,,,,,,,,,,,,,,,January,,,28,,,,,,,,,,,,,19,,3,Hi,1/1/1969,Green Is Blues,1969
51,Al Green,,,,,,,,,,,,,,,,,,,1,,,,,,,,,,,,,,,,January,,,,,,,,,,,,,,,,58,,15,Hi,1/1/1971,Al Green Gets Next to You,1971
52,Al Green,,,,,,,,,,,,,RIAA,Gold,,,,,1,,,,,,,,,,,,,,,,January,,,26,,,,,,,,,,,,,8,,1,Hi,1/1/1972,Let's Stay Together,1972
53,Al Green,,,,,,,,,,,,,RIAA,Platinum,,,,,1,,,,,,,,,,,,,,,,January,,,27,,,,,,,,,,,,,4,,1,Hi,1/1/1972,I'm Still in Love with You,1972
54,Al Green,,,,,,,,,,,,,RIAA,Gold,,,,,1,,,,,,,,,,,,,,,,January,,,,,,,,,,,,,,,,10,,1,Hi,1/1/1973,Call Me,1973
55,Al Green,,,,,,,,,,,,,RIAA,Gold,,,,,1,,,,,,,,,,,,,,,,January,,,56,,,,,,,,,,,,,24,,1,Hi,1/1/1973,Livin' for You,1973
56,Al Green,,,,,,,,,,,,,RIAA,Gold,,,,,1,,,,,,,,,,,,,,,,January,,,16,,,,,,,,,,,,,15,,1,Hi,1/1/1974,Al Green Explores Your Mind,1974
57,Al Green,,,,,,,,,,,,,,,,,,,1,,,,,,,,,,,,,,,,January,,,,,,,,,,,,,,,,28,,1,Hi,1/1/1975,Al Green Is Love,1975
58,Al Green,,,,,,,,,,,,,,,,,,,1,,,,,,,,,,,,,,,,January,,,,,,,,,,,,,,,,59,,12,Hi,1/1/1976,Full of Fire,1976
59,Al Green,,,,,,,,,,,,,,,,,,,1,,,,,,,,,,,,,,,,January,,,,,,,,,,,,,,,,93,,12,Hi,1/1/1976,Have a Good Time,1976
60,Al Green,,,,,,,,,,,,,,,,,,,1,,,,,,,,,,,,,,,,January,,,,,,,,,,,,,,,,103,,29,Hi,1/1/1977,The Belle Album,1977
61,Al Green,,,,,,,,,,,,,,,,,,,1,,,,,,,,,,,,,,,,January,,,,,,,,,,,,,,,,,,44,Hi,1/1/1978,Truth n' Time,1978
62,Al Green,,,,,,,,,,,,,,,,,,,1,,,,,,,,,,,,,,,,January,,,,,,,,,,,,,,,,,,,Myrrh,1/1/1980,The Lord Will Make a Way,1980
63,Al Green,,,,,,,,,,,,,,,,,,,1,,,,,,,,,,,,,,,,January,,,,,,,,,,,,,,,,,,62,Myrrh,1/1/1981,Higher Plane,1981
64,Al Green,,,,,,,,,,,,,,,,,,,1,,,,,,,,,,,,,,,,January,,,,,,,,,,,,,,,,,,,Myrrh,1/1/1982,Precious Lord,1982
65,Al Green,,,,,,,,,,,,,,,,,,,1,,,,,,,,,,,,,,,,January,,,,,,,,,,,,,,,,,,,Myrrh,1/1/1983,I'll Rise Again,1983
66,Al Green,,,,,,,,,,,,,,,,,,,1,,,,,,,,,,,,,,,,January,,,,,,,,,,,,,,,,,,,Myrrh,1/1/1983,White Christmas,1983
67,Al Green,,,,,,,,,,,,,,,,,,,1,,,,,,,,,,,,,,,,January,,,,,,,,,,,,,,,,,,,Myrrh,1/1/1984,Trust in God,1984
68,Al Green,,,,,,,,,,,,,,,,,,,1,,,,,,,,,,,,,,,,January,,,,,,,,,,,,,,,,,,,A&M,1/1/1985,He Is the Light,1985
69,Al Green,,,,,,,,,,,,,,,,,,,1,,,,,,,,,,,,,,,,January,,,,,,,,,,,,,,,,131,,25,A&M,1/1/1987,Soul Survivor,1987
70,Al Green,,,,,,,,,,,,,,,,,,,1,,,,,,,,,,,,,,,,January,,,,,,,,,,,,,,,,,,60,A&M,1/1/1989,I Get Joy,1989
71,Al Green,,,,,,,,,,,,,,,,,,,1,,,,,,,,,,,,,,,,January,,,,,,,,,,,,,,,,,,,Word/Epic,1/1/1992,Love Is Reality,1992
72,Al Green,,,,,,,,,,,,,,,,,,,1,,,,,,,,,,,,,,,,January,,,,,,,,,,,,,41,,86,,,,RCA,1/1/1993,Don't Look Back,1993
73,Al Green,,,,,,,,,,,,,,,,,,,1,,,,,,,,,,,,,,,,January,,,,,,,,,,,,,,,,,,57,MCA,1/1/1995,Your Heart's in Good Hands,1995
74,Al Green,,,,,,,,,,,,,,,,,,,1,,,,,,,,,,,,,,,,January,,,,,,,,,,,,,60,,193,53,,9,Blue Note,1/1/2003,I Can't Stop,2003
75,Al Green,,,,,,,,,,,,,,,,,,,1,,,,,,,,,,,,,,,,January,,,,,,,,,,,,,,,,50,,19,Blue Note,1/1/2005,Everything's OK,2005
76,Al Green,,,,,,,,,,,,,,,,,,,1,,,,,,,,,,,,,,,,January,,54,,,,,,,,,,,44,,88,9,,3,Blue Note,1/1/2008,Lay It Down,2008
77,Albert King,,,,,,,,,,,,,,,,,,,1,,,,,,,,,,,,,,,,January,,,,,,,,,,,,,,,,133,,,Stax,1/1/1969,Years Gone By,1969
78,Albert King,,,,,,,,,,,,,,,,,,,1,,,,,,,,,,,,,,,,January,,,,,,,,,,,,,,,,171,,,Stax,1/1/1969,Jammed Together (with Steve Cropper & Pops Staples),1969
79,Albert King,,,,,,,,,,,,,,,,,,,1,,,,,,,,,,,,,,,,January,,,,,,,,,,,,,,,,,,,Stax,1/1/1970,Blues for Elvis - King Does the King's Things,1970
80,Albert King,,,,,,,,,,,,,,,,,,,1,,,,,,,,,,,,,,,,January,,,,,,,,,,,,,,,,188,,29,Stax,1/1/1971,Lovejoy,1971
81,Albert King,,,,,,,,,,,,,,,,,,,1,,,,,,,,,,,,,,,,January,,,,,,,,,,,,,,,,140,,11,Stax,1/1/1972,I'll Play the Blues for You,1972
82,Albert King,,,,,,,,,,,,,,,,,,,1,,,,,,,,,,,,,,,,January,,,,,,,,,,,,,,,,,,37,Stax,1/1/1974,I Wanna Get Funky,1974
83,Albert King,,,,,,,,,,,,,,,,,,,1,,,,,,,,,,,,,,,,January,,,,,,,,,,,,,,,,166,,26,Utopia,1/1/1976,Truckload of Lovin',1976
84,Albert King,,,,,,,,,,,,,,,,,,,1,,,,,,,,,,,,,,,,January,,,,,,,,,,,,,,,,,,54,Utopia,1/1/1976,Albert,1976
85,Albert King,,,,,,,,,,,,,,,,,,,1,,,,,,,,,,,,,,,,January,,,,,,,,,,,,,,,,,,,Tomato,1/1/1977,King Albert,1977
86,Albert King,,,,,,,,,,,,,,,,,,,1,,,,,,,,,,,,,,,,January,,,,,,,,,,,,,,,,,,,Stax,1/1/1977,The Pinch (re-released in 1992 as The Blues Don't Change),1977
87,Albert King,,,,,,,,,,,,,,,,,,,1,,,,,,,,,,,,,,,,January,,,,,,,,,,,,,,,,,,74,Tomato,1/1/1978,New Orleans Heat,1978
88,Albert King,,,,,,,,,,,,,,,,,,,1,,,,,,,,,,,,,,,,January,,,,,,,,,,,,,,,,,,,Fantasy,1/1/1983,San Francisco '83,1983
89,Albert King,,,,,,,,,,,,,,,,,,,1,,,,,,,,,,,,,,,,January,,,,,,,,,,,,,,,,,,,Fantasy,1/1/1984,"I'm in a Phone Booth, Baby",1984
90,Albert King,,,,,,,,,,,,,,,,,,,1,,,,,,,,,,,,,,,,January,,,,,,,,,,,,,,,,,,,Stax,1/1/1986,The Lost Session (archive release; recorded 1971; with John Mayall),1986
91,Alice Cooper,,,,,,,,,,,,,,,,,,,25,,,,,,,,,,,,,,,,June,,,,,,,,,,,,,,,,193,,,Straight,6/25/1969,Pretties for You,1969
92,Alice Cooper,,,,,,,,,,,,,,,,,,,1,,,,,,,,,,,,,,,,March,,,,,,,,,,,,,,,,,,,"Straight, Enigma Retro",3/1/1970,Easy Action,1970
93,Alice Cooper,,,,,,,,,,,,,RIAA,Platinum,,,,,9,,,,,,,,,,,,,,,,March,,,39,,,,,,,,,,,,28,35,,,"Straight, Warner Bros.",3/9/1971,Love It to Death,1971
94,Alice Cooper,,,,,,,,,,,,,RIAA,Platinum,,,,,9,,,,,,,,,,,,,,,,November,,,11,,,,,,,,,,,,27,21,,,Warner Bros.,11/9/1971,Killer,1971
95,Alice Cooper,,,,,,,BPI,Silver,,,,,RIAA,Platinum,,,,,13,,,,,,,,,,,,,,,,June,5,8,1,,3,,,,,8,,,8,,4,2,,,Warner Bros.,6/13/1972,School's Out,1972
96,Alice Cooper,ARIA,Gold,,,,,,,,MC,Gold,,RIAA,Platinum,,,,,27,,,,,,,,,,,,,,,,February,4,4,2,,9,,,,,6,,,2,,1,1,,,Warner Bros.,2/27/1973,Billion Dollar Babies,1973
97,Alice Cooper,,,,,,,,,,,,,RIAA,Gold,,,,,20,,,,,,,,,,,,,,,,November,36,,4,,,,,,,,,,4,,34,10,,,Warner Bros.,11/20/1973,Muscle of Love,1973
98,Alice Cooper,ARIA,Platinum,,,,,BPI,Silver,,MC,Platinum,,RIAA,Platinum,,,,,28,,,,,,,,,,,,,,,,February,5,,2,,,,,,,,24,,,,19,5,,,Atlantic,2/28/1975,Welcome to My Nightmare,1975
99,Alice Cooper,,,,,,,,,,MC,Platinum,,RIAA,Gold,,,,,25,,,,,,,,,,,,,,,,June,4,,23,,,,,,,,,,47,,23,27,,,Warner Bros.,6/25/1976,Alice Cooper Goes to Hell,1976
100,Alice Cooper,ARIA,Platinum,,,,,,,,,,,,,,,,,29,,,,,,,,,,,,,,,,April,3,,27,,,,,,,,32,,43,,33,42,,,Warner Bros.,4/29/1977,Lace and Whiskey,1977
101,Alice Cooper,,,,,,,,,,,,,,,,,,,1,,,,,,,,,,,,,,,,December,12,,60,,,,,,,,14,,,,68,60,,,Warner Bros.,12/1/1978,From the Inside,1978
102,Alice Cooper,,,,,,,,,,MC,Gold,,,,,,,,28,,,,,,,,,,,,,,,,April,32,,19,,,,,,,32,40,,34,,56,44,,,Warner Bros.,4/28/1980,Flush the Fashion,1980
103,Alice Cooper,,,,,,,,,,,,,,,,,,,1,,,,,,,,,,,,,,,,September,76,,,,,,,,,,,,,,96,125,,,Warner Bros.,9/1/1981,Special Forces,1981
104,Alice Cooper,,,,,,,,,,,,,,,,,,,25,,,,,,,,,,,,,,,,August,,,94,,,,,,,,,,,,,,,,Warner Bros.,8/25/1982,Zipper Catches Skin,1982
105,Alice Cooper,,,,,,,,,,,,,,,,,,,28,,,,,,,,,,,,,,,,September,,,,,,,,,,,,,,,93,,,,Warner Bros.,9/28/1983,DaDa,1983
106,Alice Cooper,,,,,,,,,,MC,Gold,,,,,,,,24,,,,,,,,,,,,,,,,September,94,,,,,,,,,,,,17,,41,59,,,MCA,9/24/1986,Constrictor,1986
107,Alice Cooper,,,,,,,,,,MC,Gold,,,,,,,,1,,,,,,,,,,,,,,,,October,,,66,,,,,,,,,,15,,48,73,,,MCA,10/1/1987,Raise Your Fist and Yell,1987
108,Alice Cooper,ARIA,Platinum,,,,,,,,MC,Platinum,,RIAA,Platinum,,,,,25,,,,,,,,,,,,,,,,July,5,4,19,,16,,,,,4,6,,6,10,2,20,,,Epic,7/25/1989,Trash,1989
109,Alice Cooper,,,,,,,BPI,Silver,,MC,Platinum,,RIAA,Gold,,,,,2,,,,,,,,,,,,,,,,July,15,5,23,,7,,,,,6,22,,9,7,4,47,,,Epic,7/2/1991,Hey Stoopid,1991
110,Alice Cooper,,,,,,,,,,,,,,,,,,,12,,,,,,,,,,,,,,,,July,15,24,70,,18,,,,,20,,,19,13,6,68,,,Epic,7/12/1994,The Last Temptation,1994
111,Alice Cooper,,,,,,,,,,,,,,,,,,,6,,,,,,,,,,,,,,,,June,,49,,,23,,,,,,,,31,66,38,193,,,Spitfire,6/6/2000,Brutal Planet,2000
112,Alice Cooper,,,,,,,,,,,,,,,,,,,18,,,,,,,,,,,,,,,,September,182,75,,142,54,,,,,,,,41,98,87,197,,,Spitfire,9/18/2001,Dragontown,2001
113,Alice Cooper,,,,,,,,,,,,,,,,,,,23,,,,,,,,,,,,,,,,September,,72,,,78,,,,,,,,59,,112,184,,,Eagle,9/23/2003,The Eyes of Alice Cooper,2003
114,Alice Cooper,,,,,,,,,,,,,,,,,,,4,,,,,,,,,,,,,,,,July,,66,,159,71,,,,,,,,40,,89,169,,,Eagle Rock/Spitfire,7/4/2005,Dirty Diamonds,2005
115,Alice Cooper,,,,,,,,,,,,,,,,,,,29,,,,,,,,,,,,,,,,July,147,37,19,101,26,,,,,33,,,25,37,31,53,,,Steamhammer/SPV,7/29/2008,Along Came a Spider,2008
116,Alice Cooper,,,,,,,,,,,,,,,,,,,13,,,,,,,,,,,,,,,,September,16,25,25,73,26,,60,,,23,23,,19,49,,22,,,Bigger Picture,9/13/2011,Welcome 2 My Nightmare,2011
117,Alice Cooper,,,,,,,,,,,,,,,,,,,28,,,,,,,,,,,,,,,,July,4,8,17,57,4,,47,,,15,33,,6,3,6,32,,,earMusic,7/28/2017,Paranormal,2017
118,Alice Cooper,,,,,,,,,,,,,,,,,,,26,,,,,,,,,,,,,,,,February,3,3,56,37,1,,39,,,22,,,7,3,4,47,,,earMusic,2/26/2021,Detroit Stories,2021
119,Alice Cooper,,,,,,,,,,,,,,,,,,,25,,,,,,,,,,,,,,,,August,19,3,,,2,,,,,39,,,24,6,8,160,,,earMusic,8/25/2023,Road,2023
120,Aretha Franklin,,,,,,,,,,,,,,,,,,,1,,,,,,,,,,,,,,,,January,,,,,,,,,,,,,,,,,,,Columbia,1/1/1961,Aretha,1961
121,Aretha Franklin,,,,,,,,,,,,,,,,,,,1,,,,,,,,,,,,,,,,January,,,,,,,,,,,,,,,,,,,Columbia,1/1/1962,The Electrifying Aretha Franklin,1962
122,Aretha Franklin,,,,,,,,,,,,,,,,,,,1,,,,,,,,,,,,,,,,January,,,,,,,,,,,,,,,,69,,,Columbia,1/1/1962,"The Tender, the Moving, the Swinging Aretha Franklin",1962
123,Aretha Franklin,,,,,,,,,,,,,,,,,,,1,,,,,,,,,,,,,,,,January,,,,,,,,,,,,,,,,,,,Columbia,1/1/1963,Laughing on the Outside,1963
124,Aretha Franklin,,,,,,,,,,,,,,,,,,,1,,,,,,,,,,,,,,,,January,,,,,,,,,,,,,,,,,,,Columbia,1/1/1964,Unforgettable: A Tribute to Dinah Washington,1964
125,Aretha Franklin,,,,,,,,,,,,,,,,,,,1,,,,,,,,,,,,,,,,January,,,,,,,,,,,,,,,,84,,9,Columbia,1/1/1964,Runnin' Out of Fools,1964
126,Aretha Franklin,,,,,,,,,,,,,,,,,,,1,,,,,,,,,,,,,,,,January,,,,,,,,,,,,,,93,,101,,8,Columbia,1/1/1965,Yeah,1965
127,Aretha Franklin,,,,,,,,,,,,,,,,,,,1,,,,,,,,,,,,,,,,January,,,,,,,,,,,,,,,,132,,8,Columbia,1/1/1966,Soul Sister,1966
128,Aretha Franklin,,,,,,,,,,,,,,,,,,,1,,,,,,,,,,,,,,,,January,,,,,,,,,,,,,,,,,,,Columbia,1/1/1967,Take It Like You Give It,1967
129,Aretha Franklin,,,,,,,,,,,,,RIAA,Gold,,,,,1,,,,,,,,,,,,,,,,January,,,2,,,,,,,,,,,,36,2,,1,Atlantic,1/1/1967,I Never Loved a Man the Way I Love You,1967
130,Aretha Franklin,,,,,,,,,,,,,,,,,,,1,,,,,,,,,,,,,,,,January,,,18,,,,,,,,,,,,,5,,1,Atlantic,1/1/1967,Aretha Arrives,1967
131,Aretha Franklin,,,,,,,,,,,,,RIAA,Gold,,,,,1,,,,,,,,,,,,,,,,January,,,,,18,,,,,,,,,,25,2,,1,Atlantic,1/1/1968,Lady Soul,1968
132,Aretha Franklin,,,,,,,,,,,,,RIAA,Gold,,,,,1,,,,,,,,,,,,,,,,January,,,12,,26,,,,,,,,,,6,3,,1,Atlantic,1/1/1968,Aretha Now,1968
133,Aretha Franklin,,,,,,,,,,,,,,,,,,,1,,,,,,,,,,,,,,,,January,,,15,,,,,,,,,,,,9,15,,1,Atlantic,1/1/1969,Soul '69,1969
134,Aretha Franklin,,,,,,,,,,,,,,,,,,,1,,,,,,,,,,,,,,,,January,,,,,,,,,,,,,,,,,,29,Columbia,1/1/1969,Soft and Beautiful,1969
135,Aretha Franklin,,,,,,,,,,,,,,,,,,,1,,,,,,,,,,,,,,,,January,8,,18,,,,,,,,,,,,,17,,2,Atlantic,1/1/1970,This Girl's in Love with You,1970
136,Aretha Franklin,,,,,,,,,,,,,,,,,,,1,,,,,,,,,,,,,,,,January,25,,,,,,,,,,,,,,,25,,2,Atlantic,1/1/1970,Spirit in the Dark,1970
137,Aretha Franklin,,,,,,,,,,,,,RIAA,Gold,,,,,1,,,,,,,,,,,,,,,,January,53,,,,,,,,,,,,,,,11,,2,Atlantic,1/1/1972,"Young, Gifted and Black",1972
138,Aretha Franklin,,,,,,,,,,,,,,,,,,,1,,,,,,,,,,,,,,,,January,,,,,,,,,,,,,,,,30,,2,Atlantic,1/1/1973,Hey Now Hey (The Other Side of the Sky),1973
139,Aretha Franklin,,,,,,,,,,,,,,,,,,,1,,,,,,,,,,,,,,,,January,88,,15,,,,,,,,,,,,,14,,1,Atlantic,1/1/1974,Let Me in Your Life,1974
140,Aretha Franklin,,,,,,,,,,,,,,,,,,,1,,,,,,,,,,,,,,,,January,,,,,,,,,,,,,,,,57,,6,Atlantic,1/1/1974,With Everything I Feel in Me,1974
141,Aretha Franklin,,,,,,,,,,,,,,,,,,,1,,,,,,,,,,,,,,,,January,,,,,,,,,,,,,,,,83,,9,Atlantic,1/1/1975,You,1975
142,Aretha Franklin,,,,,,,,,,,,,,,,,,,1,,,,,,,,,,,,,,,,January,,,,,,,,,,,,,,,,49,,6,Atlantic,1/1/1977,Sweet Passion,1977
143,Aretha Franklin,,,,,,,,,,,,,,,,,,,1,,,,,,,,,,,,,,,,January,,,63,,,,,,,,,,,,,63,,12,Atlantic,1/1/1978,Almighty Fire,1978
144,Aretha Franklin,,,,,,,,,,,,,,,,,,,1,,,,,,,,,,,,,,,,January,,,,,,,,,,,,,,,,146,,25,Atlantic,1/1/1979,La Diva,1979
145,Aretha Franklin,,,,,,,,,,,,,,,,,,,1,,,,,,,,,,,,,,,,January,,,,,,,,,,,,,,,,47,,6,Arista,1/1/1980,Aretha,1980
146,Aretha Franklin,,,,,,,,,,,,,,,,,,,1,,,,,,,,,,,,,,,,January,,,,,,,,,,,,,,,,36,,4,Arista,1/1/1981,Love All the Hurt Away,1981
147,Aretha Franklin,,,,,,,,,,,,,RIAA,Gold,,,,,1,,,,,,,,,,,,,,,,January,,,,,,,,,,,,,,,,23,,1,Arista,1/1/1982,Jump to It,1982
148,Aretha Franklin,,,,,,,,,,,,,,,,,,,1,,,,,,,,,,,,,,,,January,,,,,,,,,,,,,,,,36,,4,Arista,1/1/1983,Get It Right,1983
149,Aretha Franklin,,,,,,,BPI,Silver,,MC,Platinum,,RIAA,Platinum,,,,,1,,,,,,,,,,,,,,,,January,15,,13,,46,,,,,,6,,,21,49,13,,3,Arista,1/1/1985,Who's Zoomin' Who?,1985
150,Aretha Franklin,,,,,,,,,,MC,Gold,,RIAA,Gold,,,,,1,,,,,,,,,,,,,,,,January,33,,56,,45,,,,,,20,,,23,51,32,,7,Arista,1/1/1986,Aretha,1986
151,Aretha Franklin,,,,,,,,,,,,,,,,,,,1,,,,,,,,,,,,,,,,January,86,,71,,61,,,,,,,,,19,46,55,,21,Arista,1/1/1989,Through the Storm,1989
152,Aretha Franklin,,,,,,,,,,,,,,,,,,,1,,,,,,,,,,,,,,,,January,,,56,,,,,,,,,,,26,,153,,28,Arista,1/1/1991,What You See Is What You Sweat,1991
153,Aretha Franklin,,,,,,,,,,,,,RIAA,Gold,,,,,1,,,,,,,,,,,,,,,,January,,,,59,,,,,,,,,,36,,30,,7,Arista,1/1/1998,A Rose Is Still a Rose,1998
154,Aretha Franklin,,,,,,,,,,,,,,,,,,,1,,,,,,,,,,,,,,,,January,,,,106,,,,,,,,,,,,33,,11,Arista,1/1/2003,So Damn Happy,2003
155,Aretha Franklin,,,,,,,,,,,,,,,,,,,1,,,,,,,,,,,,,,,,January,,,,,,,,,,,,,,,,102,,,DMI,1/1/2008,"This Christmas, Aretha",2008
156,Aretha Franklin,,,,,,,,,,,,,,,,,,,1,,,,,,,,,,,,,,,,January,,,,,,,,,,,,,,,,54,,15,Aretha,1/1/2011,Aretha: A Woman Falling Out of Love,2011
157,Aretha Franklin,,,,,,,,,,,,,,,,,,,1,,,,,,,,,,,,,,,,January,30,,,44,,,,,,,32,,,30,32,13,,3,RCA,1/1/2014,Aretha Franklin Sings the Great Diva Classics,2014
158,B.B. King,,,,,,,,,,,,,RIAA,Gold,,,,,1,,,,,,,,,,,,,,,,January,,,,,,,,,,,,,,,,,,,Crown,1/1/1956,Singin' the Blues,1956
159,B.B. King,,,,,,,,,,,,,,,,,,,1,,,,,,,,,,,,,,,,January,,,,,,,,,,,,,,,,,,,Crown,1/1/1958,The Blues,1958
160,B.B. King,,,,,,,,,,,,,,,,,,,1,,,,,,,,,,,,,,,,January,,,,,,,,,,,,,,,,,,,Crown,1/1/1959,B.B. King Wails,1959
161,B.B. King,,,,,,,,,,,,,,,,,,,10,,,,,,,,,,,,,,,,July,,,,,,,,,,,,,,,,,,,Crown,7/10/1959,Sings Spirituals,1959
162,B.B. King,,,,,,,,,,,,,,,,,,,1,,,,,,,,,,,,,,,,January,,,,,,,,,,,,,,,,,,,Crown,1/1/1960,The Great B. B. King,1960
163,B.B. King,,,,,,,,,,,,,,,,,,,16,,,,,,,,,,,,,,,,March,,,,,,,,,,,,,,,,,,,Crown,3/16/1960,King of the Blues,1960
164,B.B. King,,,,,,,,,,,,,,,,,,,1,,,,,,,,,,,,,,,,August,,,,,,,,,,,,,,,,,,,Crown,8/1/1960,My Kind of Blues,1960
165,B.B. King,,,,,,,,,,,,,,,,,,,1,,,,,,,,,,,,,,,,November,,,,,,,,,,,,,,,,,,,Crown,11/1/1961,More B.B. King,1961
166,B.B. King,,,,,,,,,,,,,,,,,,,1,,,,,,,,,,,,,,,,January,,,,,,,,,,,,,,,,,,,Crown,1/1/1962,Easy Listening Blues,1962
167,B.B. King,,,,,,,,,,,,,,,,,,,1,,,,,,,,,,,,,,,,January,,,,,,,,,,,,,,,,,,,Crown,1/1/1963,Blues in My Hear,1963
168,B.B. King,,,,,,,,,,,,,,,,,,,2,,,,,,,,,,,,,,,,October,,,,,,,,,,,,,,,,,,,Crown,10/2/1963,B.B. King,1963
169,B.B. King,,,,,,,,,,,,,,,,,,,1,,,,,,,,,,,,,,,,January,,,,,,,,,,,,,,,,,,,ABC-Paramount,1/1/1962,Mr. Blues,1962
170,B.B. King,,,,,,,,,,,,,,,,,,,1,,,,,,,,,,,,,,,,January,,,,,,,,,,,,,,,,,,,ABC-Paramount,1/1/1966,Confessin' the Blues,1966
171,B.B. King,,,,,,,,,,,,,,,,,,,1,,,,,,,,,,,,,,,,January,,,,,,,,,,,,,,,,,,46,ABC-Bluesway,1/1/1968,Blues on Top of Blues,1968
172,B.B. King,,,,,,,,,,,,,,,,,,,1,,,,,,,,,,,,,,,,January,,,,,,,,,,,,,,,,192,,,ABC-Bluesway,1/1/1968,Lucille,1968
173,B.B. King,,,,,,,,,,,,,,,,,,,1,,,,,,,,,,,,,,,,January,,,,,,,,,,,,,,,,56,,11,ABC-Bluesway,1/1/1969,Live & Well (Side B),1969
174,B.B. King,,,,,,,,,,,,,,,,,,,1,,,,,,,,,,,,,,,,January,,,,,,,,,,,,,,,,38,,5,ABC-Bluesway,1/1/1969,Completely Well,1969
175,B.B. King,,,,,,,,,,,,,,,,,,,1,,,,,,,,,,,,,,,,January,,,,,,,,,,,,,,,,26,,8,ABC,1/1/1970,Indianola Mississippi Seeds,1970
176,B.B. King,,,,,,,,,,,,,,,,,,,1,,,,,,,,,,,,,,,,January,,,,,,,,,,,,,,,,57,,15,ABC,1/1/1971,B.B. King in London,1971
177,B.B. King,,,,,,,,,,,,,,,,,,,1,,,,,,,,,,,,,,,,January,,,,,,,,,,,,,,,,53,,21,ABC,1/1/1972,L.A. Midnight,1972
178,B.B. King,,,,,,,,,,,,,,,,,,,1,,,,,,,,,,,,,,,,January,,,,,,,,,,,,,,,,65,,14,ABC,1/1/1972,Guess Who,1972
179,B.B. King,,,,,,,,,,,,,,,,,,,1,,,,,,,,,,,,,,,,January,,,,,,,,,,,,,,,,71,,13,ABC,1/1/1973,To Know You Is to Love You,1973
180,B.B. King,,,,,,,,,,,,,,,,,,,1,,,,,,,,,,,,,,,,January,,,,,,,,,,,,,,,,153,,27,ABC,1/1/1974,Friends,1974
181,B.B. King,,,,,,,,,,,,,,,,,,,1,,,,,,,,,,,,,,,,January,,,,,,,,,,,,,,,,,,,ABC,1/1/1975,Lucille Talks Back,1975
182,B.B. King,,,,,,,,,,,,,,,,,,,1,,,,,,,,,,,,,,,,January,,,,,,,,,,,,,,,,154,,34,ABC,1/1/1977,King Size,1977
183,B.B. King,,,,,,,,,,,,,,,,,,,1,,,,,,,,,,,,,,,,January,,,,,,,,,,,,,,,,124,,27,ABC,1/1/1978,Midnight Believer,1978
184,B.B. King,,,,,,,,,,,,,,,,,,,1,,,,,,,,,,,,,,,,January,,,,,,,,,,,,,,,,112,,22,MCA,1/1/1979,Take It Home,1979
185,B.B. King,,,,,,,,,,,,,,,,,,,1,,,,,,,,,,,,,,,,January,,,,,,,,,,,,,,,,131,,26,MCA,1/1/1981,There Must Be a Better World Somewhere,1981
186,B.B. King,,,,,,,,,,,,,,,,,,,1,,,,,,,,,,,,,,,,January,,,,,,,,,,,,,,,,179,,45,MCA,1/1/1982,Love Me Tender,1982
187,B.B. King,,,,,,,,,,,,,,,,,,,1,,,,,,,,,,,,,,,,January,,,,,,,,,,,,,,,,172,,38,MCA,1/1/1983,Blues 'N' Jazz,1983
188,B.B. King,,,,,,,,,,,,,,,,,,,1,,,,,,,,,,,,,,,,January,,,,,,,,,,,,,,,,,,31,MCA,1/1/1985,Six Silver Strings,1985
189,B.B. King,,,,,,,,,,,,,,,,,,,1,,,,,,,,,,,,,,,,January,,,,,,,,,,,,,,,,,,,MCA,1/1/1988,King of the Blues: 1989,1988
190,B.B. King,,,,,,,,,,,,,,,,,,,1,,,,,,,,,,,,,,,,January,,,,,,,,,,,,,,,,,,76,MCA,1/1/1991,There Is Always One More Time,1991
191,B.B. King,,,,,,,,,,,,,,,,,,,1,,,,,,,,,,,,,,,,January,,,,,,,,,,,,,,93,,182,,64,MCA,1/1/1993,Blues Summit,1993
192,B.B. King,,,,,,,,,,,,,,,,,,,1,,,,,,,,,,,,,,,,January,,,,,,,,,,,,,,,,,,,GRP,1/1/1994,Diane Schuur & B.B. King - Heart to Heart,1994
193,B.B. King,,,,,,,,,,,,,,,,,,,1,,,,,,,,,,,,,,,,January,95,,,,,,,,,,,,,,,,,,MCA,1/1/1995,Lucille & Friends,1995
194,B.B. King,,,,,,,,,,MC,Platinum,,RIAA,Gold,,,,,1,,,,,,,,,,,,,,,,January,67,,,,,,,,,,,,,33,,73,,,MCA,1/1/1997,Deuces Wild,1997
195,B.B. King,,,,,,,,,,,,,,,,,,,1,,,,,,,,,,,,,,,,January,,,,,,,,,,,,,,,,186,,,MCA,1/1/1998,Blues on the Bayou,1998
196,B.B. King,,,,,,,,,,,,,,,,,,,1,,,,,,,,,,,,,,,,January,,,,,,,,,,,,,,,,,,,MCA,1/1/1999,Let the Good Times Roll,1999
197,B.B. King,ARIA,Platinum,,,,,BPI,Gold,,MC,Platinum,,RIAA,Platinum,,SNEP,Gold,,1,,,,,,,,,,,,,,,,January,5,,,,,,,,,,,,,3,,3,,,Reprise Records,1/1/2000,B.B. King & Eric Clapton - Riding with the King,2000
198,B.B. King,,,,,,,,,,,,,,,,,,,1,,,,,,,,,,,,,,,,January,,,,,,,,,,,,,,,,,,,MCA,1/1/2000,Makin' Love Is Good for You,2000
199,B.B. King,,,,,,,,,,,,,,,,,,,1,,,,,,,,,,,,,,,,January,,,,,,,,,,,,,,,,151,,,MCA,1/1/2001,A Christmas Celebration of Hope,2001
200,B.B. King,,,,,,,,,,,,,,,,,,,1,,,,,,,,,,,,,,,,January,,,,,,,,,,,,,,,,165,,,MCA,1/1/2003,Reflections,2003
201,B.B. King,,,,,,,,,,,,,,,,,,,1,,,,,,,,,,,,,,,,January,,,,,,,,,,,,,,78,,45,,,Geffen,1/1/2005,B.B. King & Friends: 80,2005
202,B.B. King,,,,,,,,,,,,,,,,,,,1,,,,,,,,,,,,,,,,January,,,,,,,,,,,,,,78,,37,,,Geffen,1/1/2008,One Kind Favor,2008
203,Bad Company,,,,,,,BPI,Gold,,,,,RIAA,Platinum,,,,,24,,,,,,,,,,,,,,,,May,6,,1,,45,,,,,17,27,,,,3,1,,,"Island, Swan Song",5/24/1974,Bad Company,1974
204,Bad Company,,,,,,,BPI,Gold,,MC,Gold,,RIAA,Platinum,,,,,28,,,,,,,,,,,,,,,,March,8,,3,13,47,,,,19,6,13,,,,3,3,,,"Island, Swan Song",3/28/1975,Straight Shooter,1975
205,Bad Company,,,,,,,BPI,Gold,,,,,RIAA,Platinum,,,,,30,,,,,,,,,,,,,,,,January,9,,13,19,,,,,11,11,32,,23,,4,5,,,"Island, Swan Song",1/30/1976,Run with the Pack,1976
206,Bad Company,,,,,,,,,,,,,RIAA,Gold,,,,,3,,,,,,,,,,,,,,,,March,15,,16,,,,,,14,45,32,,32,,17,15,,,"Island, Swan Song",3/3/1977,Burnin' Sky,1977
207,Bad Company,ARIA,Gold,,,,,,,,,,,RIAA,Gold,,,,,7,,,,,,,,,,,,,,,,March,27,,6,29,,,,,27,7,32,,9,,10,3,,,Swan Song,3/7/1979,Desolation Angels,1979
208,Bad Company,,,,,,,,,,,,,,,,,,,12,,,,,,,,,,,,,,,,August,63,,26,,61,,,,,,32,,,,15,26,,,Swan Song,8/12/1982,Rough Diamonds,1982
209,Bad Company,,,,,,,,,,,,,,,,,,,1,,,,,,,,,,,,,,,,October,,,,,,,,,,,,,,,,106,,,Atlantic,10/1/1986,Fame and Fortune,1986
210,Bad Company,,,,,,,,,,,,,RIAA,Gold,,,,,15,,,,,,,,,,,,,,,,August,,,84,,,,,,,,,,,,,58,,,Atco,8/15/1988,Dangerous Age,1988
211,Bad Company,,,,,,,,,,MC,Gold,,RIAA,Platinum,,,,,12,,,,,,,,,,,,,,,,June,,,41,,,,,,,,,,,,,35,,,Atco,6/12/1990,Holy Water,1990
212,Bad Company,,,,,,,,,,MC,Gold,,RIAA,Gold,,,,,22,,,,,,,,,,,,,,,,September,,,37,,,,,,,,,,,,,40,,,Atco,9/22/1992,Here Comes Trouble,1992
213,Bad Company,,,,,,,,,,,,,,,,,,,6,,,,,,,,,,,,,,,,June,,,,,,,,,,,,,,,,159,,,East West,6/6/1995,Company of Strangers,1995
214,Bad Company,,,,,,,,,,,,,,,,,,,15,,,,,,,,,,,,,,,,October,,,,,,,,,,,,,,,,,,,East West,10/15/1996,Stories Told & Untold,1996
215,Beastie Boys,,,,,,,BPI,Gold,,MC,Platinum,,RIAA,Diamond,,,,,15,,8-Track,,,cassette,CD,,,,LP,,,,,,November,62,,5,,,,,,15,,12,,30,,7,1,,2,"Def Jam, Columbia",11/15/1986,Licensed to Ill,1986
216,Beastie Boys,,,,,,,BPI,Silver,,MC,Platinum,,RIAA,Platinum,,,,,25,,,,,cassette,CD,,,,LP,,,,,,July,65,,30,,,,,,30,,50,,38,,44,14,,24,Capitol,7/25/1989,Paul's Boutique,1989
217,Beastie Boys,,,,,,,BPI,Silver,,MC,Platinum,,RIAA,Platinum,,,,,21,,,,,cassette,CD,,,,LP,MiniDisc,,,,,April,74,,32,,,,,,,,37,,,,106,10,,37,Capitol,4/21/1992,Check Your Head,1992
218,Beastie Boys,,,,,,,BPI,Gold,,MC,Platinum,,RIAA,Platinum,,,,,23,,,,,cassette,CD,,,,LP,,,,,,May,8,,4,,11,,,,31,,6,,7,12,10,1,,2,Capitol,5/23/1994,Ill Communication,1994
219,Beastie Boys,ARIA,Platinum,,,,,BPI,Platinum,,MC,Platinum,,RIAA,Platinum,,,,,14,,,,,cassette,CD,,digital download,,LP,,,,,,July,1,,2,,1,,,,2,,1,,2,1,1,1,,,Capitol,7/14/1998,Hello Nasty,1998
220,Beastie Boys,ARIA,Gold,,,,,BPI,Gold,,MC,Platinum,,RIAA,Platinum,,,,,15,,,,,cassette,CD,,digital download,,LP,,,,,,June,2,,1,,3,,,,14,,4,,20,5,2,1,,1,Capitol,6/15/2004,To the 5 Boroughs,2004
221,Beastie Boys,,,,,,,,,,,,,,,,,,,26,,,,,,CD,,digital download,,LP,,,,,,June,42,,,,,,,,84,,,,,25,79,15,,,Capitol,6/26/2007,The Mix-Up,2007
222,Beastie Boys,,,,,,,,,,,,,,,,,,,3,,,,,,CD,,digital download,,LP,,,,,,May,7,,3,,3,,,,6,,17,,,3,9,2,,1,Capitol,5/3/2011,Hot Sauce Committee Part Two,2011
223,Bee Gees,,,,,,,,,,,,,,,,,,,1,,,,,,,,,,LP,,,,,,November,,,,,,,,,,,,,,,,,,,Leedon,11/1/1965,The Bee Gees Sing and Play 14 Barry Gibb Songs,1965
224,Bee Gees,,,,,,,,,,,,,,,,,,,1,,,,,,,,,,LP,,,,,,November,,,,,,,,,,,,,,,,,,,Spin,11/1/1966,Spicks and Specks,1966
225,Bee Gees,,,,,,,,,,,,,,,,,,,9,,,,,,,,,,LP,,,,,,August,10,,,,4,,,,,,,,,,8,7,,,Polydor/Atco,8/9/1967,Bee Gees' 1st,1967
226,Bee Gees,,,,,,,,,,,,,,,,,,,27,,8-track,,,,,,,,LP,,,,,,January,8,,,,1,,,,,,,,,,16,12,,,Polydor/Atco,1/27/1968,Horizontal,1968
227,Bee Gees,,,,,,,,,,,,,,,,,,,1,,8-track,,,,,,,,LP,,,,,,September,8,,10,,3,,,,,,,,,,4,17,,,Polydor/Atco,9/1/1968,Idea,1968
228,Bee Gees,,,,,,,,,,,,,,,,,,,30,,8-track,,,cassette,,,,,LP,,,,,,March,13,,7,,4,,,,9,,,,,,10,20,,,Polydor/Atco,3/30/1969,Odessa,1969
229,Bee Gees,,,,,,,,,,,,,,,,,,,1,,8-track,,,cassette,,,,,LP,,,,,,April,10,,37,,36,,,,,,,,,,57,94,,,Polydor/Atco,4/1/1970,Cucumber Castle,1970
230,Bee Gees,,,,,,,,,,,,,,,,,,,1,,8-track,,,cassette,,,,,LP,,,,,,November,22,,22,,,,,,,,,,,,,32,,,Polydor/Atco,11/1/1970,2 Years On,1970
231,Bee Gees,,,,,,,,,,,,,,,,,,,1,,8-track,,,cassette,,,,,LP,,,,,,September,8,,17,,,,,,,,,,,,,34,,,Polydor/Atco,9/1/1971,Trafalgar,1971
232,Bee Gees,,,,,,,,,,,,,,,,,,,1,,8-track,,,cassette,,,,,LP,,,,,,October,13,,50,,,,,,,,,,,,,35,,,Polydor/Atco,10/1/1972,To Whom It May Concern,1972
233,Bee Gees,,,,,,,,,,,,,,,,,,,19,,8-track,,,cassette,,,,,LP,,,,,,January,19,,54,,,,,,,,,,,,,69,,,RSO,1/19/1973,Life in a Tin Can,1973
234,Bee Gees,,,,,,,,,,,,,,,,,,,13,,8-track,,,cassette,,,,,LP,,,,,,May,20,,,,,,,,,,,,,,,178,,,RSO,5/13/1974,Mr. Natural,1974
235,Bee Gees,,,,,,,,,,MC,Platinum,,RIAA,Gold,,,,,1,,8-track,,,cassette,,,,,LP,,,,,,June,29,,1,,29,,,,,,36,,,,,14,,,RSO,6/1/1975,Main Course,1975
236,Bee Gees,,,,,,,,,,MC,Platinum,,RIAA,Platinum,,,,,13,,8-track,,,cassette,,,,,LP,,,,,,September,16,,3,,36,,,,,,6,,,,,8,,,RSO,9/13/1976,Children of the World,1976
237,Bee Gees,,,,,,,BPI,Platinum,,MC,Platinum,,RIAA,Platinum,,,,,5,,8-track,,,cassette,,,,,LP,,,,,,February,1,2,1,,1,,,,3,,1,,,,1,1,,,RSO,2/5/1979,Spirits Having Flown,1979
238,Bee Gees,,,,,,,,,,MC,Platinum,,,,,,,,1,,,,,cassette,CD,,,,LP,,,,,,October,30,,32,,37,,,,7,,13,,,,73,41,,,RSO,10/1/1981,Living Eyes,1981
239,Bee Gees,,,,BMVI,Gold,,BPI,Platinum,,,,,,,,,,,22,,,,,cassette,CD,,,,LP,,,,,,September,25,2,85,,1,,,,9,,44,,,1,5,96,,,Warner Bros.,9/22/1987,E S P,1987
240,Bee Gees,ARIA,Gold,,BMVI,Gold,,,,,,,,RIAA,Gold,,,,,10,,,,,cassette,CD,,,,LP,,,,,,April,29,23,46,,4,,,,22,,,,,6,29,68,,,Warner Bros.,4/10/1989,One,1989
241,Bee Gees,,,,BMVI,Platinum,,,,,,,,,,,,,,26,,,,,cassette,CD,,,,LP,,,,,,March,126,4,,,2,,,,21,,,,,6,24,,,,Warner Bros.,3/26/1991,High Civilization,1991
242,Bee Gees,,,,,,,BPI,Gold,,,,,,,,,,,14,,,,,cassette,CD,,,,LP,,,,,,September,117,6,,,12,,,,28,,,,,14,23,153,,,Polydor,9/14/1993,Size Isn't Everything,1993
243,Bee Gees,ARIA,Platinum,,BMVI,Platinum,,BPI,Gold,,MC,Platinum,,RIAA,Platinum,,,,,11,,,,,cassette,CD,,,,,,,,,,March,4,4,11,,2,,,,3,,1,,,1,2,11,,,Polydor,3/11/1997,Still Waters,1997
244,Bee Gees,ARIA,Gold,,BMVI,Gold,,BPI,Gold,,MC,Gold,,RIAA,Gold,,,,,2,,,,,cassette,CD,,,,,,,,,,April,16,6,10,,3,,,,15,,4,,,5,6,16,,,Polydor,4/2/2001,This Is Where I Came In,2001
245,Big Joe Turner,,,,,,,,,,,,,,,,,,,1,,,,,,,,,,,,,,,,January,,,,,,,,,,,,,,,,,,,Decca,1/1/1951,Kansas City Jazz,1951
246,Big Joe Turner,,,,,,,,,,,,,,,,,,,1,,,,,,,,,,,,,,,,January,,,,,,,,,,,,,,,,,,,EmArcy,1/1/1955,Joe Turner and Pete Johnson,1955
247,Big Joe Turner,,,,,,,,,,,,,,,,,,,1,,,,,,,,,,,,,,,,January,,,,,,,,,,,,,,,,,,,Atlantic,1/1/1956,The Boss of the Blues: Joe Turner Sings Kansas City Jazz,1956
248,Big Joe Turner,,,,,,,,,,,,,,,,,,,1,,,,,,,,,,,,,,,,January,,,,,,,,,,,,,,,,,,,Atlantic,1/1/1957,Joe Turner: Rock & Roll,1957
249,Big Joe Turner,,,,,,,,,,,,,,,,,,,1,,,,,,,,,,,,,,,,January,,,,,,,,,,,,,,,,,,,Atlantic,1/1/1958,Rockin' the Blues,1958
250,Big Joe Turner,,,,,,,,,,,,,,,,,,,1,,,,,,,,,,,,,,,,January,,,,,,,,,,,,,,,,,,,Savoy,1/1/1958,And The Blues'll Make You Happy Too,1958
251,Big Joe Turner,,,,,,,,,,,,,,,,,,,1,,,,,,,,,,,,,,,,January,,,,,,,,,,,,,,,,,,,Savoy,1/1/1958,Careless Love,1958
252,Big Joe Turner,,,,,,,,,,,,,,,,,,,1,,,,,,,,,,,,,,,,January,,,,,,,,,,,,,,,,,,,Atlantic,1/1/1959,Big Joe is Here,1959
253,Big Joe Turner,,,,,,,,,,,,,,,,,,,1,,,,,,,,,,,,,,,,January,,,,,,,,,,,,,,,,,,,Atlantic,1/1/1960,Big Joe Rides Again,1960
254,Big Joe Turner,,,,,,,,,,,,,,,,,,,1,,,,,,,,,,,,,,,,January,,,,,,,,,,,,,,,,,,,Arhoolie,1/1/1962,Jumpin' the Blues,1962
255,Big Joe Turner,,,,,,,,,,,,,,,,,,,1,,,,,,,,,,,,,,,,January,,,,,,,,,,,,,,,,,,,Crown,1/1/1964,Joe Turner and Jimmy Nelson,1963
256,Big Joe Turner,,,,,,,,,,,,,,,,,,,1,,,,,,,,,,,,,,,,January,,,,,,,,,,,,,,,,,,,Oriole,1/1/1964,"Sings The Blues, Vol. 1",1964
257,Big Joe Turner,,,,,,,,,,,,,,,,,,,1,,,,,,,,,,,,,,,,January,,,,,,,,,,,,,,,,,,,Oriole,1/1/1965,"Sings The Blues, Vol. 2",1965
258,Big Joe Turner,,,,,,,,,,,,,,,,,,,1,,,,,,,,,,,,,,,,January,,,,,,,,,,,,,,,,,,,Fontana,1/1/1965,Feel So Fine,1965
259,Big Joe Turner,,,,,,,,,,,,,,,,,,,1,,,,,,,,,,,,,,,,January,,,,,,,,,,,,,,,,,,,Orfeon,1/1/1966,Presenting Big Joe Turner,1966
260,Big Joe Turner,,,,,,,,,,,,,,,,,,,1,,,,,,,,,,,,,,,,January,,,,,,,,,,,,,,,,,,,ABC/BluesWay,1/1/1967,Singing the Blues,1967
261,Big Joe Turner,,,,,,,,,,,,,,,,,,,1,,,,,,,,,,,,,,,,January,,,,,,,,,,,,,,,,,,,BluesTime/Flying,1/1/1969,The Real Boss of the Blues,1969
262,Big Joe Turner,,,,,,,,,,,,,,,,,,,1,,,,,,,,,,,,,,,,January,,,,,,,,,,,,,,,,,,,BluesTime/Flying,1/1/1970,Super Black Blues,1970
263,Big Joe Turner,,,,,,,,,,,,,,,,,,,1,,,,,,,,,,,,,,,,January,,,,,,,,,,,,,,,,,,,BluesTime/Flying,1/1/1970,"Super Black Blues, Volume II",1970
264,Big Joe Turner,,,,,,,,,,,,,,,,,,,1,,,,,,,,,,,,,,,,January,,,,,,,,,,,,,,,,,,,Kent,1/1/1970,Turns On the Blues,1970
265,Big Joe Turner,,,,,,,,,,,,,,,,,,,1,,,,,,,,,,,,,,,,January,,,,,,,,,,,,,,,,,,,Black,1/1/1971,Texas Style,1971
266,Big Joe Turner,,,,,,,,,,,,,,,,,,,1,,,,,,,,,,,,,,,,January,,,,,,,,,,,,,,,,,,,Pablo,1/1/1972,"Flip, Flop & Fly, with Count Basie & His Orchestra",1972
267,Big Joe Turner,,,,,,,,,,,,,,,,,,,1,,,,,,,,,,,,,,,,January,,,,,,,,,,,,,,,,,,,LMI Records,1/1/1973,Boss Man of the Blues,1973
268,Big Joe Turner,,,,,,,,,,,,,,,,,,,1,,,,,,,,,,,,,,,,January,,,,,,,,,,,,,,,,,,,Pablo,1/1/1973,The Bosses,1973
269,Big Joe Turner,,,,,,,,,,,,,,,,,,,1,,,,,,,,,,,,,,,,January,,,,,,,,,,,,,,,,,,,Pablo,1/1/1974,Life Ain't Easy,1974
270,Big Joe Turner,,,,,,,,,,,,,,,,,,,1,,,,,,,,,,,,,,,,January,,,,,,,,,,,,,,,,,,,Pablo,1/1/1974,"The Trumpet Kings Meet Joe Turner, with Dizzy Gillespie, Roy Eldridge, Harry ""Sweets"" Edison, Clark Terry",1975
271,Big Joe Turner,,,,,,,,,,,,,,,,,,,1,,,,,,,,,,,,,,,,January,,,,,,,,,,,,,,,,,,,Pablo,1/1/1978,"Everyday I Have the Blues, with Pee Wee Crayton and Sonny Stitt",1978
272,Big Joe Turner,,,,,,,,,,,,,,,,,,,1,,,,,,,,,,,,,,,,January,,,,,,,,,,,,,,,,,,,Pablo,1/1/1976,"Nobody in Mind, with Milt Jackson and Roy Eldridge",1976
273,Big Joe Turner,,,,,,,,,,,,,,,,,,,1,,,,,,,,,,,,,,,,January,,,,,,,,,,,,,,,,,,,Pablo,1/1/1976,In the Evening,1976
274,Big Joe Turner,,,,,,,,,,,,,,,,,,,1,,,,,,,,,,,,,,,,January,,,,,,,,,,,,,,,,,,,Pablo,1/1/1980,The Midnight Special,1980
275,Big Joe Turner,,,,,,,,,,,,,,,,,,,1,,,,,,,,,,,,,,,,January,,,,,,,,,,,,,,,,,,,Pablo,1/1/1977,Things That I Used to Do,1977
276,Big Joe Turner,,,,,,,,,,,,,,,,,,,1,,,,,,,,,,,,,,,,January,,,,,,,,,,,,,,,,,,,RockBeat,1/1/2017,"San Francisco 1977, with Mike Bloomfield",2017
277,Big Joe Turner,,,,,,,,,,,,,,,,,,,1,,,,,,,,,,,,,,,,January,,,,,,,,,,,,,,,,,,,Spivey,1/1/1978,"I'm Gonna Sit Right Down and Write Myself a Letter, with the Bill Dacey-Robert Ross Band",1978
278,Big Joe Turner,,,,,,,,,,,,,,,,,,,1,,,,,,,,,,,,,,,,January,,,,,,,,,,,,,,,,,,,Pablo,1/1/1981,Have No Fear Joe Turner is Here,1981
279,Big Joe Turner,,,,,,,,,,,,,,,,,,,1,,,,,,,,,,,,,,,,January,,,,,,,,,,,,,,,,,,,Pablo,1/1/1991,Stormy Monday,1991
280,Big Joe Turner,,,,,,,,,,,,,,,,,,,1,,,,,,,,,,,,,,,,January,,,,,,,,,,,,,,,,,,,Pablo,1/1/1980,Kansas City Shout,1980
281,Big Joe Turner,,,,,,,,,,,,,,,,,,,1,,,,,,,,,,,,,,,,January,,,,,,,,,,,,,,,,,,,Telefunken,1/1/1981,"Boogie Woogie Jubilee, with Axel Zwingenberger",1981
282,Big Joe Turner,,,,,,,,,,,,,,,,,,,1,,,,,,,,,,,,,,,,January,,,,,,,,,,,,,,,,,,,Intermedia,1/1/1982,Rock This Joint,1982
283,Big Joe Turner,,,,,,,,,,,,,,,,,,,1,,,,,,,,,,,,,,,,January,,,,,,,,,,,,,,,,,,,Intermedia,1/1/1982,The Very Best of Big Joe Turner Live,1982
284,Big Joe Turner,,,,,,,,,,,,,,,,,,,1,,,,,,,,,,,,,,,,January,,,,,,,,,,,,,,,,,,,Intermedia,1/1/1982,Boss Blues Live!,1982
285,Big Joe Turner,,,,,,,,,,,,,,,,,,,1,,,,,,,,,,,,,,,,January,,,,,,,,,,,,,,,,,,,Intermedia,1/1/1982,Roll Me Baby,1982
286,Big Joe Turner,,,,,,,,,,,,,,,,,,,1,,,,,,,,,,,,,,,,January,,,,,,,,,,,,,,,,,,,RockBeat,1/1/2013,Live at the Music Machine 1983,2013
287,Big Joe Turner,,,,,,,,,,,,,,,,,,,1,,,,,,,,,,,,,,,,January,,,,,,,,,,,,,,,,,,,Muse,1/1/1983,"Blues Train, with Roomful of Blues",1983
288,Big Joe Turner,,,,,,,,,,,,,,,,,,,1,,,,,,,,,,,,,,,,January,,,,,,,,,,,,,,,,,,,Southland,1/1/1985,Big Joe Turner with Knocky Parker and His House Rockers,1985
289,Big Joe Turner,,,,,,,,,,,,,,,,,,,1,,,,,,,,,,,,,,,,January,,,,,,,,,,,,,,,,,,,Pablo,1/1/1984,Kansas City Here I Come,1984
290,Big Joe Turner,,,,,,,,,,,,,,,,,,,1,,,,,,,,,,,,,,,,January,,,,,,,,,,,,,,,,,,,Pablo,1/1/1985,"Patcha, Patcha, All Night Long, with Jimmy Witherspoon",1985
291,Bill Haley,,,,,,,,,,,,,,,,,,,1,,,,,,,,,,,,,,,,January,,,,,,,,,,,,,,,,,,,Decca,1/1/1956,Rock 'n' Roll Stage Show,1956
292,Bill Haley,,,,,,,,,,,,,,,,,,,1,,,,,,,,,,,,,,,,January,,,,,,,,,,,,,,,,,,,Decca,1/1/1957,Rockin' the Oldies,1957
293,Bill Haley,,,,,,,,,,,,,,,,,,,1,,,,,,,,,,,,,,,,January,,,,,,,,,,,,,,,,,,,Decca,1/1/1958,Rockin' Around the World,1958
294,Bill Haley,,,,,,,,,,,,,,,,,,,1,,,,,,,,,,,,,,,,January,,,,,,,,,,,,,,,,,,,Decca,1/1/1959,Bill Haley's Chicks,1959
295,Bill Haley,,,,,,,,,,,,,,,,,,,1,,,,,,,,,,,,,,,,January,,,,,,,,,,,,,,,,,,,Decca,1/1/1959,Strictly Instrumental,1959
296,Bill Haley,,,,,,,,,,,,,,,,,,,1,,,,,,,,,,,,,,,,January,,,,,,,,,,,,,,,,,,,Warner Bros.,1/1/1960,Bill Haley and His Comets,1960
297,Bill Haley,,,,,,,,,,,,,,,,,,,1,,,,,,,,,,,,,,,,January,,,,,,,,,,,,,,,,,,,Warner Bros.,1/1/1960,Haley's Juke Box,1960
298,Bill Haley,,,,,,,,,,,,,,,,,,,1,,,,,,,,,,,,,,,,January,,,,,,,,,,,,,,,,,,,Dimsa,1/1/1961,Twist,1961
299,Bill Haley,,,,,,,,,,,,,,,,,,,1,,,,,,,,,,,,,,,,January,,,,,,,,,,,,,,,,,,,Dimsa,1/1/1961,Bikini Twist,1961
300,Bill Haley,,,,,,,,,,,,,,,,,,,1,,,,,,,,,,,,,,,,January,,,,,,,,,,,,,,,,,,,Dimsa,1/1/1962,Twist Vol. 2,1962
301,Bill Haley,,,,,,,,,,,,,,,,,,,1,,,,,,,,,,,,,,,,January,,,,,,,,,,,,,,,,,,,Dimsa,1/1/1962,Twist en Mexico,1962
302,Bill Haley,,,,,,,,,,,,,,,,,,,1,,,,,,,,,,,,,,,,January,,,,,,,,,,,,,,,,,,,Orfeon,1/1/1963,Madison,1963
303,Bill Haley,,,,,,,,,,,,,,,,,,,1,,,,,,,,,,,,,,,,January,,,,,,,,,,,,,,,,,,,Orfeon,1/1/1963,Carnaval de Ritmos Modernos,1963
304,Bill Haley,,,,,,,,,,,,,,,,,,,1,,,,,,,,,,,,,,,,January,,,,,,,,,,,,,,,,,,,Guest Star,1/1/1964,Rock Around the Clock King,1964
305,Bill Haley,,,,,,,,,,,,,,,,,,,1,,,,,,,,,,,,,,,,January,,,,,,,,,,,,,,,,,,,Orfeon,1/1/1964,Surf Surf Surf,1964
306,Bill Haley,,,,,,,,,,,,,,,,,,,1,,,,,,,,,,,,,,,,January,,,,,,,,,,,,,,,,,,,Orfeon,1/1/1966,Whisky a Go-Go,1966
307,Bill Haley,,,,,,,,,,,,,,,,,,,1,,,,,,,,,,,,,,,,January,,,,,,,,,,,,,,,,,,,Dimsa,1/1/1966,Bill Haley a Go-Go,1966
308,Bill Haley,,,,,,,,,,,,,,,,,,,1,,,,,,,,,,,,,,,,January,,,,,,,,,,,,,,,,,,,Sonet,1/1/1968,Biggest Hits,1968
309,Bill Haley,,,,,,,,,,,,,,,,,,,1,,,,,,,,,,,,,,,,January,,,,,,,,,,,,,,,,,,,Sonet,1/1/1971,Rock Around the Country,1971
310,Bill Haley,,,,,,,,,,,,,,,,,,,1,,,,,,,,,,,,,,,,January,,,,,,,,,,,,,,,,,,,Sonet,1/1/1973,Just Rock 'n' Roll Music,1973
311,Bill Haley,,,,,,,,,,,,,,,,,,,1,,,,,,,,,,,,,,,,January,,,,,,,,,,,,,,,,,,,Sonet,1/1/1976,R-O-C-K,1976
312,Bill Haley,,,,,,,,,,,,,,,,,,,1,,,,,,,,,,,,,,,,January,,,,,,,,,,,,,,,,,,,Grassroots Records,1/1/1978,Golden Country Origins,1978
313,Bill Haley,,,,,,,,,,,,,,,,,,,1,,,,,,,,,,,,,,,,January,,,,,,,,,,,,,,,,,,,Sonet,1/1/1979,Everyone Can Rock and Roll,1979
314,Bill Withers,,,,,,,,,,,,,,,,,,,1,,,,,,CD,,digital download,,,,,,,,May,,,37,,,,,,,,,,,,,39,,9,Sussex Records,5/1/1971,Just as I Am,1971
315,Bill Withers,,,,,,,,,,,,,RIAA,Gold,,,,,1,,,,,,CD,,digital download,,,,,,,,May,,,71,,,,,,,,,,,,,4,,1,Sussex Records,5/1/1972,Still Bill,1972
316,Bill Withers,,,,,,,,,,,,,,,,,,,1,,,,,,CD,,digital download,,,,,,,,January,,,,,,,,,,,,,,,,67,,7,Sussex Records,1/1/1974,+'Justments,1974
317,Bill Withers,,,,,,,,,,,,,,,,,,,1,,,,,,CD,,digital download,,,,,,,,January,,,,,,,,,,,,,,,,81,,7,Columbia Records,1/1/1975,Making Music,1975
318,Bill Withers,,,,,,,,,,,,,,,,,,,1,,,,,,CD,,digital download,,,,,,,,January,,,,,,,,,,,,,,,,169,,41,Columbia Records,1/1/1976,Naked & Warm,1976
319,Bill Withers,,,,,,,,,,,,,RIAA,Gold,,,,,1,,,,,,CD,,digital download,,,,,,,,December,,,55,,,,,,,,,,,,27,39,,16,Columbia Records,12/1/1977,Menagerie,1977
320,Bill Withers,,,,,,,,,,,,,,,,,,,1,,,,,,CD,,digital download,,,,,,,,January,,,,,,,,,,,,,,,,134,,50,Columbia Records,1/1/1979,'Bout Love,1979
321,Bill Withers,,,,,,,,,,,,,,,,,,,1,,,,,,CD,,digital download,,,,,,,,January,,,,,,,,,,,,,,,60,143,,42,Columbia Records,1/1/1985,"Watching You, Watching Me",1985
322,Billy Joel,,,,,,,,,,,,,,,,,,,1,,8-Track,,,cassette,,,,,LP,,,,,,November,,,,,,,,44,,,,,,,95,158,,,Family Productions/Columbia,11/1/1971,Cold Spring Harbor,1971
323,Billy Joel,ARIA,Platinum,,,,,,,,MC,Platinum,,RIAA,Platinum,,,,,14,,8-Track,,,cassette,,,,,LP,,,,,,November,14,,26,,,,,112,,,,,,,98,27,,,Columbia,11/14/1973,Piano Man,1973
324,Billy Joel,,,,,,,,,,,,,RIAA,Platinum,,,,,11,,8-Track,,,cassette,,,,,LP,,,,,,October,85,,16,,,,,,,,,,,,,35,,,Columbia,10/11/1974,Streetlife Serenade,1974
325,Billy Joel,ARIA,Gold,,,,,,,,,,,RIAA,Platinum,,,,,19,,8-Track,,,cassette,,,,,LP,,,,,,May,12,,,,,,,286,,,,,,,,122,,,Columbia,5/19/1976,Turnstiles,1976
326,Billy Joel,ARIA,Platinum,,,,,BPI,Gold,,MC,Platinum,,RIAA,Diamond,,,,,29,,8-Track,,,cassette,,,,,LP,,,,,,September,2,,2,,,,,3,36,,2,,,,24,2,,,Columbia,9/29/1977,The Stranger,1977
327,Billy Joel,ARIA,Platinum,,,,,BPI,Gold,,MC,Platinum,,RIAA,Platinum,,,,,11,,8-Track,,,cassette,,,,,LP,,,,,,October,1,4,1,,19,,,9,33,5,1,,,,10,1,,,Columbia,10/11/1978,52nd Street,1978
328,Billy Joel,ARIA,Platinum,,,,,BPI,Gold,,MC,Platinum,,RIAA,Platinum,,,,,12,,8-Track,,,cassette,,,,,LP,,,,,,March,2,4,1,,24,,,6,20,2,6,,,,9,1,,,Columbia,3/12/1980,Glass Houses,1980
329,Billy Joel,ARIA,Platinum,,,,,,,,MC,Platinum,,RIAA,Platinum,,,,,23,,8-Track,,,cassette,,,,,LP,,,,,,September,4,20,12,,34,,,2,1,9,10,,,,27,7,,,Columbia,9/23/1982,The Nylon Curtain,1982
330,Billy Joel,ARIA,Gold,,,,,BPI,Platinum,,MC,Platinum,,RIAA,Platinum,,,,,8,,8-Track,,,cassette,,,,,LP,,,,,,August,3,,12,,36,,,3,14,9,1,,,,2,4,,,Columbia,8/8/1983,An Innocent Man,1983
331,Billy Joel,,,,,,,BPI,Silver,,MC,Platinum,,RIAA,Platinum,,,,,29,,8-Track,,,cassette,CD,,,,LP,,,,,,July,2,18,10,,34,,,2,20,13,12,,,,38,7,,,Columbia,7/29/1986,The Bridge,1986
332,Billy Joel,ARIA,Platinum,,,,,BPI,Platinum,,MC,Platinum,,RIAA,Platinum,,,,,17,,,,,cassette,CD,,,,LP,,,,,,October,1,10,4,,5,,,8,14,,9,,,,5,1,,,Columbia,10/17/1989,Storm Front,1989
333,Billy Joel,ARIA,Platinum,,,,,BPI,Platinum,,MC,Platinum,,RIAA,Platinum,,,,,10,,,,,cassette,CD,,,,LP,,,,,,August,1,2,6,,2,,,3,23,9,1,,,,3,1,,,Columbia,8/10/1993,River of Dreams,1993
334,Billy Joel,,,,,,,,,,,,,,,,,,,2,,,,,,CD,,digital download,,,,,,,,October,,,,,,,,,,,,,,,,83,,,"Columbia, Sony Classical",10/2/2001,Fantasies & Delusions,2001
335,Black Sabbath,,,,,,,BPI,Gold,,MC,Gold,,RIAA,Platinum,,,,,13,4-track,8-track,,,cassette,,,,,LP,,,reel-to-reel,,,February,8,,29,,8,,,,,,,,,,8,23,,,"Vertigo, Warner Bros.",2/13/1970,Black Sabbath,1970
336,Black Sabbath,ARIA,Gold,,,,,BPI,Platinum,,MC,Platinum,,RIAA,Platinum,,,,,18,,8-track,,,cassette,,,,,LP,,,reel-to-reel,,,September,4,,20,,2,,,,,5,,,6,48,1,12,,,"Vertigo, Warner Bros.",9/18/1970,Paranoid,1970
337,Black Sabbath,,,,,,,BPI,Gold,,MC,Platinum,,RIAA,Platinum,,,,,6,,8-track,,,cassette,,,,,LP,,,reel-to-reel,,,August,8,,6,,5,,,,,12,,,8,,5,8,,,"Vertigo, Warner Bros.",8/6/1971,Master of Reality,1971
338,Black Sabbath,,,,,,,BPI,Gold,,MC,Platinum,,RIAA,Platinum,,,,,1,,8-track,,,cassette,,,,,LP,,,reel-to-reel,,,September,1,,5,,8,,,,,7,,,7,17,8,13,,,"Vertigo, Warner Bros.",9/1/1972,Vol. 4,1972
339,Black Sabbath,,,,,,,BPI,Gold,,MC,Gold,,RIAA,Platinum,,,,,1,,8-track,,,cassette,,,,,LP,,,reel-to-reel,,,November,5,,17,,13,,,,,6,,,9,71,4,11,,,"Vertigo, WWA, Warner Bros.",11/1/1973,Sabbath Bloody Sabbath,1973
340,Black Sabbath,,,,,,,BPI,Silver,,,,,RIAA,Gold,,,,,28,,8-track,,,cassette,,,,,LP,,,,,,July,,,33,,17,,,,,6,,,11,25,7,28,,,"NEMS, Warner Bros.",7/28/1975,Sabotage,1975
341,Black Sabbath,,,,,,,,,,,,,RIAA,Gold,,,,,22,,8-track,,,cassette,,,,,LP,,,,,,October,,,38,,27,,,,,,,,33,81,13,51,,,"Vertigo, Warner Bros.",10/22/1976,Technical Ecstasy,1976
342,Black Sabbath,,,,,,,,,,,,,RIAA,Gold,,,,,29,,8-track,,,cassette,,,,,LP,,,,,,September,,,90,,,,,,,,,,37,,12,69,,,"Vertigo, Warner Bros.",9/29/1978,Never Say Die!,1978
343,Black Sabbath,,,,,,,BPI,Gold,,MC,Gold,,RIAA,Platinum,,,,,18,,8-track,,,cassette,,,,,LP,,,,,,April,,,23,,37,,,,,22,,,25,,9,28,,,"Vertigo, Warner Bros.",4/18/1980,Heaven and Hell,1980
344,Black Sabbath,,,,,,,BPI,Gold,,MC,Gold,,RIAA,Gold,,,,,4,,8-track,,,cassette,,,,,LP,,,,,,November,,,19,,83,,,,,,,,30,,12,29,,,"Vertigo, Warner Bros.",11/4/1981,Mob Rules,1981
345,Black Sabbath,,,,,,,BPI,Silver,,,,,,,,,,,9,,8-track,,,cassette,,,,,LP,,,,,,September,53,,37,,37,,,,,14,,,7,,4,39,,,"Vertigo, Warner Bros.",9/9/1983,Born Again,1983
346,Black Sabbath,,,,,,,,,,,,,,,,,,,28,,,,,cassette,CD,,,,LP,,,,,,January,88,,66,,51,,,,,17,,,11,,27,78,,,"Vertigo, Warner Bros.",1/28/1986,Seventh Star,1986
347,Black Sabbath,,,,,,,,,,,,,,,,,,,1,,,,,cassette,CD,,,,LP,,,,,,November,,,86,,,,,,,,,,,,66,168,,,"Vertigo, Warner Bros.",11/1/1987,The Eternal Idol,1987
348,Black Sabbath,,,,,,,,,,,,,,,,,,,17,,,,,cassette,CD,,,,LP,,,,,,April,,,,,18,,,,,,,,22,23,31,115,,,I.R.S.,4/17/1989,Headless Cross,1989
349,Black Sabbath,,,,,,,,,,,,,,,,,,,20,,,,,cassette,CD,,,,LP,,,,,,August,,,,,12,,,,,,,,24,24,24,,,,I.R.S.,8/20/1990,Tyr,1990
350,Black Sabbath,,,,,,,,,,,,,,,,,,,22,,,,,cassette,CD,,,,LP,,,,,,June,65,,36,,14,,,,,,,,12,13,28,44,,,I.R.S.,6/22/1992,Dehumanizer,1992
351,Black Sabbath,,,,,,,,,,,,,,,,,,,31,,,,,cassette,CD,,,,LP,,,,,,January,,,,,32,,,,,,,,9,41,41,122,,,I.R.S.,1/31/1994,Cross Purposes,1994
352,Black Sabbath,,,,,,,,,,,,,,,,,,,5,,,,,cassette,CD,,,,LP,,,,,,June,,,,,35,,,,,,,,19,48,71,,,,I.R.S.,6/5/1995,Forbidden,1995
353,Black Sabbath,,,,,,,BPI,Gold,,MC,Platinum,,,,,,,,10,,,,,,CD,,digital download,,LP,,,,,,June,4,,1,,1,,,,,1,,,1,1,1,1,,,Vertigo,6/10/2013,13,2013
354,Blondie,,,,,,,BPI,Gold,,,,,,,,,,,1,,8-track,,,cassette,CD,,,,LP,,,,,,December,14,,,,,,,,,,,,,,75,,,,"Private Stock, Chrysalis Records",12/1/1976,Blondie,1976
355,Blondie,,,,,,,BPI,Platinum,,,,,,,,,,,1,,8-track,,,cassette,CD,,,,LP,,,,,,September,64,,,,,,,,2,,38,,33,,10,72,,,Chrysalis,9/1/1977,Plastic Letters,1977
356,Blondie,,,,,,,BPI,Platinum,,MC,Platinum,,RIAA,Platinum,,,,,1,,8-track,,,cassette,CD,,,,LP,,,,,,September,2,24,2,,9,,,,7,16,3,,9,,1,6,,,Chrysalis,9/1/1978,Parallel Lines,1978
357,Blondie,ARIA,Platinum,,,,,BPI,Platinum,,MC,Platinum,,RIAA,Platinum,,,,,1,,8-track,,,cassette,CD,,,,LP,,,,,,September,9,19,6,,23,,,,16,6,3,,2,,1,17,,,Chrysalis,9/1/1979,Eat to the Beat,1979
358,Blondie,,,,,,,BPI,Platinum,,MC,Platinum,,RIAA,Platinum,,,,,1,,8-track,,,cassette,CD,,,,LP,,,,,,November,8,18,4,,42,,,,16,12,6,,11,,3,7,,,Chrysalis,11/1/1980,Autoamerican,1980
359,Blondie,ARIA,Gold,,,,,,,,,,,RIAA,Gold,,,,,1,,8-track,,,cassette,CD,,,,LP,,,,,,May,15,,24,,49,,,,19,19,27,,18,,9,33,,,Chrysalis,5/1/1982,The Hunter,1982
360,Blondie,,,,,,,BPI,Gold,,,,,,,,,,,1,,,,,cassette,CD,,,,,,,,,,February,72,20,34,,18,,,,80,,,,36,,3,18,,,Beyond,2/1/1999,No Exit,1999
361,Blondie,,,,,,,,,,,,,,,,,,,1,,,,,cassette,CD,,,,,,,,,,October,83,,,,84,,,,,,,,,,36,160,,,Sanctuary,10/1/2003,The Curse of Blondie,2003
362,Blondie,,,,,,,,,,,,,,,,,,,1,,,,,,CD,,digital download,,LP,,,,,,July,,,,,,,,,62,,,,,,73,,,,Five Seven,7/1/2011,Panic of Girls,2011
363,Blondie,,,,,,,BPI,Gold,,,,,,,,,,,1,,,,,,CD,,digital download,,LP,,,,,,May,72,,,,44,,,,,,,,,,16,109,,,"Five Seven, Noble ID, Caroline",5/1/2014,Blondie 4(0) Ever (Includes Greatest Hits Redux and Ghosts of Download),2014
364,Blondie,,,,,,,,,,,,,,,,,,,1,,,,,cassette,CD,,digital download,,LP,,,,,,May,29,27,,,21,,,,78,,,,,,4,63,,,BMG,5/1/2017,Pollinator,2017
365,Bo Diddley,,,,,,,,,,,,,,,,,,,1,,,,,,,,,,,,,,,,January,,,,,,,,,,,,,,,,,,,Chess,1/1/1958,Bo Diddley,1958
366,Bo Diddley,,,,,,,,,,,,,,,,,,,1,,,,,,,,,,,,,,,,July,,,,,,,,,,,,,,,,,,,Checker,7/1/1959,Go Bo Diddley,1959
367,Bo Diddley,,,,,,,,,,,,,,,,,,,1,,,,,,,,,,,,,,,,January,,,,,,,,,,,,,,,,,,,Checker,1/1/1960,Have Guitar Will Travel,1960
368,Bo Diddley,,,,,,,,,,,,,,,,,,,1,,,,,,,,,,,,,,,,January,,,,,,,,,,,,,,,,,,,Checker,1/1/1960,Bo Diddley in the Spotlight,1960
369,Bo Diddley,,,,,,,,,,,,,,,,,,,1,,,,,,,,,,,,,,,,December,,,,,,,,,,,,,,,,,,,Checker,12/1/1960,Bo Diddley is a Gunslinger,1960
370,Bo Diddley,,,,,,,,,,,,,,,,,,,1,,,,,,,,,,,,,,,,September,,,,,,,,,,,,,,,,,,,Checker,9/1/1961,Bo Diddley is a Lover,1961
371,Bo Diddley,,,,,,,,,,,,,,,,,,,1,,,,,,,,,,,,,,,,March,,,,,,,,,,,,,,,,,,,Checker,3/1/1962,Bo Diddley is a Twister,1962
372,Bo Diddley,,,,,,,,,,,,,,,,,,,1,,,,,,,,,,,,,,,,August,,,,,,,,,,,,,,,,,,,Checker,8/1/1962,Bo Diddley,1962
373,Bo Diddley,,,,,,,,,,,,,,,,,,,1,,,,,,,,,,,,,,,,January,,,,,,,,,,,,,,,,,,,Checker,1/1/1963,Bo Didley & Company,1963
374,Bo Diddley,,,,,,,,,,,,,,,,,,,1,,,,,,,,,,,,,,,,June,,,,,,,,,,,,,,,,,,,Checker,6/1/1963,Surfin' with Bo Diddley,1963
375,Bo Diddley,,,,,,,,,,,,,,,,,,,1,,,,,,,,,,,,,,,,August,,,,,,,,,,,,,,,,,,,Checker,8/1/1964,Two Great Guitars,1964
376,Bo Diddley,,,,,,,,,,,,,,,,,,,1,,,,,,,,,,,,,,,,January,,,,,,,,,,,,,,,,,,,Checker,1/1/1965,Hey! Good Lookin',1965
377,Bo Diddley,,,,,,,,,,,,,,,,,,,1,,,,,,,,,,,,,,,,January,,,,,,,,,,,,,,,,,,,Checker,1/1/1965,500% More Man,1965
378,Bo Diddley,,,,,,,,,,,,,,,,,,,1,,,,,,,,,,,,,,,,December,,,,,,,,,,,,,,,,,,,Checker,12/1/1966,The Originator,1966
379,Bo Diddley,,,,,,,,,,,,,,,,,,,1,,,,,,,,,,,,,,,,June,,,,,,,,,,,,,,,,,,,Checker,6/1/1967,Super Blues,1967
380,Bo Diddley,,,,,,,,,,,,,,,,,,,1,,,,,,,,,,,,,,,,February,,,,,,,,,,,,,,,,,,,Checker,2/1/1968,The Super Super Blues Band,1968
381,Bo Diddley,,,,,,,,,,,,,,,,,,,1,,,,,,,,,,,,,,,,July,,,,,,,,,,,,,,,,,,,Checker,7/1/1970,The Black Gladiator,1970
382,Bo Diddley,,,,,,,,,,,,,,,,,,,1,,,,,,,,,,,,,,,,May,,,,,,,,,,,,,,,,,,,Chess,5/1/1971,Another Dimension,1971
383,Bo Diddley,,,,,,,,,,,,,,,,,,,1,,,,,,,,,,,,,,,,May,,,,,,,,,,,,,,,,,,,Chess,5/1/1972,Where It All Began,1972
384,Bo Diddley,,,,,,,,,,,,,,,,,,,1,,,,,,,,,,,,,,,,January,,,,,,,,,,,,,,,,,,,Chess,1/1/1973,The London Bo Diddley Sessions,1973
385,Bo Diddley,,,,,,,,,,,,,,,,,,,1,,,,,,,,,,,,,,,,January,,,,,,,,,,,,,,,,,,,Chess,1/1/1974,Big Bad Bo,1974
386,Bo Diddley,,,,,,,,,,,,,,,,,,,1,,,,,,,,,,,,,,,,January,,,,,,,,,,,,,,,,,,,RCA Victor,1/1/1976,20th Anniversary of Rock & Roll,1976
387,Bo Diddley,,,,,,,,,,,,,,,,,,,1,,,,,,,,,,,,,,,,January,,,,,,,,,,,,,,,,,,,BoKey,1/1/1983,Ain't It Good To Be Free,1983
388,Bo Diddley,,,,,,,,,,,,,,,,,,,1,,,,,,,,,,,,,,,,January,,,,,,,,,,,,,,,,,,,Triple X,1/1/1989,Breakin' Through the B.S.,1989
389,Bo Diddley,,,,,,,,,,,,,,,,,,,1,,,,,,,,,,,,,,,,January,,,,,,,,,,,,,,,,,,,New Rose,1/1/1989,Living Legend,1989
390,Bo Diddley,,,,,,,,,,,,,,,,,,,1,,,,,,,,,,,,,,,,January,,,,,,,,,,,,,,,,,,,Triple X,1/1/1992,This Should Not Be,1992
391,Bo Diddley,,,,,,,,,,,,,,,,,,,21,,,,,,,,,,,,,,,,May,,,,,,,,,,,,,,,,,,,Atlantic,5/21/1996,A Man Amongst Men,1996
392,Bob Dylan,,,,,,,BPI,Silver,,,,,,,,,,,19,,,,,,,,,,,,,,,,March,,,,,39,,,,,,,,,,13,,,,Columbia,3/19/1962,Bob Dylan,1962
393,Bob Dylan,,,,,,,BPI,Gold,,,,,RIAA,Platinum,,,,,27,,,,,,,,,,,,,,,,May,,,,27,,,,,,,,,,,1,22,,,Columbia,5/27/1963,The Freewheelin' Bob Dylan,1963
394,Bob Dylan,,,,,,,BPI,Gold,,,,,RIAA,Gold,,,,,10,,,,,,,,,,,,,,,,February,,,,33,,,,,,,,,,,4,20,,,Columbia,2/10/1964,The Times They Are a-Changin',1964
395,Bob Dylan,,,,,,,BPI,Silver,,,,,RIAA,Gold,,,,,8,,,,,,,,,,,,,,,,August,,,,,24,,,,,,,,,,8,43,,,Columbia,8/8/1964,Another Side of Bob Dylan,1964
396,Bob Dylan,,,,,,,BPI,Gold,,,,,RIAA,Platinum,,,,,22,,,,,,,,,,,,,,,,March,,,,35,,,,,,,,,,,1,6,,,Columbia,3/22/1965,Bringing It All Back Home,1965
397,Bob Dylan,,,,,,,BPI,Platinum,,MC,Gold,,RIAA,Platinum,,,,,30,,,,,,,,,,,,,,,,August,,,,35,28,,,,,,,,,,4,3,,,Columbia,8/30/1965,Highway 61 Revisited,1965
398,Bob Dylan,,,,,,,BPI,Platinum,,,,,RIAA,Platinum,,,,,20,,,,,,,,,,,,,,,,June,4,,,30,,,,,,,,11,,,3,9,,,Columbia,6/20/1966,Blonde on Blonde,1966
399,Bob Dylan,,,,,,,BPI,Gold,,,,,RIAA,Platinum,,,,,27,,,,,,,,,,,,,,,,December,1,,,2,,,,,,,,7,,,1,2,,,Columbia,12/27/1967,John Wesley Harding,1967
400,Bob Dylan,,,,,,,BPI,Gold,,MC,Gold,,RIAA,Platinum,,,,,9,,,,,,,,,,,,,,,,April,2,,3,1,24,,,,2,2,,4,,,1,3,,,Columbia,4/9/1969,Nashville Skyline,1969
401,Bob Dylan,,,,,,,,,,,,,RIAA,Gold,,,,,8,,,,,,,,,,,,,,,,June,3,,4,,29,,,,3,3,,3,4,,1,4,,,Columbia,6/8/1970,Self Portrait,1970
402,Bob Dylan,,,,,,,,,,,,,RIAA,Gold,,,,,21,,,,,,,,,,,,,,,,October,4,,5,,,,,,3,8,,9,4,,1,7,,,Columbia,10/21/1970,New Morning,1970
403,Bob Dylan,,,,,,,,,,,,,RIAA,Gold,,,,,13,,,,,,,,,,,,,,,,July,28,,22,,,,,,,,,8,,,29,16,,,Columbia,7/13/1973,Pat Garrett & Billy the Kid,1973
404,Bob Dylan,,,,,,,BPI,Gold,,,,,RIAA,Gold,,,,,1,,,,,,,,,,,,,,,,November,,,13,,,,,,,,,,,,,17,,,Columbia,11/1/1973,Dylan,1973
405,Bob Dylan,,,,,,,BPI,Silver,,,,,RIAA,Gold,,,,,17,,,,,,,,,,,,,,,,January,21,,1,,34,,,,7,5,,6,6,,7,1,,,Asylum,1/17/1974,Planet Waves,1974
406,Bob Dylan,,,,,,,BPI,Platinum,,MC,Platinum,,RIAA,Platinum,,,,,20,,,,,,,,,,,,,,,,January,4,,1,11,45,,,,5,2,,3,6,,4,1,,,Columbia,1/20/1975,Blood on the Tracks,1975
407,Bob Dylan,,,,,,,BPI,Gold,,,,,RIAA,Gold,,,,,1,,,,,,,,,,,,,,,,June,,,22,8,,,,,,5,,6,,,8,7,,,Columbia,6/1/1975,The Basement Tapes,1975
408,Bob Dylan,,,,,,,BPI,Gold,,MC,Platinum,,RIAA,Platinum,,,,,5,,,,,,,,,,,,,,,,January,1,,3,1,11,,,,1,4,,1,16,,3,1,,,Columbia,1/5/1976,Desire,1976
409,Bob Dylan,ARIA,Platinum,,,,,BPI,Platinum,,MC,Platinum,,RIAA,Gold,,,,,15,,,,,,,,,,,,,,,,June,5,,4,4,16,,,,5,3,,2,4,,2,11,,,Columbia,6/15/1978,Street-Legal,1978
410,Bob Dylan,ARIA,Platinum,,,,,BPI,Silver,,MC,Platinum,,RIAA,Platinum,,,,,20,,,,,,,,,,,,,,,,August,1,,13,1,22,,,,5,1,,1,2,,2,3,,,Columbia,8/20/1979,Slow Train Coming,1979
411,Bob Dylan,,,,,,,BPI,Silver,,,,,,,,,,,20,,,,,,,,,,,,,,,,June,18,,30,3,41,,,,31,5,,9,9,,3,24,,,Columbia,6/20/1980,Saved,1980
412,Bob Dylan,ARIA,Gold,,,,,BPI,Silver,,,,,RIAA,Gold,,,,,12,,,,,,,,,,,,,,,,August,22,,,,50,,,,28,5,,15,8,,6,33,,,Columbia,8/12/1981,Shot of Love,1981
413,Bob Dylan,ARIA,Gold,,,,,BPI,Silver,,MC,Gold,,RIAA,Gold,,,,,27,,,,,,,,,,,,,,,,October,6,,14,22,31,,,,9,1,,16,3,,9,20,,,Columbia,10/27/1983,Infidels,1983
414,Bob Dylan,ARIA,Gold,,,,,,,,MC,Gold,,RIAA,Gold,,,,,8,,,,,,,,,,,,,,,,June,7,,21,,27,,,,14,7,,,5,,11,33,,,Columbia,6/8/1985,Empire Burlesque,1985
415,Bob Dylan,,,,,,,,,,,,,,,,,,,14,,,,,,,,,,,,,,,,July,27,,47,,50,,,,37,9,,,20,,35,54,,,Columbia,7/14/1986,Knocked Out Loaded,1986
416,Bob Dylan,,,,,,,,,,,,,,,,,,,31,,,,,,,,,,,,,,,,May,41,,46,,55,,,,,7,,,22,,32,61,,,Columbia,5/31/1988,Down in the Groove,1988
417,Bob Dylan,,,,,,,BPI,Gold,,,,,,,,,,,18,,,,,,,,,,,,,,,,September,26,,23,42,37,,,,58,6,,45,15,,6,30,,,Columbia,9/18/1989,Oh Mercy,1989
418,Bob Dylan,,,,,,,BPI,Silver,,,,,,,,,,,11,,,,,,,,,,,,,,,,September,39,,38,,52,,,,38,4,,,10,,13,38,,,Columbia,9/11/1990,Under the Red Sky,1990
419,Bob Dylan,,,,,,,,,,,,,,,,,,,3,,,,,,,,,,,,,,,,November,,,38,,68,,,,71,11,,,22,,18,51,,,Columbia,11/3/1992,Good as I Been to You,1992
420,Bob Dylan,,,,,,,,,,,,,,,,,,,26,,,,,,,,,,,,,,,,October,,,37,,,,,,,,,,39,,35,70,,,Columbia,10/26/1993,World Gone Wrong,1993
421,Bob Dylan,ARIA,Gold,,,,,BPI,Gold,,MC,Gold,,RIAA,Platinum,,,,,30,,,,,,,,,,,,,,,,September,24,,27,15,6,,,,28,2,,36,5,,10,10,,,Columbia,9/30/1997,Time Out of Mind,1997
422,Bob Dylan,,,,,,,BPI,Gold,,,,,RIAA,Gold,,,,,11,,,,,,,,,,,,,,,,September,6,,3,13,4,,,,16,1,,21,1,,3,5,,,Columbia,9/11/2001,"""Love and Theft""",2001
423,Bob Dylan,ARIA,Platinum,,,,,BPI,Platinum,,MC,Platinum,,RIAA,Platinum,,,,,29,,,,,,,,,,,,,,,,August,1,,1,17,2,,,,2,1,,5,2,,3,1,,,Columbia,8/29/2006,Modern Times,2006
424,Bob Dylan,,,,,,,BPI,Gold,,,,,,,,,,,28,,,,,,,,,,,,,,,,April,5,,4,9,2,,,,3,2,,4,1,,1,1,,,Columbia,4/28/2009,Together Through Life,2009
425,Bob Dylan,,,,,,,BPI,Silver,,,,,,,,,,,13,,,,,,,,,,,,,,,,October,,,33,119,37,,,,34,5,,54,6,,40,23,,,Columbia,10/13/2009,Christmas in the Heart,2009
426,Bob Dylan,,,,,,,BPI,Gold,,,,,,,,,,,11,,,,,,,,,,,,,,,,September,8,,4,6,2,,,,1,1,,2,1,,3,3,,,Columbia,9/11/2012,Tempest,2012
427,Bob Dylan,,,,,,,,,,,,,,,,,,,3,,,,,,,,,,,,,,,,February,8,,10,30,6,,,,2,1,,3,1,,1,7,,,Columbia,2/3/2015,Shadows in the Night,2015
428,Bob Dylan,,,,,,,,,,,,,,,,,,,20,,,,,,,,,,,,,,,,May,11,,24,35,7,,,,7,8,,4,5,,5,7,,,Columbia,5/20/2016,Fallen Angels,2016
429,Bob Dylan,,,,,,,,,,,,,,,,,,,1,,,,,,,,,,,,,,,,March,36,,57,40,7,,,,5,10,,7,3,,17,37,,,Columbia,3/1/2017,Triplicate,2017
430,Bob Dylan,,,,,,,BPI,Gold,,,,,,,,,,,1,,,,,,,,,,,,,,,,June,2,,14,4,1,,,,1,1,,5,3,,1,2,,,Columbia,6/1/2020,Rough and Rowdy Ways,2020
431,Bob Dylan,,,,,,,,,,,,,,,,,,,1,,,,,,,,,,,,,,,,June,56,,,82,10,,,,13,40,,27,22,,14,71,,,Columbia,6/1/2023,Shadow Kingdom,2023
432,Bob Marley,,,,,,,,,,,,,,,,,,,1,,,,,,,,,,,,,,,,January,,,,,,,,,,,,,,,,,,,Studio One,1/1/1965,The Wailing Wailers,1965
433,Bob Marley,,,,,,,,,,,,,,,,,,,1,,,,,,,,,,,,,,,,December,,,,,,,,,,,,,,,,,,,Upsetter/Trojan,12/1/1970,Soul Rebels,1970
434,Bob Marley,,,,,,,,,,,,,,,,,,,1,,,,,,,,,,,,,,,,January,,,,,,,,,,,,,,,,,,,Upsetter/Trojan,1/1/1971,Soul Revolution Part II,1971
435,Bob Marley,,,,,,,,,,,,,,,,,,,1,,,,,,,,,,,,,,,,August,,,,,,,,,,,41,,,,,,,,Beverley's,8/1/1971,The Best of the Wailers,1971
436,Bob Marley,,,,,,,BPI,Gold,,,,,,,,,,,13,,,,,,,,,,,,,,,,April,,,,,,,,,,,,,,,,171,,51,Island/Tuff Gong,4/13/1973,Catch a Fire,1973
437,Bob Marley,,,,,,,BPI,Silver,,,,,RIAA,Gold,,,,,19,,,,,,,,,,,,,,,,October,,,,,,,,,,,,,,,,151,,41,Island/Tuff Gong,10/19/1973,Burnin',1973
438,Bob Marley,,,,,,,BPI,Gold,,,,,,,,,,,25,,,,,,,,,,,,,,,,October,98,,,,,,,,,,44,,,,43,92,,44,Island/Tuff Gong,10/25/1974,Natty Dread,1974
439,Bob Marley,,,,,,,BPI,Gold,,,,,RIAA,Gold,,,,,30,,,,,,,,,,,,,,,,April,68,,,,,,,,,14,26,,45,,15,8,,11,Island/Tuff Gong,4/30/1976,Rastaman Vibration,1976
440,Bob Marley,,,,,,,BPI,Gold,,,,,RIAA,Gold,,,,,3,,,,,,,,,,,,,,,,June,88,21,,,,,,,,12,12,,14,,8,20,,15,Island/Tuff Gong,6/3/1977,Exodus,1977
441,Bob Marley,ARIA,Platinum,,,,,BPI,Gold,,,,,RIAA,Gold,,,,,23,,,,,,,,,,,,,,,,March,5,,,,,,,,,6,6,,14,,4,50,,50,Island/Tuff Gong,3/23/1978,Kaya,1978
442,Bob Marley,,,,,,,,,,,,,,,,,,,2,,,,,,,,,,,,,,,,October,32,,,,,,,,,10,14,,17,,20,70,,32,Island/Tuff Gong,10/2/1979,Survival,1979
443,Bob Marley,,,,,,,BPI,Gold,,,,,RIAA,Gold,,,,,10,,,,,,,,,,,,,,,,June,46,6,,,,,,,,6,1,,3,,6,45,,41,Island/Tuff Gong,6/10/1980,Uprising,1980
444,Bob Marley,,,,,,,,,,,,,RIAA,Gold,,,,,23,,,,,,,,,,,,,,,,May,11,18,,,,,,,,12,6,,16,,5,55,,31,Island/Tuff Gong,5/23/1983,Confrontation,1983
445,Bob Seger,,,,,,,,,,,,,,,,,,,1,,8-track,,,cassette,CD,,,,LP,,,,,,January,,,,,,,,,,,,,,,,62,,,Capitol,1/1/1969,Ramblin' Gamblin' Man,1969
446,Bob Seger,,,,,,,,,,,,,,,,,,,1,,8-track,,,cassette,,,,,LP,,,,,,September,,,,,,,,,,,,,,,,,,,Capitol,9/1/1969,Noah,1969
447,Bob Seger,,,,,,,,,,,,,,,,,,,1,,8-track,,,cassette,CD,,,,LP,,,,,,August,,,,,,,,,,,,,,,,171,,,Capitol,8/1/1970,Mongrel,1970
448,Bob Seger,,,,,,,,,,,,,,,,,,,1,,8-track,,,,,,,,LP,,,,,,October,,,,,,,,,,,,,,,,,,,Capitol,10/1/1971,Brand New Morning,1971
449,Bob Seger,,,,,,,,,,,,,,,,,,,1,,8-track,,,cassette,CD,,,,LP,,,,,,August,,,,,,,,,,,,,,,,180,,,Palladium,8/1/1972,Smokin' O.P.'s,1972
450,Bob Seger,,,,,,,,,,,,,,,,,,,1,,8-track,,,cassette,,,,,LP,,,,,,January,,,,,,,,,,,,,,,,188,,,Reprise,1/1/1973,Back in '72,1973
451,Bob Seger,,,,,,,,,,,,,,,,,,,1,,8-track,,,cassette,CD,,,,LP,,,,,,March,,,,,,,,,,,,,,,,,,,Reprise,3/1/1974,Seven,1974
452,Bob Seger,,,,,,,,,,,,,RIAA,Platinum,,,,,12,,8-track,,,cassette,CD,,,,LP,,,,,,April,,,,,,,,,,,,,,,,131,,,Capitol,4/12/1975,Beautiful Loser,1975
453,Bob Seger,,,,,,,,,,MC,Gold,,RIAA,Platinum,,,,,12,,,,,,CD,,digital download,,,,,,,,September,,,6,,,,,,,,,,,,,4,,,Capitol,9/12/2006,Face the Promise,2006
454,Bob Seger,,,,,,,,,,,,,,,,,,,14,,,,,,CD,,digital download,,LP,,,,,,October,,,12,,,,,,,,,,,,,3,,,Capitol,10/14/2014,Ride Out,2014
455,Bob Seger,,,,,,,,,,,,,,,,,,,17,,,,,,CD,,digital download,,LP,,,,,,November,,,69,,74,,,,,,,,,87,,25,,,Capitol,11/17/2017,I Knew You When,2017
456,Bob Seger,,,,,,,,,,MC,Platinum,,RIAA,Platinum,,,,,22,,8-track,,,cassette,CD,,,,LP,,,,,,October,13,,,,,,,,,,,,,,,8,,,Capitol,10/22/1976,Night Moves,1976
457,Bob Seger,,,,,,,BPI,Gold,,MC,Platinum,,RIAA,Platinum,,,,,15,,8-track,,,cassette,CD,,,,LP,,,,,,May,12,,,,28,,,,,,,,45,,31,4,,,Capitol,5/15/1978,Stranger in Town,1978
458,Bob Seger,,,,,,,,,,MC,Platinum,,RIAA,Platinum,,,,,27,,8-track,,,cassette,CD,,,,LP,,,,,,February,6,,,,17,,,,,38,,,11,,26,1,,,Capitol,2/27/1980,Against the Wind,1980
459,Bob Seger,,,,,,,,,,MC,Platinum,,RIAA,Platinum,,,,,13,,8-track,,,cassette,CD,,,,LP,,,,,,December,13,19,,,16,,,,,4,,,19,,45,5,,,Capitol,12/13/1982,The Distance,1982
460,Bob Seger,,,,,,,,,,MC,Platinum,,RIAA,Platinum,,,,,27,,,,,cassette,CD,,,,LP,,,,,,March,24,30,,,53,,,,,4,,,12,17,35,3,,,Capitol,3/27/1986,Like a Rock,1986
461,Bob Seger,,,,,,,,,,MC,Platinum,,RIAA,Platinum,,,,,27,,,,,cassette,CD,,,,LP,,,,,,August,99,33,,,,,,,,7,,,33,14,54,7,,,Capitol,8/27/1991,The Fire Inside,1991
462,Bob Seger,,,,,,,,,,MC,Gold,,RIAA,Gold,,,,,24,,,,,cassette,CD,,,,,,,,,,October,,,,,,,,,,,,,,,,27,,,Capitol,10/24/1995,It's a Mystery,1995
463,"Bobby ""Blue"" Bland",,,,,,,,,,,,,,,,,,,1,,,,,,,,,,,,,,,,May,,,,,,,,,,,,,,,,,,,Duke,5/1/1961,Two Steps from the Blues,1961
464,"Bobby ""Blue"" Bland",,,,,,,,,,,,,,,,,,,1,,,,,,,,,,,,,,,,June,,,,,,,,,,,,,,,,53,,,Duke,6/1/1962,Here's the Man!,1962
465,"Bobby ""Blue"" Bland",,,,,,,,,,,,,,,,,,,1,,,,,,,,,,,,,,,,June,,,,,,,,,,,,,,,,11,,,Duke,6/1/1963,Call on Me/That's the Way Love Is,1963
466,"Bobby ""Blue"" Bland",,,,,,,,,,,,,,,,,,,1,,,,,,,,,,,,,,,,January,,,,,,,,,,,,,,,,119,,,Duke,1/1/1964,Ain't Nothing You Can Do,1964
467,"Bobby ""Blue"" Bland",,,,,,,,,,,,,,,,,,,1,,,,,,,,,,,,,,,,January,,,,,,,,,,,,,,,,,,17,Duke,1/1/1966,The Soul of the Man,1966
468,"Bobby ""Blue"" Bland",,,,,,,,,,,,,,,,,,,1,,,,,,,,,,,,,,,,January,,,,,,,,,,,,,,,,,,38,Duke,1/1/1967,Touch of the Blues,1967
469,"Bobby ""Blue"" Bland",,,,,,,,,,,,,,,,,,,1,,,,,,,,,,,,,,,,January,,,,,,,,,,,,,,,,,,24,Duke,1/1/1969,Spotlighting the Man,1969
470,"Bobby ""Blue"" Bland",,,,,,,,,,,,,,,,,,,1,,,,,,,,,,,,,,,,January,,,,,,,,,,,,,,,,136,,3,Dunhill,1/1/1973,His California Album,1973
471,"Bobby ""Blue"" Bland",,,,,,,,,,,,,,,,,,,1,,,,,,,,,,,,,,,,January,,,,,,,,,,,,,,,,172,,5,Dunhill,1/1/1974,Dreamer,1974
472,"Bobby ""Blue"" Bland",,,,,,,,,,,,,,,,,,,1,,,,,,,,,,,,,,,,January,,,,,,,,,,,,,,,,154,,14,ABC,1/1/1975,Get On Down,1975
473,"Bobby ""Blue"" Bland",,,,,,,,,,,,,,,,,,,1,,,,,,,,,,,,,,,,January,,,,,,,,,,,,,,,,185,,47,ABC,1/1/1977,Reflections in Blue,1977
474,"Bobby ""Blue"" Bland",,,,,,,,,,,,,,,,,,,1,,,,,,,,,,,,,,,,January,,,,,,,,,,,,,,,,185,,31,ABC,1/1/1978,Come Fly with Me,1978
475,"Bobby ""Blue"" Bland",,,,,,,,,,,,,,,,,,,1,,,,,,,,,,,,,,,,January,,,,,,,,,,,,,,,,187,,34,MCA,1/1/1979,"I Feel Good, I Feel Fine",1979
476,"Bobby ""Blue"" Bland",,,,,,,,,,,,,,,,,,,1,,,,,,,,,,,,,,,,January,,,,,,,,,,,,,,,,,,29,MCA,1/1/1980,Sweet Vibrations,1980
477,"Bobby ""Blue"" Bland",,,,,,,,,,,,,,,,,,,1,,,,,,,,,,,,,,,,January,,,,,,,,,,,,,,,,,,52,MCA,1/1/1981,"Try Me, I'm Real",1981
478,"Bobby ""Blue"" Bland",,,,,,,,,,,,,,,,,,,1,,,,,,,,,,,,,,,,January,,,,,,,,,,,,,,,,,,22,MCA,1/1/1982,Here We Go Again,1982
479,"Bobby ""Blue"" Bland",,,,,,,,,,,,,,,,,,,1,,,,,,,,,,,,,,,,January,,,,,,,,,,,,,,,,,,50,MCA,1/1/1983,Tell Mr Bland,1983
480,"Bobby ""Blue"" Bland",,,,,,,,,,,,,,,,,,,1,,,,,,,,,,,,,,,,January,,,,,,,,,,,,,,,,,,35,MCA,1/1/1984,You've Got Me Loving You,1984
481,"Bobby ""Blue"" Bland",,,,,,,,,,,,,,,,,,,1,,,,,,,,,,,,,,,,January,,,,,,,,,,,,,,,,,,45,Malaco,1/1/1985,Members Only,1985
482,"Bobby ""Blue"" Bland",,,,,,,,,,,,,,,,,,,1,,,,,,,,,,,,,,,,January,,,,,,,,,,,,,,,,,,65,Malaco,1/1/1986,After All,1986
483,"Bobby ""Blue"" Bland",,,,,,,,,,,,,,,,,,,1,,,,,,,,,,,,,,,,January,,,,,,,,,,,,,,,,,,71,Malaco,1/1/1987,Blues You Can Use,1987
484,"Bobby ""Blue"" Bland",,,,,,,,,,,,,,,,,,,1,,,,,,,,,,,,,,,,January,,,,,,,,,,,,,,,,,,26,Malaco,1/1/1989,Midnight Run,1989
485,"Bobby ""Blue"" Bland",,,,,,,,,,,,,,,,,,,1,,,,,,,,,,,,,,,,January,,,,,,,,,,,,,,,,,,50,Malaco,1/1/1991,Portrait of the Blues,1991
486,"Bobby ""Blue"" Bland",,,,,,,,,,,,,,,,,,,1,,,,,,,,,,,,,,,,January,,,,,,,,,,,,,,,,,,80,Malaco,1/1/1993,Years of Tears,1993
487,"Bobby ""Blue"" Bland",,,,,,,,,,,,,,,,,,,1,,,,,,,,,,,,,,,,January,,,,,,,,,,,,,,,,,,,Malaco,1/1/1995,Sad Street,1995
488,"Bobby ""Blue"" Bland",,,,,,,,,,,,,,,,,,,1,,,,,,,,,,,,,,,,January,,,,,,,,,,,,,,,,,,,Malaco,1/1/1998,Memphis Monday Morning,1998
489,"Bobby ""Blue"" Bland",,,,,,,,,,,,,,,,,,,1,,,,,,,,,,,,,,,,January,,,,,,,,,,,,,,,,,,,Malaco,1/1/2003,Blues at Midnight,2003
490,Bobby Darin,,,,,,,,,,,,,,,,,,,1,,,,,,,,,,,,,,,,January,,,,,,,,,,,,,,,,,,,Atco,1/1/1958,Bobby Darin,1958
491,Bobby Darin,,,,,,,,,,,,,,,,,,,1,,,,,,,,,,,,,,,,January,,,,,,,,,,,,,,,15,7,,,Atco,1/1/1959,That's All,1959
492,Bobby Darin,,,,,,,,,,,,,,,,,,,1,,,,,,,,,,,,,,,,January,,,,,,,,,,,,,,,4,6,,,Atco,1/1/1960,This Is Darin,1960
493,Bobby Darin,,,,,,,,,,,,,,,,,,,1,,,,,,,,,,,,,,,,January,,,,,,,,,,,,,,,,,,,Atco,1/1/1960,For Teenagers Only,1960
494,Bobby Darin,,,,,,,,,,,,,,,,,,,1,,,,,,,,,,,,,,,,January,,,,,,,,,,,,,,,,,,,Atco,1/1/1960,The 25th Day of December,1960
495,Bobby Darin,,,,,,,,,,,,,,,,,,,1,,,,,,,,,,,,,,,,January,,,,,,,,,,,,,,,,,,,Atco,1/1/1961,Two of a Kind (with Johnny Mercer),1961
496,Bobby Darin,,,,,,,,,,,,,,,,,,,1,,,,,,,,,,,,,,,,January,,,,,,,,,,,,,,,,92,,,Atco,1/1/1961,Love Swings,1961
497,Bobby Darin,,,,,,,,,,,,,,,,,,,1,,,,,,,,,,,,,,,,January,,,,,,,,,,,,,,,,48,,,Atco,1/1/1961,Twist with Bobby Darin,1961
498,Bobby Darin,,,,,,,,,,,,,,,,,,,1,,,,,,,,,,,,,,,,January,,,,,,,,,,,,,,,,96,,,Atco,1/1/1962,Bobby Darin Sings Ray Charles,1962
499,Bobby Darin,,,,,,,,,,,,,,,,,,,1,,,,,,,,,,,,,,,,January,,,,,,,,,,,,,,,,45,,,Atco,1/1/1962,Things and Other Things,1962
500,Bobby Darin,,,,,,,,,,,,,,,,,,,1,,,,,,,,,,,,,,,,January,,,,,,,,,,,,,,,,100,,,Capitol,1/1/1962,Oh! Look at Me Now,1962
501,Bobby Darin,,,,,,,,,,,,,,,,,,,1,,,,,,,,,,,,,,,,January,,,,,,,,,,,,,,,,43,,,Capitol,1/1/1963,You're the Reason I'm Living,1963
502,Bobby Darin,,,,,,,,,,,,,,,,,,,1,,,,,,,,,,,,,,,,January,,,,,,,,,,,,,,,,,,,Atco,1/1/1963,It's You or No One,1963
503,Bobby Darin,,,,,,,,,,,,,,,,,,,1,,,,,,,,,,,,,,,,January,,,,,,,,,,,,,,,,98,,,Capitol,1/1/1963,18 Yellow Roses,1963
504,Bobby Darin,,,,,,,,,,,,,,,,,,,1,,,,,,,,,,,,,,,,January,,,,,,,,,,,,,,,,,,,Capitol,1/1/1963,Earthy!,1963
505,Bobby Darin,,,,,,,,,,,,,,,,,,,1,,,,,,,,,,,,,,,,January,,,,,,,,,,,,,,,,,,,Capitol,1/1/1963,Golden Folk Hits,1963
506,Bobby Darin,,,,,,,,,,,,,,,,,,,1,,,,,,,,,,,,,,,,January,,,,,,,,,,,,,,,,,,,Atco,1/1/1964,Winners,1964
507,Bobby Darin,,,,,,,,,,,,,,,,,,,1,,,,,,,,,,,,,,,,January,,,,,,,,,,,,,,,,107,,,Capitol,1/1/1964,From Hello Dolly to Goodbye Charlie,1964
508,Bobby Darin,,,,,,,,,,,,,,,,,,,1,,,,,,,,,,,,,,,,January,,,,,,,,,,,,,,,,132,,,Capitol,1/1/1965,Venice Blue,1965
509,Bobby Darin,,,,,,,,,,,,,,,,,,,1,,,,,,,,,,,,,,,,January,,,,,,,,,,,,,,,,,,,Atlantic,1/1/1966,Bobby Darin Sings The Shadow of Your Smile,1966
510,Bobby Darin,,,,,,,,,,,,,,,,,,,1,,,,,,,,,,,,,,,,January,,,,,,,,,,,,,,,,,,,Atlantic,1/1/1966,In a Broadway Bag (Mame),1966
511,Bobby Darin,,,,,,,,,,,,,,,,,,,1,,,,,,,,,,,,,,,,January,,,,,,,,,,,,,,,,142,,,Atlantic,1/1/1966,If I Were a Carpenter,1966
512,Bobby Darin,,,,,,,,,,,,,,,,,,,1,,,,,,,,,,,,,,,,January,,,,,,,,,,,,,,,,,,,Atlantic,1/1/1967,Inside Out,1967
513,Bobby Darin,,,,,,,,,,,,,,,,,,,1,,,,,,,,,,,,,,,,January,,,,,,,,,,,,,,,,,,,Atlantic,1/1/1967,Bobby Darin Sings Doctor Dolittle,1967
514,Bobby Darin,,,,,,,,,,,,,,,,,,,1,,,,,,,,,,,,,,,,January,,,,,,,,,,,,,,,,,,,Direction,1/1/1968,Bobby Darin Born Walden Robert Cassotto,1968
515,Bobby Darin,,,,,,,,,,,,,,,,,,,1,,,,,,,,,,,,,,,,January,,,,,,,,,,,,,,,,,,,Direction,1/1/1969,Commitment,1969
516,Bobby Darin,,,,,,,,,,,,,,,,,,,1,,,,,,,,,,,,,,,,January,,,,,,,,,,,,,,,,,,,Motown,1/1/1972,Bobby Darin,1972
517,Bobby Womack,,,,,,,,,,,,,,,,,,,1,,,,,,,,,,,,,,,,January,,,,,,,,,,,,,,,,174,,34,Minit,1/1/1969,Fly Me to the Moon,1969
518,Bobby Womack,,,,,,,,,,,,,,,,,,,1,,,,,,,,,,,,,,,,February,,,,,,,,,,,,,,,,,,44,Minit,2/1/1970,My Prescription,1970
519,Bobby Womack,,,,,,,,,,,,,,,,,,,15,,,,,,,,,,,,,,,,September,,,,,,,,,,,,,,,,83,,7,United Artists,9/15/1971,Communication,1971
520,Bobby Womack,,,,,,,,,,,,,,,,,,,30,,,,,,,,,,,,,,,,May,,,,,,,,,,,,,,,,43,,7,United Artists,5/30/1972,Understanding,1972
521,Bobby Womack,,,,,,,,,,,,,,,,,,,8,,,,,,,,,,,,,,,,June,,,,,,,,,,,,,,,,37,,6,United Artists,6/8/1973,Facts of Life,1973
522,Bobby Womack,,,,,,,,,,,,,,,,,,,11,,,,,,,,,,,,,,,,January,,,,,,,,,,,,,,,,85,,5,United Artists,1/11/1974,Lookin' for a Love Again,1974
523,Bobby Womack,,,,,,,,,,,,,,,,,,,28,,,,,,,,,,,,,,,,March,,,,,,,,,,,,,,,,126,,20,United Artists,3/28/1975,I Don't Know What the World Is Coming To,1975
524,Bobby Womack,,,,,,,,,,,,,,,,,,,27,,,,,,,,,,,,,,,,October,,,,,,,,,,,,,,,,147,,40,United Artists,10/27/1975,Safety Zone,1975
525,Bobby Womack,,,,,,,,,,,,,,,,,,,1,,,,,,,,,,,,,,,,January,,,,,,,,,,,,,,,,,,,United Artists,1/1/1976,BW Goes C&W,1976
526,Bobby Womack,,,,,,,,,,,,,,,,,,,1,,,,,,,,,,,,,,,,January,,,,,,,,,,,,,,,,,,,Columbia,1/1/1977,Home Is Where the Heart Is,1977
527,Bobby Womack,,,,,,,,,,,,,,,,,,,1,,,,,,,,,,,,,,,,January,,,,,,,,,,,,,,,,,,,Columbia,1/1/1978,Pieces,1978
528,Bobby Womack,,,,,,,,,,,,,,,,,,,1,,,,,,,,,,,,,,,,January,,,,,,,,,,,,,,,,,,55,Arista,1/1/1979,Roads of Life,1979
529,Bobby Womack,,,,,,,,,,,,,,,,,,,1,,,,,,,,,,,,,,,,January,,,,,,,,,,,,,,,,29,,1,Beverly Glen,1/1/1981,The Poet,1981
530,Bobby Womack,,,,,,,,,,,,,,,,,,,1,,,,,,,,,,,,,,,,January,,,,,,,,,,,,,,,31,60,,5,Beverly Glen,1/1/1984,The Poet II,1984
531,Bobby Womack,,,,,,,,,,,,,,,,,,,1,,,,,,,,,,,,,,,,January,,,,,,,,,,,,,,,28,66,,5,MCA,1/1/1985,So Many Rivers,1985
532,Bobby Womack,,,,,,,,,,,,,,,,,,,1,,,,,,,,,,,,,,,,January,,,,,,,,,,,,,,,,,,59,Beverly Glen,1/1/1985,Someday We'll All Be Free,1985
533,Bobby Womack,,,,,,,,,,,,,,,,,,,1,,,,,,,,,,,,,,,,January,,,,,,,,,,,,,,,,,,68,MCA,1/1/1986,Womagic,1986
534,Bobby Womack,,,,,,,,,,,,,,,,,,,1,,,,,,,,,,,,,,,,January,,,,,,,,,,,,,,,,,,,MCA,1/1/1987,The Last Soul Man,1987
535,Bobby Womack,,,,,,,,,,,,,,,,,,,1,,,,,,,,,,,,,,,,January,,,,,,,,,,,,,,,,,,,SOLAR,1/1/1989,Save the Children,1989
536,Bobby Womack,,,,,,,,,,,,,,,,,,,16,,,,,,,,,,,,,,,,August,,,,,,,,,,,,,,,87,,,91,Continuum,8/16/1994,Resurrection,1994
537,Bobby Womack,,,,,,,,,,,,,,,,,,,24,,,,,,,,,,,,,,,,August,,,,,,,,,,,,,,,,,,,Capitol,8/24/1999,Back to My Roots,1999
538,Bobby Womack,,,,,,,,,,,,,,,,,,,4,,,,,,,,,,,,,,,,November,,,,,,,,,,,,,,,,,,,Capitol,11/4/1999,Traditions,1999
539,Bobby Womack,,,,,,,,,,,,,,,,,,,1,,,,,,,,,,,,,,,,January,,,,,,,,,,,,,,,,,,,Indigo,1/1/2000,Christmas Album,2000
540,Bobby Womack,,,,,,,,,,,,,,,,,,,12,,,,,,,,,,,,,,,,June,,,,,,,,,,,,,,,49,181,,21,XL,6/12/2012,The Bravest Man in the Universe,2012
541,Bon Jovi,,,,,,,BPI,Silver,,MC,Gold,,RIAA,Platinum,,,,,21,,,,,,,,,,,,,,,,January,39,,,,,,,,,,,,,,71,43,,,Mercury,1/21/1984,Bon Jovi,1984
542,Bon Jovi,,,,,,,BPI,Silver,,MC,Platinum,,RIAA,Platinum,,,,,27,,,,,,,,,,,,,,,,March,30,,,,40,,,,,,,,10,11,28,37,,,Mercury,3/27/1985,7800° Fahrenheit,1985
543,Bon Jovi,ARIA,Platinum,,BMVI,Platinum,,BPI,Platinum,,MC,Platinum,,RIAA,Diamond,,,,,18,,,,,,,,,,,,,,,,August,1,2,1,,11,,,,,,,,3,1,6,1,,,Mercury,8/18/1986,Slippery When Wet,1986
544,Bon Jovi,ARIA,Platinum,,BMVI,Platinum,,BPI,Platinum,,MC,Platinum,,RIAA,Platinum,,,,,19,,,,,,,,,,,,,,,,September,1,5,3,,4,,,,,,,,1,1,1,1,,,Mercury,9/19/1988,New Jersey,1988
545,Bon Jovi,ARIA,Platinum,,BMVI,Platinum,,BPI,Platinum,,MC,Platinum,,RIAA,Platinum,,,,,3,,,,,,,,,,,,,,,,November,1,2,8,,2,,,,,,,,3,3,1,5,,,Mercury,11/3/1992,Keep the Faith,1992
546,Bon Jovi,ARIA,Platinum,,BMVI,Gold,,BPI,Platinum,,MC,Platinum,,RIAA,Platinum,,,,,27,,,,,,,,,,,,,,,,June,1,1,1,,1,,,,,,,,2,1,1,9,,,Mercury,6/27/1995,These Days,1995
547,Bon Jovi,ARIA,Platinum,,BMVI,Platinum,,BPI,Platinum,,MC,Platinum,,RIAA,Platinum,,,,,13,,,,,,,,,,,,,,,,June,1,1,4,,1,,,,,,,,2,1,1,9,,,Island,6/13/2000,Crush,2000
548,Bon Jovi,ARIA,Gold,,BMVI,Platinum,,BPI,Gold,,MC,Platinum,,RIAA,Gold,,,,,8,,,,,,,,,,,,,,,,October,5,3,3,,2,,,,,,,,4,2,2,2,,,Island,10/8/2002,Bounce,2002
549,Bon Jovi,ARIA,Platinum,,,,,BPI,Gold,,MC,Platinum,,RIAA,Platinum,,,,,20,,,,,,,,,,,,,,,,September,1,1,1,,1,,,,,,,,3,1,2,2,,,Island,9/20/2005,Have a Nice Day,2005
550,Bon Jovi,ARIA,Gold,,BMVI,Platinum,,BPI,Gold,,MC,Platinum,,RIAA,Platinum,,,,,19,,,,,,,,,,,,,,,,June,2,1,1,,1,,,,,,,,4,1,2,1,,,Island,6/19/2007,Lost Highway,2007
551,Bon Jovi,ARIA,Gold,,BMVI,Gold,,BPI,Gold,,MC,Platinum,,RIAA,Gold,,,,,10,,,,,,,,,,,,,,,,November,4,2,1,,1,,,,,,,,9,1,2,1,,,Island,11/10/2009,The Circle,2009
552,Bon Jovi,ARIA,Gold,,BMVI,Gold,,BPI,Silver,,MC,Gold,,RIAA,Gold,,,,,1,,,,,,,,,,,,,,,,March,1,1,1,,2,,,,,,,,1,3,2,1,,,Island,3/1/2013,What About Now,2013
553,Bon Jovi,,,,,,,,,,,,,,,,,,,21,,,,,,,,,,,,,,,,August,3,1,4,,1,,,,,,,,25,2,3,13,,,Mercury,8/21/2015,Burning Bridges,2015
554,Bon Jovi,ARIA,Gold,,,,,BPI,Silver,,,,,RIAA,Gold,,,,,4,,,,,,,,,,,,,,,,November,1,1,3,,3,,,,,,,,10,2,5,1,,,Island,11/4/2016,This House Is Not for Sale,2016
555,Bon Jovi,,,,,,,,,,,,,,,,,,,2,,,,,,,,,,,,,,,,October,3,2,19,,3,,,,,,,,3,3,5,19,,,Island,10/2/2020,2020,2020
556,Bon Jovi,,,,,,,,,,,,,,,,,,,7,,,,,,,,,,,,,,,,June,4,2,36,,2,,,,,,,,,1,3,5,,,Island,6/7/2024,Forever,2024
557,Bonnie Raitt,,,,,,,,,,,,,,,,,,,1,,,,,,,,,,,,,,,,January,,,,,,,,,,,,,,,,,,,Warner Bros,1/1/1971,Bonnie Raitt,1971
558,Bonnie Raitt,,,,,,,,,,,,,RIAA,Gold,,,,,1,,,,,,,,,,,,,,,,January,,,,,,,,,,,,,,,,138,,,Warner Bros,1/1/1972,Give It Up,1972
559,Bonnie Raitt,,,,,,,,,,,,,,,,,,,1,,,,,,,,,,,,,,,,January,,,,,,,,,,,,,,,,87,,,Warner Bros,1/1/1973,Takin' My Time,1973
560,Bonnie Raitt,,,,,,,,,,,,,,,,,,,1,,,,,,,,,,,,,,,,January,,,,,,,,,,,,,,,,80,,,Warner Bros,1/1/1974,Streetlights,1974
561,Bonnie Raitt,,,,,,,,,,,,,,,,,,,1,,,,,,,,,,,,,,,,January,,,,,,,,,,,,,,,,43,,,Warner Bros,1/1/1975,Home Plate,1975
562,Bonnie Raitt,,,,,,,,,,,,,RIAA,Gold,,,,,1,,,,,,,,,,,,,,,,January,,,,,,,,,,,,,,,,25,,,Warner Bros,1/1/1977,Sweet Forgiveness,1977
563,Bonnie Raitt,,,,,,,,,,,,,,,,,,,1,,,,,,,,,,,,,,,,January,,,,,,,,,,,,,,,,30,,,Warner Bros,1/1/1979,The Glow,1979
564,Bonnie Raitt,,,,,,,,,,,,,,,,,,,1,,,,,,,,,,,,,,,,January,,,,,,,,,,,,,,,,38,,,Warner Bros,1/1/1982,Green Light,1982
565,Bonnie Raitt,,,,,,,,,,,,,,,,,,,1,,,,,,,,,,,,,,,,January,,,,,,,,,,,,,,,,115,,,Warner Bros,1/1/1986,Nine Lives,1986
566,Bonnie Raitt,,,,,,,,,,MC,Platinum,,RIAA,Platinum,,,,,1,,,,,,,,,,,,,,,,January,58,,,,68,,,,,,,,,,51,1,,,Capitol,1/1/1989,Nick of Time,1989
567,Bonnie Raitt,,,,,,,,,,MC,Platinum,,RIAA,Platinum,,,,,1,,,,,,,,,,,,,,,,January,16,,,,55,,,,,,6,,37,16,38,2,,,Capitol,1/1/1991,Luck of the Draw,1991
568,Bonnie Raitt,,,,,,,,,,MC,Platinum,,RIAA,Platinum,,,,,1,,,,,,,,,,,,,,,,January,27,,,,70,,,,,,7,,36,40,26,1,,,Capitol,1/1/1994,Longing in Their Hearts,1994
569,Bonnie Raitt,,,,,,,,,,MC,Gold,,RIAA,Gold,,,,,1,,,,,,,,,,,,,,,,January,149,,,,,,,,,,,,,43,52,17,,,Capitol,1/1/1998,Fundamental,1998
570,Bonnie Raitt,,,,,,,,,,,,,RIAA,Gold,,,,,1,,,,,,,,,,,,,,,,January,,,,,,,,,,,,,,,,13,,,Capitol,1/1/2002,Silver Lining,2002
571,Bonnie Raitt,,,,,,,,,,,,,,,,,,,1,,,,,,,,,,,,,,,,January,,,,,,,,,,,,,,,,19,,,Capitol,1/1/2005,Souls Alike,2005
572,Bonnie Raitt,,,,,,,,,,,,,,,,,,,1,,,,,,,,,,,,,,,,January,,,14,,,,,,,,34,,49,,64,6,,,Redwing Records,1/1/2012,Slipstream,2012
573,Bonnie Raitt,,,,,,,,,,,,,,,,,,,1,,,,,,,,,,,,,,,,January,,,37,,76,,,,,,38,,50,80,35,11,,,Redwing Records,1/1/2016,Dig In Deep,2016
574,Bonnie Raitt,,,,,,,,,,,,,,,,,,,1,,,,,,,,,,,,,,,,January,,,,,54,,,,,,,,,28,,44,,,Redwing Records,1/1/2022,Just Like That...,2022
575,Booker T. & the M.G.'s,,,,,,,,,,,,,,,,,,,1,,,,,,,,,,,,,,,,January,,,,,,,,,,,,,,,11,33,,,Stax/Atlantic,1/1/1962,Green Onions,1962
576,Booker T. & the M.G.'s,,,,,,,,,,,,,,,,,,,1,,,,,,,,,,,,,,,,January,,,,,,,,,,,,,,,,,,,Stax/Atlantic,1/1/1965,Soul Dressing,1965
577,Booker T. & the M.G.'s,,,,,,,,,,,,,,,,,,,1,,,,,,,,,,,,,,,,January,,,,,,,,,,,,,,,,,,18,Stax/Atlantic,1/1/1966,And Now!,1966
578,Booker T. & the M.G.'s,,,,,,,,,,,,,,,,,,,1,,,,,,,,,,,,,,,,January,,,,,,,,,,,,,,,,,,,Stax/Atlantic,1/1/1966,In the Christmas Spirit,1966
579,Booker T. & the M.G.'s,,,,,,,,,,,,,,,,,,,1,,,,,,,,,,,,,,,,January,,,,,,,,,,,,,,,,35,,4,Stax/Atlantic,1/1/1967,Hip Hug-Her,1967
580,Booker T. & the M.G.'s,,,,,,,,,,,,,,,,,,,1,,,,,,,,,,,,,,,,January,,,,,,,,,,,,,,,,176,,17,Stax/Atlantic,1/1/1968,Doin' Our Thing,1968
581,Booker T. & the M.G.'s,,,,,,,,,,,,,,,,,,,1,,,,,,,,,,,,,,,,January,,,,,,,,,,,,,,,,167,,14,Stax,1/1/1968,Soul Limbo,1968
582,Booker T. & the M.G.'s,,,,,,,,,,,,,,,,,,,1,,,,,,,,,,,,,,,,January,,,,,,,,,,,,,,,,98,,7,Stax,1/1/1969,UpTight (soundtrack),1969
583,Booker T. & the M.G.'s,,,,,,,,,,,,,,,,,,,1,,,,,,,,,,,,,,,,January,,,,,,,,,,,,,,,,53,,10,Stax,1/1/1969,The Booker T. Set,1969
584,Booker T. & the M.G.'s,,,,,,,,,,,,,,,,,,,1,,,,,,,,,,,,,,,,January,,,,,,,,,,,,,,,70,107,,19,Stax,1/1/1970,McLemore Avenue,1970
585,Booker T. & the M.G.'s,,,,,,,,,,,,,,,,,,,1,,,,,,,,,,,,,,,,January,,,,,,,,,,,,,,,,43,,2,Stax,1/1/1971,Melting Pot,1971
586,Booker T. & the M.G.'s,,,,,,,,,,,,,,,,,,,1,,,,,,,,,,,,,,,,January,,,,,,,,,,,,,,,,,,59,Asylum,1/1/1977,Universal Language,1977
587,Booker T. & the M.G.'s,,,,,,,,,,,,,,,,,,,1,,,,,,,,,,,,,,,,January,,,,,,,,,,,,,,,,,,,"Columbia, Acadia",1/1/1994,That's the Way It Should Be,1994
588,Brenda Lee,,,,,,,,,,,,,,,,,,,1,,,,,,,,,,LP,,,,,,August,,,,,,,,,,,,,,,,,,,Decca,8/1/1959,"Grandma, What Great Songs You Sang!",1959
589,Brenda Lee,,,,,,,,,,,,,,,,,,,1,,,,,,,,,,LP,,,,,,August,,,,,,,,,,,,,,,,5,,,Decca,8/1/1960,Brenda Lee,1960
590,Brenda Lee,,,,,,,,,,,,,,,,,,,10,,,,,,,,,,LP,,,,,,October,,,,,,,,,,,,,,,,4,,,Decca,10/10/1960,This Is...Brenda,1960
591,Brenda Lee,,,,,,,,,,,,,,,,,,,3,,,,,,,,,,LP,,,,,,April,,,,,,,,,,,,,,,,24,,,Decca,4/3/1961,Emotions,1961
592,Brenda Lee,,,,,,,,,,,,,,,,,,,7,,,,,,,,,,LP,,,,,,August,,,,,,,,,,,,,,,20,17,,,Decca,8/7/1961,All the Way,1961
593,Brenda Lee,,,,,,,,,,,,,,,,,,,12,,,,,,,,,,LP,,,,,,February,,,,,,,,,,,,,,,,29,,,Decca,2/12/1962,Sincerely,1962
594,Brenda Lee,,,,,,,,,,,,,,,,,,,15,,,,,,,,,,LP,,,,,,October,,,,,,,,,,,,,,,13,20,,,Decca,10/15/1962,"Brenda, That's All",1962
595,Brenda Lee,,,,,,,,,,,,,,,,,,,18,,,,,,,,,,LP,,,,,,February,,,,,,,,,,,,,,,8,25,,,Decca,2/18/1963,All Alone Am I,1963
596,Brenda Lee,,,,,,,,,,,,,,,,,,,12,,,,,,,,,,LP,,,,,,September,,,,,,,,,,,,,,,,39,,,Decca,9/12/1963,"...""Let Me Sing""",1963
597,Brenda Lee,,,,,,,,,,,,,,,,,,,18,,,,,,,,,,LP,,,,,,May,,,,,,,,,,,,,,,,90,,,Decca,5/18/1964,By Request,1964
598,Brenda Lee,,,,,,,,,,,,,,,,,,,19,,,,,,,,,,LP,,,,,,October,,,,,,,,,10,,,,,,,7,,,Decca,10/19/1964,Merry Christmas from Brenda Lee,1964
599,Brenda Lee,,,,,,,,,,,,,,,,,,,15,,,,,,,,,,LP,,,,,,February,,,,,,,,,,,,,,,,,,,Decca,2/15/1965,Brenda Lee Sings Top Teen Hits,1965
600,Brenda Lee,,,,,,,,,,,,,,,,,,,5,,,,,,,,,,LP,,,,,,May,,,,,,,,,,,,,,,,,,,Decca,5/17/1965,The Versatile Brenda Lee,1965
601,Brenda Lee,,,,,,,,,,,,,,,,,,,9,,,,,,,,,,LP,,,,,,September,,,,,,,,,,,,,,,,36,,,Decca,9/2/1965,Too Many Rivers,1965
602,Brenda Lee,,,,,,,,,,,,,,,,,,,1,,,,,,,,,,LP,,,,,,January,,,,,,,,,,,,,,,,,,,Decca,1/1/1965,One Rainy Night in Tokyo[4],1965
603,Brenda Lee,,,,,,,,,,,,,,,,,,,14,,,,,,,,,,LP,,,,,,March,,,,,,,,,,,,,,,21,94,,,Decca,3/14/1966,Bye Bye Blues,1966
604,Brenda Lee,,,,,,,,,,,,,,,,,,,28,,,,,,,,,,LP,,,,,,November,,,,,,,,,,,,,,,,94,,,Decca,11/28/1966,Coming on Strong,1966
605,Brenda Lee,,,,,,,,,,,,,,,,,,,16,,,,,,,,,,LP,,,,,,October,,,,,,,,,,,,,,,,,,,Decca,10/16/1967,Reflections in Blue,1967
606,Brenda Lee,,,,,,,,,,,,,,,,,,,15,,,,,,,,,,LP,,,,,,March,,,,,,,,,,,,,,,,187,,,Decca,3/15/1968,For the First Time (with Pete Fountain),1968
607,Brenda Lee,,,,,,,,,,,,,,,,,,,19,,,,,,,,,,LP,,,,,,May,,,,,,,,,,,,,,,,98,,,Decca,5/19/1969,Johnny One Time,1969
608,Brenda Lee,,,,,,,,,,,,,,,,,,,1,,,,,,,,,,LP,,,,,,May,,,,,,,,,,,,,,,,,,,Decca,5/1/1970,Memphis Portrait[6],1970
609,Brenda Lee,,,,,,,,,,,,,,,,,,,1,,,,,,,,,,LP,,,,,,March,,,,,,,,,,,,,,,,206,7,,MCA,3/1/1973,Brenda,1973
610,Brenda Lee,,,,,,,,,,,,,,,,,,,1,,,,,,,,,,LP,,,,,,November,,,,,,,,,,,,,,,,,3,,MCA,11/1/1973,New Sunrise,1973
611,Brenda Lee,,,,,,,,,,,,,,,,,,,1,,,,,,,,,,LP,,,,,,October,,,,,,,,,,,,,,,,,,,MCA,10/1/1974,Brenda Lee Now[7],1974
612,Brenda Lee,,,,,,,,,,,,,,,,,,,1,,,,,,,,,,LP,,,,,,April,,,,,,,,,,,,,,,,,23,,MCA,4/1/1975,"Sincerely, Brenda Lee",1975
613,Brenda Lee,,,,,,,,,,,,,,,,,,,1,,,,,,,,,,LP,,,,,,November,,,,,,,,,,,,,,,,,41,,MCA,11/1/1976,L.A. Sessions,1976
614,Brenda Lee,,,,,,,,,,,,,,,,,,,1,,,,,cassette,,,,,LP,,,,,,March,,,,,,,,,,,,,,,,,,,MCA,3/1/1980,Even Better[8],1980
615,Brenda Lee,,,,,,,,,,,,,,,,,,,1,,,,,cassette,,,,,LP,,,,,,October,,,,,,,,,,,,,,,,,30,,MCA,10/1/1980,Take Me Back,1980
616,Brenda Lee,,,,,,,,,,,,,,,,,,,1,,,,,cassette,,,,,LP,,,,,,November,,,,,,,,,,,,,,,,,,,MCA,11/1/1981,Only When I Laugh[9],1981
617,Brenda Lee,,,,,,,,,,,,,,,,,,,1,,,,,cassette,,,,,LP,,,,,,November,,,,,,,,,,,,,,,,109,4,,MCA,11/1/1982,"The Winning Hand (with Kris Kristofferson, Willie Nelson and Dolly Parton)",1982
618,Brenda Lee,,,,,,,,,,,,,,,,,,,1,,,,,cassette,,,,,LP,,,,,,August,,,,,,,,,,,,,,,,,,,MCA,8/1/1985,Feels So Right[10],1985
619,Brenda Lee,,,,,,,,,,,,,,,,,,,11,,,,,cassette,CD,,,,,,,,,,March,,,,,,,,,,,,,,,,,67,,Warner Bros.,3/11/1991,Brenda Lee,1991
620,Brenda Lee,,,,,,,,,,,,,,,,,,,24,,,,,cassette,CD,,,,,,,,,,October,,,,,,,,,,,,,,,,,,,Warner Bros.,10/24/1991,A Brenda Lee Christmas[11],1991
621,Brenda Lee,,,,,,,,,,,,,,,,,,,1,,,,,,CD,,,,,,,,,,November,,,,,,,,,,,,,,,,,,,Brenda Lee Productions,11/1/1996,21 All-Time Greatest Hits (re-recordings)[12],1996
622,Brenda Lee,,,,,,,,,,,,,,,,,,,1,,,,,,CD,,,,,,,,,,May,,,,,,,,,,,,,,,,,,,Brenda Lee Productions,5/1/1997,Precious Memories: Favorite Gospel Songs[13],1997
623,Brenda Lee,,,,,,,,,,,,,,,,,,,10,,,,,,CD,,,,,,,,,,April,,,,,,,,,,,,,,,,,,,Provident,4/10/2007,Gospel Duets with Treasured Friends,2007
624,Bruce Springsteen,ARIA,Gold,,,,,BPI,Silver,,,,,RIAA,Platinum,,,,,5,,,,,,,,,,,,,,,,January,71,,,,,,,,,,,,35,,41,60,,,Columbia,1/5/1973,"Greetings from Asbury Park, N.J.",1973
625,Bruce Springsteen,ARIA,Gold,,,,,BPI,Silver,,,,,RIAA,Platinum,,,,,5,,,,,,,,,,,,,,,,November,60,,,,,,,,,,,,34,,33,59,,,Columbia,11/5/1973,"The Wild, the Innocent & the EStreet Shuffle",1973
626,Bruce Springsteen,ARIA,Platinum,,,,,BPI,Platinum,,MC,Platinum,,RIAA,Platinum,,,,,1,,,,,,,,,,,,,,,,September,7,,31,,,20,,,7,26,28,,7,,17,3,,,Columbia,9/1/1975,Born to Run,1975
627,Bruce Springsteen,ARIA,Platinum,,,,,BPI,Gold,,MC,Platinum,,RIAA,Platinum,,,,,2,,,,,,,,,,,,,,,,June,9,,7,,,73,,,4,12,11,,9,,14,5,,,Columbia,6/2/1978,Darkness on the Edge of Town,1978
628,Bruce Springsteen,ARIA,Platinum,,BMVI,Gold,,BPI,Platinum,,MC,Platinum,,RIAA,Platinum,,,,,17,,,,,,,,,,,,,,,,October,8,,1,,31,4,,,2,1,2,,2,,2,1,,,Columbia,10/17/1980,The River,1980
629,Bruce Springsteen,ARIA,Platinum,,,,,BPI,Silver,,MC,Gold,,RIAA,Platinum,,,,,30,,,,,,,,,,,,,,,,September,8,,3,,37,78,,,7,3,3,,2,,3,3,,,Columbia,9/30/1982,Nebraska,1982
630,Bruce Springsteen,ARIA,Platinum,,BMVI,Platinum,,BPI,Platinum,,MC,Diamond,,RIAA,Diamond,,,,,4,,,,,,,,,,,,,,,,June,1,,1,,1,11,,,1,1,1,,1,,1,1,,,Columbia,6/4/1984,Born in the U.S.A.,1984
631,Bruce Springsteen,ARIA,Platinum,,BMVI,Gold,,BPI,Platinum,,MC,Platinum,,RIAA,Platinum,,,,,5,,,,,,,,,,,,,,,,October,5,,1,,3,55,,,4,1,6,,1,,1,1,,,Columbia,10/5/1987,Tunnel of Love,1987
632,Bruce Springsteen,ARIA,Gold,,BMVI,Gold,,BPI,Gold,,MC,Platinum,,RIAA,Platinum,,,,,27,,,,,,,,,,,,,,,,March,3,,2,,2,1,,,3,1,5,,1,,1,2,,,Columbia,3/27/1992,Human Touch,1992
633,Bruce Springsteen,ARIA,Gold,,BMVI,Gold,,BPI,Gold,,MC,Platinum,,RIAA,Platinum,,,,,27,,,,,,,,,,,,,,,,March,6,,3,,4,2,,,7,2,6,,3,,2,3,,,Columbia,3/27/1992,Lucky Town,1992
634,Bruce Springsteen,ARIA,Gold,,,,,BPI,Gold,,MC,Gold,,RIAA,Gold,,,,,21,,,,,,,,,,,,,,,,November,27,,15,,22,14,,,17,4,47,,3,,16,11,,,Columbia,11/21/1995,The Ghost of Tom Joad,1995
635,Bruce Springsteen,ARIA,Platinum,,BMVI,Platinum,,BPI,Platinum,,,,,RIAA,Platinum,,,,,30,,,,,,,,,,,,,,,,July,4,,1,,1,2,,,1,1,12,,1,,1,1,,,Columbia,7/30/2002,The Rising,2002
636,Bruce Springsteen,ARIA,Gold,,BMVI,Gold,,BPI,Gold,,MC,Gold,,RIAA,Gold,,,,,26,,,,,,,,,,,,,,,,April,10,,2,,1,1,,,1,2,13,,1,,1,1,,,Columbia,4/26/2005,Devils & Dust,2005
637,Bruce Springsteen,,,,BMVI,Gold,,,,,MC,Gold,,RIAA,Gold,,,,,25,,,,,,,,,,,,,,,,April,21,,3,,5,2,,,2,1,12,,1,,3,3,,,Columbia,4/25/2006,We Shall Overcome: The Seeger Sessions,2006
638,Bruce Springsteen,ARIA,Gold,,BMVI,Gold,,BPI,Gold,,,,,RIAA,Platinum,,,,,25,,,,,,,,,,,,,,,,September,2,,1,,3,1,,,2,1,2,,1,,1,1,,,Columbia,9/25/2007,Magic,2007
639,Bruce Springsteen,,,,BMVI,Gold,,BPI,Gold,,MC,Platinum,,RIAA,Gold,,,,,27,,,,,,,,,,,,,,,,January,3,,1,,1,1,,,1,1,1,,1,,1,1,,,Columbia,1/27/2009,Working on a Dream,2009
640,Bruce Springsteen,ARIA,Gold,,BMVI,Platinum,,,,,MC,Gold,,RIAA,Gold,,,,,6,,,,,,,,,,,,,,,,March,2,,3,,1,1,,,1,1,1,,1,,1,1,,,Columbia,3/6/2012,Wrecking Ball,2012
641,Bruce Springsteen,ARIA,Gold,,,,,BPI,Gold,,,,,RIAA,Gold,,,,,14,,,,,,,,,,,,,,,,January,1,,1,,1,1,,,1,1,1,,1,,1,1,,,Columbia,1/14/2014,High Hopes,2014
642,Bruce Springsteen,,,,BMVI,Gold,,BPI,Gold,,,,,,,,,,,14,,,,,,,,,,,,,,,,June,1,,4,,1,1,,,1,1,1,,3,,1,2,,,Columbia,6/14/2019,Western Stars,2019
643,Bruce Springsteen,,,,BMVI,Gold,,BPI,Gold,,,,,,,,,,,23,,,,,,,,,,,,,,,,October,1,,2,,2,1,,,1,1,1,,1,,1,2,,,Columbia,10/23/2020,Letter to You,2020
644,Bruce Springsteen,,,,,,,BPI,Silver,,,,,,,,,,,11,,,,,,,,,,,,,,,,November,3,,8,,1,2,,,1,1,4,,1,,2,8,,,Columbia,11/11/2022,Only the Strong Survive,2022
645,Buddy Guy,,,,,,,,,,,,,,,,,,,1,,,,,,,,,,,,,,,,January,,,,,,,,,,,,,,,,,,,Chess,1/1/1965,Left My Blues in San Francisco,1965
646,Buddy Guy,,,,,,,,,,,,,,,,,,,1,,,,,,,,,,,,,,,,January,,,,,,,,,,,,,,,,,,,Vanguard,1/1/1968,A Man and the Blues,1968
647,Buddy Guy,,,,,,,,,,,,,,,,,,,1,,,,,,,,,,,,,,,,January,,,,,,,,,,,,,,,,,,,Vanguard,1/1/1969,Hold That Plane!,1969
648,Buddy Guy,,,,,,,,,,,,,,,,,,,1,,,,,,,,,,,,,,,,January,,,,,,,,,,,,,,,,,,,Isabel,1/1/1979,The Blues Giant,1979
649,Buddy Guy,,,,,,,,,,,,,,,,,,,1,,,,,,,,,,,,,,,,January,,,,,,,,,,,,,,,,,,,JSP,1/1/1980,Breaking Out,1980
650,Buddy Guy,,,,,,,,,,,,,,,,,,,1,,,,,,,,,,,,,,,,January,,,,,,,,,,,,,,,,,,,JSP,1/1/1981,DJ Play My Blues,1981
651,Buddy Guy,,,,,,,,,,,,,,,,,,,1,,,,,,,,,,,,,,,,January,,,,,,,,,,,,,,,,,,,Silvertone,1/1/1991,"Damn Right, I've Got the Blues",1991
652,Buddy Guy,,,,,,,,,,,,,,,,,,,1,,,,,,,,,,,,,,,,January,,,,,,,,,,,,,,,,,,,Silvertone,1/1/1993,Feels Like Rain,1993
653,Buddy Guy,,,,,,,,,,,,,,,,,,,1,,,,,,,,,,,,,,,,January,,,,,,,,,,,,,,,,,,,Silvertone,1/1/1994,Slippin' In,1994
654,Buddy Guy,,,,,,,,,,,,,,,,,,,1,,,,,,,,,,,,,,,,January,,,,,,,,,,,,,,,,,,,Silvertone,1/1/1998,Heavy Love,1998
655,Buddy Guy,,,,,,,,,,,,,,,,,,,1,,,,,,,,,,,,,,,,January,,,,,,,,,,,,,,,,,,,Silvertone,1/1/2001,Sweet Tea,2001
656,Buddy Guy,,,,,,,,,,,,,,,,,,,1,,,,,,,,,,,,,,,,January,,,,,,,,,,,,,,,,,,,Silvertone,1/1/2003,Blues Singer,2003
657,Buddy Guy,,,,,,,,,,,,,,,,,,,1,,,,,,,,,,,,,,,,January,,,,,,,,,,,,,,,,,,,Silvertone,1/1/2005,Bring 'Em In,2005
658,Buddy Guy,,,,,,,,,,,,,,,,,,,1,,,,,,,,,,,,,,,,January,,,,,,,,,,,,,,,,,,,Silvertone,1/1/2008,Skin Deep,2008
659,Buddy Guy,,,,,,,,,,,,,,,,,,,1,,,,,,,,,,,,,,,,January,,,,,,,,,,,,,,,,,,,Silvertone,1/1/2010,Living Proof,2010
660,Buddy Guy,,,,,,,,,,,,,,,,,,,1,,,,,,,,,,,,,,,,January,,,,,,,,,,,,,,,,,,,Silvertone/RCA,1/1/2013,Rhythm & Blues,2013
661,Buddy Guy,,,,,,,,,,,,,,,,,,,1,,,,,,,,,,,,,,,,January,,,,,,,,,,,,,,,,,,,Silvertone/RCA,1/1/2015,Born to Play Guitar,2015
662,Buddy Guy,,,,,,,,,,,,,,,,,,,1,,,,,,,,,,,,,,,,January,,,,,,,,,,,,,,,,,,,Silvertone/RCA,1/1/2018,The Blues Is Alive and Well,2018
663,Buddy Guy,,,,,,,,,,,,,,,,,,,1,,,,,,,,,,,,,,,,January,,,,,,,,,,,,,,,,,,,Silvertone/RCA,1/1/2022,The Blues Don't Lie,2022
664,Buddy Holly,,,,,,,,,,,,,,,,,,,1,,,,,,,,,,,,,,,,November,,,,,,,,,,,,,,,5,,,,Brunswick,11/1/1957,"The ""Chirping"" Crickets",1957
665,Buddy Holly,,,,,,,,,,,,,,,,,,,1,,,,,,,,,,,,,,,,March,,,,,,,,,,,,,,,,,,,Coral,3/1/1958,Buddy Holly,1958
666,Buddy Holly,,,,,,,,,,,,,,,,,,,1,,,,,,,,,,,,,,,,April,,,,,,,,,,,,,,,5,,,,Decca,4/1/1958,That'll Be the Day,1958
667,Buffalo Springfield,,,,,,,,,,,,,,,,,,,1,,,,,,,,,,,,,,,,October,,,,122,,,,,,,,,,,,80,,,Atco,10/1/1966,Buffalo Springfield,1966
668,Buffalo Springfield,,,,,,,,,,,,,,,,,,,30,,,,,,,,,,,,,,,,October,,,,,,,,,,,,,,,,44,,,Atco,10/30/1967,Buffalo Springfield Again,1967
669,Buffalo Springfield,,,,,,,,,,,,,,,,,,,30,,,,,,,,,,,,,,,,July,,,,,,,,,,,,,,,,42,,,Atco,7/30/1968,Last Time Around,1968
670,Carl Perkins,,,,,,,,,,,,,,,,,,,1,,,,,,,,,,,,,,,,January,,,,,,,,,,,,,,,,,,,,1/1/1957,Dance Album,1957
671,Carl Perkins,,,,,,,,,,,,,,,,,,,1,,,,,,,,,,,,,,,,January,,,,,,,,,,,,,,,,,,,,1/1/1958,Whole Lotta Shakin',1958
672,Carl Perkins,,,,,,,,,,,,,,,,,,,1,,,,,,,,,,,,,,,,January,,,,,,,,,,,,,,,,,,,,1/1/1967,Country Boy's Dream,1967
673,Carl Perkins,,,,,,,,,,,,,,,,,,,1,,,,,,,,,,,,,,,,January,,,,,,,,,,,,,,,,,,,,1/1/1969,Original Golden Hits,1969
674,Carl Perkins,,,,,,,,,,,,,,,,,,,1,,,,,,,,,,,,,,,,January,,,,,,,,,,,,,,,,,,,Columbia,1/1/1969,On Top,1969
675,Carl Perkins,,,,,,,,,,,,,,,,,,,1,,,,,,,,,,,,,,,,January,,,,,,,,,,,,,,,,,,,,1/1/1969,Carl Perkins' Greatest Hits,1969
676,Carl Perkins,,,,,,,,,,,,,,,,,,,1,,,,,,,,,,,,,,,,January,,,,,,,,,,,,,,,,,,,,1/1/1970,Boppin' the Blues,1970
677,Carl Perkins,,,,,,,,,,,,,,,,,,,1,,,,,,,,,,,,,,,,January,,,,,,,,,,,,,,,,,,,Mercury,1/1/1973,My Kind of Country,1973
678,Carl Perkins,,,,,,,,,,,,,,,,,,,1,,,,,,,,,,,,,,,,January,,,,,,,,,,,,,,,,,,,,1/1/1976,The Carl Perkins Show,1976
679,Carl Perkins,,,,,,,,,,,,,,,,,,,1,,,,,,,,,,,,,,,,January,,,,,,,,,,,,,,,,,,,Demand,1/1/1977,Mr. Country Rock,1977
680,Carl Perkins,,,,,,,,,,,,,,,,,,,1,,,,,,,,,,,,,,,,January,,,,,,,,,,,,,,,,,,,,1/1/1978,Ol' Blue Suede's Back,1978
681,Carl Perkins,,,,,,,,,,,,,,,,,,,1,,,,,,,,,,,,,,,,January,,,,,,,,,,,,,,,,,,,,1/1/1979,Country Soul,1979
682,Carl Perkins,,,,,,,,,,,,,,,,,,,1,,,,,,,,,,,,,,,,January,,,,,,,,,,,,,,,,,,,,1/1/1979,Rock 'N Gospel,1979
683,Carl Perkins,,,,,,,,,,,,,,,,,,,1,,,,,,,,,,,,,,,,January,,,,,,,,,,,,,,,,,,,,1/1/1979,Cane Creek Glory Church,1979
684,Carl Perkins,,,,,,,,,,,,,,,,,,,1,,,,,,,,,,,,,,,,January,,,,,,,,,,,,,,,,,,,,1/1/1981,Live at Austin City Limits,1981
685,Carl Perkins,,,,,,,,,,,,,,,,,,,1,,,,,,,,,,,,,,,,January,,,,,,,,,,,,,,,,,,,,1/1/1981,That Rockin' Guitar Man,1981
686,Carl Perkins,,,,,,,,,,,,,,,,,,,1,,,,,,,,,,,,,,,,January,,,,,,,,,,,,,,,,,,,,1/1/1981,"The Million Dollar Quartet (with Elvis Presley, Jerry Lee Lewis, and Johnny Cash)",1981
687,Carl Perkins,,,,,,,,,,,,,,,,,,,1,,,,,,,,,,,,,,,,January,,,,,,,,,,,,,,,,,,,,1/1/1982,The Survivors (with Jerry Lee Lewis and Johnny Cash),1982
688,Carl Perkins,,,,,,,,,,,,,,,,,,,1,,,,,,,,,,,,,,,,January,,,,,,,,,,,,,,,,,,,Accord,1/1/1982,Presenting Carl Perkins,1982
689,Carl Perkins,,,,,,,,,,,,,,,,,,,1,,,,,,,,,,,,,,,,January,,,,,,,,,,,,,,,,,,,Joker,1/1/1982,Every Road,1982
690,Carl Perkins,,,,,,,,,,,,,,,,,,,1,,,,,,,,,,,,,,,,January,,,,,,,,,,,,,,,,,,,Joker,1/1/1982,Goin' Back to Memphis,1982
691,Carl Perkins,,,,,,,,,,,,,,,,,,,1,,,,,,,,,,,,,,,,January,,,,,,,,,,,,,,,,,,,,1/1/1982,Boppin' the New Bleus,1982
692,Carl Perkins,,,,,,,,,,,,,,,,,,,1,,,,,,,,,,,,,,,,January,,,,,,,,,,,,,,,,,,,O'Hara Records,1/1/1982,Born to Boogie,1982
693,Carl Perkins,,,,,,,,,,,,,,,,,,,1,,,,,,,,,,,,,,,,January,,,,,,,,,,,,,,,,,,,,1/1/1982,This Ole House,1982
694,Carl Perkins,,,,,,,,,,,,,,,,,,,1,,,,,,,,,,,,,,,,January,,,,,,,,,,,,,,,,,,,,1/1/1982,Presenting,1982
695,Carl Perkins,,,,,,,,,,,,,,,,,,,1,,,,,,,,,,,,,,,,January,,,,,,,,,,,,,,,,,,,Allegiance,1/1/1982,The Heart and Soul of Carl Perkins,1982
696,Carl Perkins,,,,,,,,,,,,,,,,,,,1,,,,,,,,,,,,,,,,January,,,,,,,,,,,,,,,,,,,,1/1/1983,Disciple in Blue Suede Shoes,1983
697,Carl Perkins,,,,,,,,,,,,,,,,,,,1,,,,,,,,,,,,,,,,January,,,,,,,,,,,,,,,,,,,,1/1/1984,Gospel,1984
698,Carl Perkins,,,,,,,,,,,,,,,,,,,1,,,,,,,,,,,,,,,,January,,,,,,,,,,,,,,,,,,,Dot,1/1/1985,Carl Perkins,1985
699,Carl Perkins,,,,,,,,,,,,,,,,,,,1,,,,,,,,,,,,,,,,January,,,,,,,,,,,,,,,,,,,America/Mercury,1/1/1986,"Class of '55 (with Roy Orbison, Jerry Lee Lewis, and Johnny Cash)",1986
700,Carl Perkins,,,,,,,,,,,,,,,,,,,1,,,,,,,,,,,,,,,,January,,,,,,,,,,,,,,,,,,,,1/1/1986,Original Sun Greatest Hits,1986
701,Carl Perkins,,,,,,,,,,,,,,,,,,,1,,,,,,,,,,,,,,,,January,,,,,,,,,,,,,,,,,,,,1/1/1986,Blue Suede Shoes: A Rockabilly Session,1986
702,Carl Perkins,,,,,,,,,,,,,,,,,,,1,,,,,,,,,,,,,,,,January,,,,,,,,,,,,,,,,,,,,1/1/1986,Up Through the Years 1954-1957,1986
703,Carl Perkins,,,,,,,,,,,,,,,,,,,1,,,,,,,,,,,,,,,,January,,,,,,,,,,,,,,,,,,,,1/1/1989,Born to Rock,1989
704,Carl Perkins,,,,,,,,,,,,,,,,,,,1,,,,,,,,,,,,,,,,January,,,,,,,,,,,,,,,,,,,,1/1/1990,706 Re-Union (with Scotty Moore),1990
705,Carl Perkins,,,,,,,,,,,,,,,,,,,1,,,,,,,,,,,,,,,,January,,,,,,,,,,,,,,,,,,,Bear Family,1/1/1991,Country Boy's Dream,1991
706,Carl Perkins,,,,,,,,,,,,,,,,,,,1,,,,,,,,,,,,,,,,January,,,,,,,,,,,,,,,,,,,,1/1/1992,"Friends, Family & Legends",1992
707,Carl Perkins,,,,,,,,,,,,,,,,,,,1,,,,,,,,,,,,,,,,January,,,,,,,,,,,,,,,,,,,,1/1/1993,Carl Perkins & Sons (with Greg Perkins and Stan Perkins),1993
708,Carl Perkins,,,,,,,,,,,,,,,,,,,1,,,,,,,,,,,,,,,,January,,,,,,,,,,,,,,,,,,,,1/1/1993,Take Me Back,1993
709,Carl Perkins,,,,,,,,,,,,,,,,,,,1,,,,,,,,,,,,,,,,January,,,,,,,,,,,,,,,,,,,,1/1/1996,Go Cat Go! (with various guest stars),1996
710,Carl Perkins,,,,,,,,,,,,,,,,,,,1,,,,,,,,,,,,,,,,January,,,,,,,,,,,,,,,,,,,,1/1/1997,The Silver Eagle Cross Country: Carl Perkins Live,1997
711,Carl Perkins,,,,,,,,,,,,,,,,,,,1,,,,,,,,,,,,,,,,January,,,,,,,,,,,,,,,,,,,,1/1/1999,Live at Gilley's,1999
712,Carl Perkins,,,,,,,,,,,,,,,,,,,1,,,,,,,,,,,,,,,,January,,,,,,,,,,,,,,,,,,,,1/1/2000,Live,2000
713,Carl Perkins,,,,,,,,,,,,,,,,,,,1,,,,,,,,,,,,,,,,January,,,,,,,,,,,,,,,,,,,Bear Family,1/1/2000,Back on Top,2000
714,Carly Simon,,,,,,,,,,,,,,,,,,,1,,,,,,,,,,,,,,,,February,55,,17,,,,,,,,,,,,,30,,,Elektra,2/1/1971,Carly Simon,1971
715,Carly Simon,,,,,,,,,,,,,RIAA,Gold,,,,,1,,,,,,,,,,,,,,,,November,12,,36,,,,,,,,,,,,,30,,,Elektra,11/1/1971,Anticipation,1971
716,Carly Simon,,,,,,,BPI,Gold,,,,,RIAA,Platinum,,,,,1,,,,,,,,,,,,,,,,November,1,,1,,39,,,3,,,,,,,3,1,,,Elektra,11/1/1972,No Secrets,1972
717,Carly Simon,,,,,,,,,,,,,RIAA,Gold,,,,,1,,,,,,,,,,,,,,,,January,9,,7,,,,,39,,,,,,,19,3,,,Elektra,1/1/1974,Hotcakes,1974
718,Carly Simon,,,,,,,,,,,,,,,,,,,1,,,,,,,,,,,,,,,,April,25,,22,,,,,70,,,32,,,,,10,,,Elektra,4/1/1975,Playing Possum,1975
719,Carly Simon,,,,,,,,,,,,,,,,,,,1,,,,,,,,,,,,,,,,June,44,,44,,,,,,,,,,,,,29,,,Elektra,6/1/1976,Another Passenger,1976
720,Carly Simon,,,,,,,,,,,,,RIAA,Platinum,,,,,1,,,,,,,,,,,,,,,,April,27,,4,,,,,,,,,,,,,10,,,Elektra,4/1/1978,Boys in the Trees,1978
721,Carly Simon,,,,,,,,,,,,,,,,,,,1,,,,,,,,,,,,,,,,June,33,,56,,,,,,,,,,,,,45,,,Elektra,6/1/1979,Spy,1979
722,Carly Simon,,,,,,,,,,,,,,,,,,,1,,,,,,,,,,,,,,,,June,43,,86,,,,,,,,,,,,,36,,,Warner Bros.,6/1/1980,Come Upstairs,1980
723,Carly Simon,,,,,,,,,,,,,,,,,,,1,,,,,,,,,,,,,,,,September,77,,50,,,,,56,,,40,,,,,50,,,Warner Bros.,9/1/1981,Torch,1981
724,Carly Simon,,,,,,,,,,,,,,,,,,,1,,,,,,,,,,,,,,,,September,,,,,,,,,,,,,,,,69,,,Warner Bros.,9/1/1983,Hello Big Man,1983
725,Carly Simon,,,,,,,,,,,,,,,,,,,1,,,,,,,,,,,,,,,,July,97,,96,,,,,,,,,,,,,88,,,Epic,7/1/1985,Spoiled Girl,1985
726,Carly Simon,,,,,,,BPI,Silver,,MC,Platinum,,RIAA,Platinum,,,,,1,,,,,,,,,,,,,,,,April,24,,57,,32,,,,,,,,,,25,25,,,Arista,4/1/1987,Coming Around Again,1987
727,Carly Simon,,,,,,,,,,,,,,,,,,,1,,,,,,,,,,,,,,,,March,,,,,,,,,,,,,,,,46,,,Arista,3/1/1990,My Romance,1990
728,Carly Simon,,,,,,,,,,,,,,,,,,,1,,,,,,,,,,,,,,,,September,160,,64,,,,,,,,,,,,,60,,,Arista,9/1/1990,Have You Seen Me Lately,1990
729,Carly Simon,,,,,,,,,,,,,,,,,,,1,,,,,,,,,,,,,,,,November,,,,,,,,,,,,,,,,129,,,Arista,11/1/1994,Letters Never Sent,1994
730,Carly Simon,,,,,,,,,,,,,,,,,,,1,,,,,,,,,,,,,,,,September,,,,,,,,,,,,,,,,84,,,Arista,9/1/1997,Film Noir,1997
731,Carly Simon,,,,,,,,,,,,,,,,,,,1,,,,,,,,,,,,,,,,May,,,,,,,,,,,,,,,,90,,,Arista,5/1/2000,The Bedroom Tapes,2000
732,Carly Simon,,,,,,,,,,,,,,,,,,,1,,,,,,,,,,,,,,,,July,,,,,,,,,,,,,,,,7,,,Columbia,7/1/2005,Moonlight Serenade,2005
733,Carly Simon,,,,,,,,,,,,,,,,,,,1,,,,,,,,,,,,,,,,January,,,,,,,,,,,,,,,,13,,,Columbia,1/1/2007,Into White,2007
734,Carly Simon,,,,,,,,,,,,,,,,,,,1,,,,,,,,,,,,,,,,April,,,,,,,,,,,,,,,,15,,,Hear Music,4/1/2008,This Kind of Love,2008
735,Carly Simon,,,,,,,,,,,,,,,,,,,1,,,,,,,,,,,,,,,,October,,,,,,,,,,,,,,,45,134,,,"Iris, Rhino",10/1/2009,Never Been Gone,2009
736,Carole King,,,,,,,,,,,,,,,,,,,1,,,,,,,,,,,,,,,,May,,,,,,,,67,,,,,,,,84,,,Ode,5/1/1970,Writer,1970
737,Carole King,ARIA,Platinum,,,,,BPI,Platinum,,,,,RIAA,Platinum,,,,,10,,,,,,,,,,,,,,,,February,3,,1,,,,,29,,8,13,,,,4,1,,,Ode,2/10/1971,Tapestry,1971
738,Carole King,,,,,,,,,,,,,RIAA,Platinum,,,,,1,,,,,,,,,,,,,,,,December,5,,2,,,,,28,,10,,,,,18,1,,,Ode,12/1/1971,Music,1971
739,Carole King,,,,,,,,,,,,,RIAA,Gold,,,,,1,,,,,,,,,,,,,,,,November,19,,1,,,,,34,,,,,,,40,2,,,Ode,11/1/1972,Rhymes & Reasons,1972
740,Carole King,,,,,,,,,,,,,RIAA,Gold,,,,,1,,,,,,,,,,,,,,,,June,24,,7,,,,,21,,,,,,,,6,,,Ode,6/1/1973,Fantasy,1973
741,Carole King,,,,,,,,,,,,,RIAA,Gold,,,,,1,,,,,,,,,,,,,,,,September,24,,1,,,,,73,,,,,,,,1,,,Ode,9/1/1974,Wrap Around Joy,1974
742,Carole King,,,,,,,,,,,,,RIAA,Gold,,,,,1,,,,,,,,,,,,,,,,January,87,,29,,,,,72,,,,,,,,3,,,Ode,1/1/1976,Thoroughbred,1976
743,Carole King,,,,,,,,,,,,,RIAA,Gold,,,,,1,,,,,,,,,,,,,,,,July,19,,27,,,,,,,,,,,,,17,,,Avatar / Capitol,7/1/1977,Simple Things,1977
744,Carole King,,,,,,,,,,,,,,,,,,,1,,,,,,,,,,,,,,,,May,69,,,,,,,,,,,,,,,104,,,Avatar / Capitol,5/1/1978,Welcome Home,1978
745,Carole King,,,,,,,,,,,,,,,,,,,1,,,,,,,,,,,,,,,,June,84,,62,,,,,,,,,,,,,104,,,Capitol,6/1/1979,Touch the Sky,1979
746,Carole King,,,,,,,,,,,,,,,,,,,1,,,,,,,,,,,,,,,,January,52,,66,,,,,,,,,,,,,44,,,Capitol,1/1/1980,Pearls: Songs of Goffin and King,1980
747,Carole King,,,,,,,,,,,,,,,,,,,1,,,,,,,,,,,,,,,,January,,,,,,,,,,,,,,,,119,,,Atlantic,1/1/1982,One to One,1982
748,Carole King,,,,,,,,,,,,,,,,,,,1,,,,,,,,,,,,,,,,January,,,,,,,,,,,,,,,,,,,Atlantic,1/1/1983,Speeding Time,1983
749,Carole King,,,,,,,,,,,,,,,,,,,1,,,,,,,,,,,,,,,,April,40,,66,,,,,,,,,,,,,111,,,Capitol,4/1/1989,City Streets,1989
750,Carole King,,,,,,,,,,,,,,,,,,,25,,,,,,,,,,,,,,,,July,72,,,,,,,,,,,,,,,,,,Rhythm Safari / Kings X,7/25/1993,Colour of Your Dreams,1993
751,Carole King,,,,,,,,,,,,,,,,,,,25,,,,,,,,,,,,,,,,September,,,,,,,,90,,,,,,,86,158,,,Rockingale / KELA / Koch,9/25/2001,Love Makes the World,2001
752,Carole King,,,,,,,,,,,,,,,,,,,1,,,,,,,,,,,,,,,,November,,,,,,,,,,,,,,,,52,,,Rockingale / Hear Music,11/1/2011,A Holiday Carole,2011
753,Cat Stevens,,,,,,,,,,,,,,,,,,,10,,,,,,,,,,,,,,,,March,,,,,,,,,,,,,,,7,173,,,Deram,3/10/1967,Matthew & Son,1967
754,Cat Stevens,,,,,,,,,,,,,,,,,,,1,,,,,,,,,,,,,,,,December,,,,,,,,,,,,,,,,,,,Deram,12/1/1967,New Masters,1967
755,Cat Stevens,,,,,,,,,,,,,RIAA,Gold,,,,,24,,,,,,,,,,,,,,,,April,25,,,,,,,,,,,,,,63,164,,,Island/A&M,4/24/1970,Mona Bone Jakon,1970
756,Cat Stevens,ARIA,Platinum,,,,,BPI,Gold,,,,,RIAA,Platinum,,,,,23,,,,,,,,,,,,,,,,November,2,13,11,,22,,,,,25,20,,,,20,8,,,Island/A&M,11/23/1970,Tea for the Tillerman,1970
757,Cat Stevens,,,,,,,BPI,Gold,,,,,RIAA,Platinum,,,,,1,,,,,,,,,,,,,,,,October,1,,2,,23,,,,,2,25,2,,,2,2,,,Island/A&M,10/1/1971,Teaser and the Firecat,1971
758,Cat Stevens,,,,,,,,,,,,,RIAA,Platinum,,,,,27,,,,,,,,,,,,,,,,September,1,,1,,17,,,,,3,,2,,,2,1,,,Island/A&M,9/27/1972,Catch Bull at Four,1972
759,Cat Stevens,,,,,,,BPI,Gold,,,,,RIAA,Gold,,,,,25,,,,,,,,,,,,,,,,July,4,,5,,18,,,,,1,,1,,,3,3,,,Island/A&M,7/25/1973,Foreigner,1973
760,Cat Stevens,,,,,,,BPI,Gold,,,,,RIAA,Platinum,,,,,1,,,,,,,,,,,,,,,,March,5,3,3,,34,,,,,5,,2,,,3,2,,,Island/A&M,3/1/1974,Buddha and the Chocolate Box,1974
761,Cat Stevens,,,,,,,,,,MC,Gold,,RIAA,Gold,,,,,1,,,,,,,,,,,,,,,,November,85,,4,,20,,,,,14,,12,9,,,13,,,Island/A&M,11/1/1975,Numbers,1975
762,Cat Stevens,,,,,,,BPI,Silver,,MC,Gold,,RIAA,Gold,,,,,28,,,,,,,,,,,,,,,,May,39,12,2,,7,,,,,13,39,10,15,,18,7,,,Island/A&M,5/28/1977,Izitso,1977
763,Cat Stevens,,,,,,,,,,,,,,,,,,,3,,,,,,,,,,,,,,,,December,89,,31,,32,,,,,17,,14,,,,33,,,Island/A&M,12/3/1978,Back to Earth,1978
764,Cat Stevens,,,,,,,BPI,Gold,,,,,,,,,,,1,,,,,,,,,,,,,,,,November,,2,,81,2,,,,69,17,,,16,14,20,52,,,Ya/Polydor/Atlantic,11/1/2006,An Other Cup,2006
765,Cat Stevens,,,,,,,BPI,Gold,,,,,,,,,,,1,,,,,,,,,,,,,,,,May,35,10,,88,9,,,,71,,,,41,43,10,41,,,Ya/Island/Hip-O,5/1/2009,Roadsinger,2009
766,Cat Stevens,,,,,,,,,,,,,,,,,,,28,,,,,,,,,,,,,,,,October,24,15,,90,26,,,,,,,,,39,22,24,,,Legacy Recordings,10/28/2014,Tell 'Em I'm Gone,2014
767,Cat Stevens,,,,,,,,,,,,,,,,,,,15,,,,,,,,,,,,,,,,September,59,26,,139,4,,,,,,,79,,33,23,114,,,Cat-O-Log/Decca,9/15/2017,The Laughing Apple,2017
768,Cat Stevens,,,,,,,,,,,,,,,,,,,18,,,,,,,,,,,,,,,,September,50,,,161,,,,,,,,,,45,4,85,,,Cat-O-Log/Decca,9/18/2020,Tea for the Tillerman 2,2020
769,Cat Stevens,,,,,,,,,,,,,,,,,,,1,,,,,,,,,,,,,,,,June,,32,,,10,,,,,,,,,32,49,,,,BMG/Dark Horse,6/1/2023,King of a Land,2023
770,Cheap Trick,,,,,,,,,,,,,,,,,,,3,,,,,,,,,,,,,,,,February,,,,,,,,,,,,,,,,207,,,Epic,2/3/1977,Cheap Trick,1977
771,Cheap Trick,,,,,,,,,,MC,Platinum,,RIAA,Platinum,,,,,1,,,,,,,,,,,,,,,,September,93,,,,,,,30,,,,,,,,73,,,Epic,9/1/1977,In Color,1977
772,Cheap Trick,,,,,,,,,,MC,Platinum,,RIAA,Platinum,,,,,24,,,,,,,,,,,,,,,,April,84,,41,,,,,11,,,,,,,,48,,,Epic,4/24/1978,Heaven Tonight,1978
773,Cheap Trick,ARIA,Platinum,,,,,,,,MC,Platinum,,RIAA,Platinum,,,,,21,,,,,,,,,,,,,,,,September,7,,4,,56,,,4,,,2,,31,,41,6,,,Epic,9/21/1979,Dream Police,1979
774,Cheap Trick,,,,,,,,,,MC,Gold,,RIAA,Gold,,,,,24,,,,,,,,,,,,,,,,October,68,,30,,,,,21,,,,,,,,24,,,Epic,10/24/1980,All Shook Up,1980
775,Cheap Trick,,,,,,,,,,,,,RIAA,Gold,,,,,30,,,,,,,,,,,,,,,,April,25,,39,,,,,77,,,,,,,95,39,,,Epic,4/30/1982,One on One,1982
776,Cheap Trick,,,,,,,,,,,,,,,,,,,15,,,,,,,,,,,,,,,,August,,,,,,,,75,,,,,,,,61,,,Epic,8/15/1983,Next Position Please,1983
777,Cheap Trick,,,,,,,,,,,,,,,,,,,22,,,,,,,,,,,,,,,,July,,,,,,,,135,,,,,,,,35,,,Epic,7/22/1985,Standing on the Edge,1985
778,Cheap Trick,,,,,,,,,,,,,,,,,,,1,,,,,,,,,,,,,,,,November,,,,,,,,146,,,,,,,,115,,,Epic,11/1/1986,The Doctor,1986
779,Cheap Trick,,,,,,,,,,MC,Platinum,,RIAA,Platinum,,,,,12,,,,,,,,,,,,,,,,April,14,,11,,,,,93,,,44,,,,,16,,,Epic,4/12/1988,Lap of Luxury,1988
780,Cheap Trick,,,,,,,,,,MC,Gold,,,,,,,,27,,,,,,,,,,,,,,,,June,36,,27,,,,,44,,,,,,,,48,,,Epic,6/27/1990,Busted,1990
781,Cheap Trick,,,,,,,,,,,,,,,,,,,22,,,,,,,,,,,,,,,,March,152,,,,,,,20,,,,,,,,123,,,Warner Bros.,3/22/1994,Woke Up with a Monster,1994
782,Cheap Trick,,,,,,,,,,,,,,,,,,,29,,,,,,,,,,,,,,,,April,,,,,,,,35,,,,,,,,99,,,Red Ant Records,4/29/1997,Cheap Trick,1997
783,Cheap Trick,,,,,,,,,,,,,,,,,,,22,,,,,,,,,,,,,,,,July,,,,,,,,75,,,,,,,,128,,,Cheap Trick Unlimited,7/22/2003,Special One,2003
784,Cheap Trick,,,,,,,,,,,,,,,,,,,6,,,,,,,,,,,,,,,,June,,,,,,,,84,,,,,,,,101,,,Cheap Trick Unlimited,6/6/2006,Rockford,2006
785,Cheap Trick,,,,,,,,,,,,,,,,,,,23,,,,,,,,,,,,,,,,June,,,,,,,,84,,,,,,,,78,,,Cheap Trick Unlimited,6/23/2009,The Latest,2009
786,Cheap Trick,,,,,,,,,,,,,,,,,,,1,,,,,,,,,,,,,,,,April,,,79,,,,,63,,,,,,,111,31,,,Big Machine,4/1/2016,"Bang, Zoom, Crazy... Hello",2016
787,Cheap Trick,,,,,,,,,,,,,,,,,,,16,,,,,,,,,,,,,,,,June,,,,,,,,72,,,,,,,,63,,,Big Machine,6/16/2017,We're All Alright!,2017
788,Cheap Trick,,,,,,,,,,,,,,,,,,,20,,,,,,,,,,,,,,,,October,,,,,,,,,,,,,,,,,,,Big Machine,10/20/2017,Christmas Christmas,2017
789,Cheap Trick,,,,,,,,,,,,,,,,,,,9,,,,,,,,,,,,,,,,April,,,,,49,,,,,,,,,,,142,,,BMG,4/9/2021,In Another World,2021
790,Cher,,,,,,,,,,,,,,,,,,,16,,,,,,CD,,,,LP,,,,,,October,,,,,,,,,,,,,,,7,16,,,"Imperial, Liberty",10/16/1965,All I Really Want to Do,1965
791,Cher,,,,,,,,,,,,,,,,,,,28,,,,,,CD,,,,LP,,,reel-to-reel,,,March,,,,,,,,,,,,,,,11,26,,,"Imperial, Liberty",3/28/1966,The Sonny Side of Chér,1966
792,Cher,,,,,,,,,,,,,,,,,,,5,,,,,,CD,,,,LP,,,,,,September,,,,,,,,,,,,,,,,59,,,"Imperial, Liberty",9/5/1966,Chér,1966
793,Cher,,,,,,,,,,,,,,,,,,,23,,,,,,CD,,,,LP,,,,,,October,,,,,,,,,,,,,,,,47,,,"Imperial, Liberty",10/23/1967,"With Love, Chér",1967
794,Cher,,,,,,,,,,,,,,,,,,,27,,,,,,CD,,,,LP,,,,,,May,,,,,,,,,,,,,,,,,,,"Imperial, Liberty",5/27/1968,Backstage,1968
795,Cher,,,,,,,,,,,,,,,,,,,20,,,,,,CD,,,,LP,,,,,,June,,,,,,,,,,,,,,,,160,,,"Atco, Rhino",6/20/1969,3614 Jackson Highway,1969
796,Cher,,,,,,,,,,,,,RIAA,Gold,,,,,1,,,,,cassette,CD,,,,LP,,,reel-to-reel,,,September,43,,14,,,,,,,,,,,,,16,,,"Kapp, MCA, Universal",9/1/1971,"Gypsys, Tramps & Thieves",1971
797,Cher,,,,,,,,,,,,,,,,,,,10,,,,,cassette,CD,,,,LP,,,reel-to-reel,,,July,,,39,,,,,,,,,,,,,43,,,"Kapp, MCA",7/10/1972,Foxy Lady,1972
798,Cher,,,,,,,,,,,,,,,,,,,1,,,,,cassette,CD,,,,LP,,,reel-to-reel,,,April,,,,,,,,,,,,,,,,140,,,MCA,4/1/1973,Bittersweet White Light,1973
799,Cher,,,,,,,,,,,,,RIAA,Gold,,,,,1,,,,,cassette,CD,,,,LP,,,reel-to-reel,,,September,65,,21,,,,,,,,,,,,,28,,,MCA,9/1/1973,Half-Breed,1973
800,Cher,,,,,,,,,,,,,,,,,,,1,,,,,cassette,CD,,,,LP,,,reel-to-reel,,,May,86,,33,,,,,,,,,,,,,69,,,MCA,5/1/1974,Dark Lady,1974
801,Cher,,,,,,,,,,,,,,,,,,,19,,,,,cassette,,,,,LP,,,,,,April,100,,,,,,,,,,,,,,,153,,,Warner Bros.,4/19/1975,Stars,1975
802,Cher,,,,,,,,,,,,,,,,,,,12,,,,,cassette,,,,,LP,,,,,,October,,,,,,,,,,,,,,,,,,,Warner Bros.,10/12/1976,I'd Rather Believe in You,1976
803,Cher,,,,,,,,,,,,,,,,,,,11,,8-track,,,cassette,,,,,LP,,,,,,August,,,,,,,,,,,,,,,,,,,Warner Bros.,8/11/1977,Cherished,1977
804,Cher,,,,,,,,,,,,,RIAA,Gold,,,,,25,,8-track,,,cassette,CD,,,,LP,,,,,,January,,,24,,,,,,,,,,,,,25,,,"Casablanca, Philips",1/25/1979,Take Me Home,1979
805,Cher,,,,,,,,,,,,,,,,,,,22,,,,,cassette,CD,,,,LP,,,,,,October,,,,,,,,,,,,,,,,,,,Casablanca,10/22/1979,Prisoner,1979
806,Cher,,,,,,,,,,,,,,,,,,,28,,8-track,,,cassette,CD,,,,LP,,,,,,May,,,,,,,,,,,,,,,,,,,Columbia,5/28/1982,I Paralyze,1982
807,Cher,ARIA,Gold,,,,,BPI,Gold,,,,,RIAA,Platinum,,,,,10,,,,,cassette,CD,,,,LP,,,,,,November,32,,39,,,,,,,,,,44,,26,32,,,Geffen,11/10/1987,Cher,1987
808,Cher,ARIA,Platinum,,,,,BPI,Platinum,,MC,Platinum,,RIAA,Platinum,,,,,10,,,,,cassette,CD,,,,LP,,,,,,July,1,15,17,,19,,,,,,7,,19,,7,10,,,Geffen,7/10/1989,Heart of Stone,1989
809,Cher,ARIA,Platinum,,BMVI,Platinum,,BPI,Platinum,,MC,Platinum,,RIAA,Gold,,,,,18,,,,,cassette,CD,,,,LP,,,,,,June,15,1,29,,6,,,,,,4,,4,3,1,48,,,Geffen,6/18/1991,Love Hurts,1991
810,Cher,,,,,,,BPI,Gold,,,,,,,,,,,6,,,,,cassette,CD,,,,LP,,,,,,November,,8,46,,74,,,,,,,,18,,10,64,,,"WEA, Reprise",11/6/1995,It's a Man's World,1995
811,Cher,ARIA,Platinum,,BMVI,Platinum,,BPI,Platinum,,MC,Platinum,,RIAA,Platinum,,,,,10,,,,,cassette,CD,,,,LP,MiniDisc,,,,,November,13,1,1,,1,,,,,,1,2,2,2,7,4,,,"WEA, Warner Bros.",11/10/1998,Believe,1998
812,Cher,,,,,,,,,,,,,,,,,,,8,,,,,,CD,,digital download,,,,,,,,November,,,,,,,,,,,,,,,,,,,Artistdirect,11/8/2000,Not Commercial,2000
813,Cher,,,,BMVI,Gold,,BPI,Gold,,,,,RIAA,Gold,,,,,19,,,,,cassette,CD,,digital download,,,,,,,,November,68,19,64,,13,,,,,,26,17,29,16,46,9,,,"WEA, Warner Bros.",11/19/2001,Living Proof,2001
814,Cher,,,,,,,BPI,Silver,,MC,Gold,,,,,,,,24,,,,,,CD,,digital download,,LP,,,,,,September,17,11,4,,6,,,,,,,32,45,11,4,3,,,Warner Bros.,9/24/2013,Closer to the Truth,2013
815,Cher,,,,,,,BPI,Silver,,MC,Gold,,,,,,,,28,,,,,,CD,,digital download,,LP,,,,,,September,2,4,2,,5,,,,,,2,2,7,6,2,3,,,Warner Bros.,9/28/2018,Dancing Queen,2018
816,Cher,,,,,,,,,,,,,,,,,,,20,,,,,,CD,,digital download,,LP,,,,,,October,40,7,37,,9,,,,,,18,60,23,12,5,32,,,Warner Records,10/20/2023,Christmas,2023
817,Chicago,,,,,,,,,,MC,Platinum,,RIAA,Platinum,,,,,28,,8-track,,,cassette,CD,,,,LP,,,,,,April,23,,10,1,,,,,6,8,,,,,9,17,,,Columbia,4/28/1969,The Chicago Transit Authority,1969
818,Chicago,,,,,,,,,,MC,Platinum,,RIAA,Platinum,,,,,26,,8-track,,,cassette,CD,,,,LP,,,,,,January,5,,4,13,20,,8,,2,,,,7,,6,4,,,Columbia,1/26/1970,Chicago,1970
819,Chicago,,,,,,,,,,MC,Gold,,RIAA,Platinum,,,,,11,,8-track,,,cassette,,,,,LP,,,,,,January,6,,7,,17,,9,,5,8,,,5,,9,2,,,Columbia,1/11/1971,Chicago III,1971
820,Chicago,,,,,,,,,,MC,Gold,,RIAA,Platinum,,,,,25,,8-track,,,cassette,CD,,,,LP,,,,,,October,26,,3,,,,,,,,,,,,,3,,,Columbia,10/25/1971,Chicago at Carnegie Hall,1971
821,Chicago,,,,,,,,,,MC,Platinum,,RIAA,Platinum,,,,,10,,8-track,,,cassette,CD,,,,LP,,,,,,July,5,,1,,,,13,,4,7,,,5,,24,1,,,Columbia,7/10/1972,Chicago V,1972
822,Chicago,,,,,,,,,,MC,Platinum,,RIAA,Platinum,,,,,25,,8-track,,,cassette,CD,,,,LP,,,,,,June,12,,2,,,,22,,,13,,,3,,,1,,,Columbia,6/25/1973,Chicago VI,1973
823,Chicago,,,,,,,,,,MC,Gold,,RIAA,Platinum,,,,,11,,8-track,,,cassette,CD,,,,LP,,,,,,March,13,,4,,,,,,,13,,,18,,,1,,,Columbia,3/11/1974,Chicago VII,1974
824,Chicago,,,,,,,,,,MC,Gold,,RIAA,Platinum,,,,,24,,8-track,,,cassette,CD,,,,LP,,,,,,March,27,,3,17,,,,,,6,30,,25,,,1,,,Columbia,3/24/1975,Chicago VIII,1975
825,Chicago,,,,,,,,,,MC,Platinum,,RIAA,Platinum,,,,,10,,8-track,,,cassette,CD,,,,LP,,,,,,November,16,,1,,,,,,,,7,,,,,1,,,Columbia,11/10/1975,Chicago IX: Chicago's Greatest Hits,1975
826,Chicago,,,,,,,BPI,Silver,,MC,Platinum,,RIAA,Platinum,,,,,14,,8-track,,,cassette,CD,,,,LP,,,,,,June,3,,3,,5,,8,,4,7,6,,6,,21,3,,,Columbia,6/14/1976,Chicago X,1976
827,Chicago,,,,,,,,,,MC,Platinum,,RIAA,Platinum,,,,,12,,8-track,,,cassette,CD,,,,LP,,,,,,September,7,,4,8,39,,15,,12,5,,,8,,,6,,,Columbia,9/12/1977,Chicago XI,1977
828,Chicago,,,,,,,,,,MC,Platinum,,RIAA,Platinum,,,,,2,,8-track,,,cassette,CD,,,,LP,,,,,,October,14,,10,25,,,,,,7,9,,23,,,12,,,Columbia,10/2/1978,Hot Streets,1978
829,Chicago,,,,,,,,,,MC,Gold,,RIAA,Gold,,,,,13,,8-track,,,cassette,CD,,,,LP,,,,,,August,24,,21,,,,,,,16,,,30,,,21,,,Columbia,8/13/1979,Chicago 13,1979
830,Chicago,,,,,,,,,,,,,,,,,,,21,,8-track,,,cassette,CD,,,,LP,,,,,,July,71,,60,,,,,,,,,,46,,,71,,,Columbia,7/21/1980,Chicago XIV,1980
831,Chicago,,,,,,,,,,,,,,,,,,,23,,8-track,,,cassette,CD,,,,LP,,,,,,November,,,,,,,,,,,,,,,,171,,,Columbia,11/23/1981,"Greatest Hits, Volume II",1981
832,Chicago,,,,,,,,,,MC,Gold,,RIAA,Platinum,,,,,7,,8-track,,,cassette,CD,,,,LP,,,,,,June,22,,17,,11,,13,,33,,24,,,,44,9,,,Full Moon,6/7/1982,Chicago 16,1982
833,Chicago,,,,,,,BPI,Gold,,,,,RIAA,Platinum,,,,,14,,8-track,,,cassette,CD,,,,LP,,,,,,May,65,,4,23,12,,,,20,14,25,,1,,24,4,,,Full Moon,5/14/1984,Chicago 17,1984
834,Chicago,,,,,,,,,,,,,RIAA,Gold,,,,,29,,8-track,,,cassette,CD,,,,LP,,,,,,September,,,53,,49,,,,,12,,,15,,,35,,,Full Moon,9/29/1986,Chicago 18,1986
835,Chicago,,,,,,,,,,,,,RIAA,Platinum,,,,,20,,8-track,,,cassette,CD,,,,LP,,,,,,June,,,38,,42,,,,,5,,,7,,,37,,,Full Moon,6/20/1988,Chicago 19,1988
836,Chicago,ARIA,Gold,,,,,BPI,Platinum,,MC,Gold,,RIAA,Platinum,,,,,21,,,,,cassette,CD,,,,LP,,,,,,November,71,,73,,47,,23,,,,,,,,6,37,,,Full Moon,11/21/1989,Greatest Hits 1982-1989 Issued as: The Heart of Chicago in Europe.,1989
837,Chicago,,,,,,,,,,,,,,,,,,,29,,,,,cassette,CD,,,,LP,,,,,,January,,,73,,66,,,,52,11,,,18,,,66,,,Full Moon,1/29/1991,Twenty 1,1991
838,Chicago,,,,,,,,,,,,,,,,,,,23,,,,,cassette,CD,,,,,,,,,,May,,,,,,,,,,,,,,,,90,,,Giant,5/23/1995,Night & Day: Big Band,1995
839,Chicago,ARIA,Gold,,,,,,,,,,,RIAA,Gold,,,,,22,,,,,cassette,CD,,,,,,,,,,April,,,47,,,,,,2,4,41,,,,21,55,,,Reprise,4/22/1997,The Heart of Chicago 1967 - 1997,1997
840,Chicago,,,,,,,,,,,,,,,,,,,12,,,,,cassette,CD,,,,,,,,,,May,,,,,,,,,,,,,,,,154,,,Reprise,5/12/1998,The Heart of Chicago 1967 - 1998 Volume II,1998
841,Chicago,,,,,,,,,,,,,RIAA,Gold,,,,,25,,,,,cassette,CD,,,,,,,,,,August,,,,,,,,,,,,,,,,47,,,Chicago,8/25/1998,"Chicago XXV: The Christmas Album Reissued as: What's It Gonna Be, Santa? (2003).",1998
842,Chicago,,,,,,,,,,,,,,,,,,,12,,,,,,CD,,,,,,,,,,October,,,,,,,,,,,,,,,,,,,Chicago,10/12/1999,Chicago XXVI: Live in Concert,1999
843,Chicago,ARIA,Gold,,,,,BPI,Gold,,,,,RIAA,Platinum,,,,,2,,,,,,CD,,,,,,,,,,July,86,,,,25,,,,4,,,,,,11,20,,,Rhino,7/2/2002,The Very Best of Chicago: Only the Beginning Issued as: The Chicago Story: Complete Greatest Hits in Europe.,2002
844,Chicago,,,,,,,,,,,,,,,,,,,22,,,,,,CD,,,,,,,,,,July,,,,,,,,,,,,,,,,,,,Rhino,7/22/2003,The Box,2003
845,Chicago,,,,,,,,,,,,,,,,,,,25,,,,,,CD,,digital download,,,,,,,,January,,,,,,,,,,,,,5,,,57,,,Rhino,1/25/2005,Love Songs,2005
846,Chicago,,,,,,,,,,,,,,,,,,,21,,,,,,CD,,digital download,,,,,,,,March,,,,,,,,,,,,,,,,41,,,Rhino,3/21/2006,Chicago XXX,2006
847,Chicago,,,,,,,,,,,,,RIAA,Gold,,,,,2,,,,,,CD,,digital download,,,,,,,,October,,,,,,,,,,,,,,,,100,,,Rhino,10/2/2007,The Best of Chicago: 40th Anniversary Edition,2007
848,Chicago,,,,,,,,,,,,,,,,,,,17,,,,,,CD,,digital download,,,,,,,,June,,,,,,,,,,,,,,,,122,,,Rhino,6/17/2008,Chicago XXXII: Stone of Sisyphus,2008
849,Chicago,,,,,,,,,,,,,,,,,,,4,,,,,,CD,,digital download,,,,,,,,October,,,,,,,,,,,,,,,,170,,,Chicago Records II,10/4/2011,Chicago XXXIII: O Christmas Three,2011
850,Chicago,,,,,,,,,,,,,,,,,,,24,,,,,,CD,,digital download,,,,,,,,May,,,,,,,,,,,,,,,,,,,Rhino,5/24/2011,Chicago XXXIV: Live in '75,2011
851,Chicago,,,,,,,,,,,,,,,,,,,26,,,,,,CD,,digital download,,,,,,,,April,,,,,,,,,,,,,,,,,,,Chicago Records II,4/26/2013,Chicago XXXV: The Nashville Sessions,2013
852,Chicago,,,,,,,,,,,,,,,,,,,4,,,,,,CD,,digital download,,,,,,,,July,,,,,56,,,,,,,,,,181,82,,,Frontiers,7/4/2014,Chicago XXXVI: Now,2014
853,Chicago,,,,,,,,,,,,,,,,,,,11,,,,,,CD,,digital download,,LP,,,,,,October,,,,,,,,,,,,,,,,,,,Rhino,10/11/2019,Chicago XXXVII: Chicago Christmas,2019
854,Chicago,,,,,,,,,,,,,,,,,,,15,,,,,,CD,,digital download,,LP,,,,,,July,,,,,,,,,,,,,,,,,,,BMG,7/15/2022,Chicago XXXVIII: Born for This Moment,2022
855,Chicago,,,,,,,,,,,,,,,,,,,3,,,,,,CD,,digital download,,LP,,,,,,November,,,,,,,,,,,,,,,,,,,Rhino,11/3/2023,Chicago Greatest Christmas Hits,2023
856,Chicago,,,,,,,,,,,,,,,,,,,27,,,,,,CD,,digital download,,LP,,,,,,September,,,,,,,,,,,,,,,,,,,Rhino,9/27/2024,"Chicago At The John F. Kennedy Center For The Performing Arts, Washington D.C. (9/16/71)",2024
857,Chubby Checker,,,,,,,,,,,,,,,,,,,1,,,,,,,,,,,,,,,,January,,,,,,,,,,,,,,,13,3,,,Parker,1/1/1960,Twist with Chubby Checker,1960
858,Chubby Checker,,,,,,,,,,,,,,,,,,,1,,,,,,,,,,,,,,,,January,,,,,,,,,,,,,,,17,8,,,Parker,1/1/1960,For Twisters Only,1960
859,Chubby Checker,,,,,,,,,,,,,,,,,,,1,,,,,,,,,,,,,,,,January,,,,,,,,,,,,,,,,11,,,Parker,1/1/1961,Let's Twist Again,1961
860,Chubby Checker,,,,,,,,,,,,,,,,,,,1,,,,,,,,,,,,,,,,January,,,,,,,,,,,,,,,,110,,,,1/1/1961,It's Pony Time,1961
861,Chubby Checker,,,,,,,,,,,,,,,,,,,1,,,,,,,,,,,,,,,,January,,,,,,,,,,,,,,,,17,,,Parker,1/1/1961,For 'Teen Twisters Only,1961
862,Chubby Checker,,,,,,,,,,,,,,,,,,,1,,,,,,,,,,,,,,,,January,,,,,,,,,,,,,,,,11,,,Parker,1/1/1962,Limbo Party,1962
863,Chubby Checker,,,,,,,,,,,,,,,,,,,1,,,,,,,,,,,,,,,,January,,,,,,,,,,,,,,,,90,,,,1/1/1962,Beach Party,1962
864,Chubby Checker,,,,,,,,,,,,,,,,,,,1,,,,,,,,,,,,,,,,January,,,,,,,,,,,,,,,,54,,,,1/1/1962,Twistin' Round the World,1962
865,Chubby Checker,,,,,,,,,,,,,,,,,,,1,,,,,,,,,,,,,,,,January,,,,,,,,,,,,,,,,87,,,,1/1/1963,Let's Limbo Some More,1963
866,Chubby Checker,,,,,,,,,,,,,,,,,,,1,,,,,,,,,,,,,,,,January,,,,,,,,,,,,,,,,104,,,,1/1/1963,Chubby Checker in Person,1963
867,Chubby Checker,,,,,,,,,,,,,,,,,,,1,,,,,,,,,,,,,,,,January,,,,,,,,,,,,,,,,,,,,1/1/1964,Chubby's Folk Album,1964
868,Chubby Checker,,,,,,,,,,,,,,,,,,,1,,,,,,,,,,,,,,,,January,,,,,,,,,,,,,,,,,,,,1/1/1965,At the Discotheque,1965
869,Chubby Checker,,,,,,,,,,,,,,,,,,,1,,,,,,,,,,,,,,,,January,,,,,,,,,,,,,,,,,,,London,1/1/1971,Chequered!,1971
870,Chubby Checker,,,,,,,,,,,,,,,,,,,1,,,,,,,,,,,,,,,,January,,,,,,,,,,,,,,,,186,,,,1/1/1982,The Change Has Come,1982
871,Chubby Checker,,,,,,,,,,,,,,,,,,,1,,,,,,,,,,,,,,,,January,,,,,,,,,,,,,,,,,,,,1/1/1994,The Texas Twisting,1994
872,Chubby Checker,,,,,,,,,,,,,,,,,,,1,,,,,,,,,,,,,,,,January,,,,,,,,,,,,,,,,,,,,1/1/2001,Towards The Light,2001
873,Chubby Checker,,,,,,,,,,,,,,,,,,,1,,,,,,,,,,,,,,,,January,,,,,,,,,,,,,,,,7,,,,1/1/1960,Bobby Rydell/Chubby Checker (with Bobby Rydell),1960
874,Chuck Berry,,,,,,,,,,,,,,,,,,,1,,,,,,,,,,,,,,,,May,,,,,,,,,,,,,,,,,,,Chess,5/1/1957,After School Session,1957
875,Chuck Berry,,,,,,,,,,,,,,,,,,,1,,,,,,,,,,,,,,,,March,,,,,,,,,,,,,,,,,,,Chess,3/1/1958,One Dozen Berrys,1958
876,Chuck Berry,,,,,,,,,,,,,,,,,,,1,,,,,,,,,,,,,,,,July,,,,,,,,,,,,,,,,,,,Chess,7/1/1959,Berry Is on Top,1959
877,Chuck Berry,,,,,,,,,,,,,,,,,,,1,,,,,,,,,,,,,,,,July,,,,,,,,,,,,,,,,,,,Chess,7/1/1960,Rockin' at the Hops,1960
878,Chuck Berry,,,,,,,,,,,,,,,,,,,1,,,,,,,,,,,,,,,,March,,,,,,,,,,,,,,,,,,,Chess,3/1/1961,New Juke Box Hits,1961
879,Chuck Berry,,,,,,,,,,,,,,,,,,,1,,,,,,,,,,,,,,,,August,,,,,,,,,,,,,,,,,,,Checker,8/1/1964,Two Great Guitars (with Bo Diddley),1964
880,Chuck Berry,,,,,,,,,,,,,,,,,,,1,,,,,,,,,,,,,,,,November,,,,,,,,,,,,,,,,124,,,Chess,11/1/1964,St. Louis to Liverpool,1964
881,Chuck Berry,,,,,,,,,,,,,,,,,,,1,,,,,,,,,,,,,,,,April,,,,,,,,,,,,,,,,,,,Chess,4/1/1965,Chuck Berry in London,1965
882,Chuck Berry,,,,,,,,,,,,,,,,,,,1,,,,,,,,,,,,,,,,November,,,,,,,,,,,,,,,,,,,Chess,11/1/1965,Fresh Berry's,1965
883,Chuck Berry,,,,,,,,,,,,,,,,,,,1,,,,,,,,,,,,,,,,March,,,,,,,,,,,,,,,,,,,Mercury,3/1/1967,Chuck Berry's Golden Hits,1967
884,Chuck Berry,,,,,,,,,,,,,,,,,,,1,,,,,,,,,,,,,,,,September,,,,,,,,,,,,,,,,,,,Mercury,9/1/1967,Chuck Berry in Memphis,1967
885,Chuck Berry,,,,,,,,,,,,,,,,,,,1,,,,,,,,,,,,,,,,November,,,,,,,,,,,,,,,,185,,,Mercury,11/1/1968,From St. Louie to Frisco,1968
886,Chuck Berry,,,,,,,,,,,,,,,,,,,1,,,,,,,,,,,,,,,,June,,,,,,,,,,,,,,,,,,,Mercury,6/1/1969,Concerto in B. Goode,1969
887,Chuck Berry,,,,,,,,,,,,,,,,,,,1,,,,,,,,,,,,,,,,November,,,,,,,,,,,,,,,,,,,Chess,11/1/1970,Back Home,1970
888,Chuck Berry,,,,,,,,,,,,,,,,,,,1,,,,,,,,,,,,,,,,September,,,,,,,,,,,,,,,,,,,Chess,9/1/1971,San Francisco Dues,1971
889,Chuck Berry,,,,,,,,,,,,,RIAA,Gold,,,,,1,,,,,,,,,,,,,,,,June,,,6,,,,,,,,,,,,,8,,,Chess,6/1/1972,The London Chuck Berry Sessions,1972
890,Chuck Berry,,,,,,,,,,,,,,,,,,,1,,,,,,,,,,,,,,,,August,,,,,,,,,,,,,,,,175,,,Chess,8/1/1973,Bio,1973
891,Chuck Berry,,,,,,,,,,,,,,,,,,,1,,,,,,,,,,,,,,,,February,,,,,,,,,,,,,,,,,,,Chess,2/1/1975,Chuck Berry,1975
892,Chuck Berry,,,,,,,,,,,,,,,,,,,1,,,,,,,,,,,,,,,,January,,,,,,,,,,,,,,,,,,,Atco,1/1/1979,Rock It,1979
893,Chuck Berry,,,,,,,,,,,,,,,,,,,1,,,,,,,,,,,,,,,,June,,,,39,31,,,,,,,,,14,9,49,,,Dualtone,6/1/2017,Chuck,2017
894,Cream,ARIA,Gold,,,,,BPI,Gold,,,,,RIAA,Gold,,,,,9,,,,,,,,,,,,,,,,December,10,,,20,,,,,,,,,,,6,39,,,Reaction,12/9/1966,Fresh Cream,1966
895,Cream,ARIA,Platinum,,,,,BPI,Gold,,,,,RIAA,Platinum,,,,,1,,,,,,,,,,,,,,,,November,1,,10,2,,,,,,16,,,,,5,4,,,Reaction,11/1/1967,Disraeli Gears,1967
896,Cream,ARIA,Platinum,,,,,BPI,Silver,,,,,RIAA,Platinum,,,,,9,,,,,,,,,,,,,,,,August,1,,1,2,15,,,,,16,,,,,3,1,,,Polydor,8/9/1968,Wheels of Fire,1968
897,Cream,ARIA,Gold,,,,,BPI,Platinum,,,,,RIAA,Gold,,,,,5,,,,,,,,,,,,,,,,February,6,,5,3,9,,,,,7,,,,,1,2,,,Polydor,2/5/1969,Goodbye,1969
898,Creedence Clearwater Revival,,,,,,,,,,,,,RIAA,Platinum,,,,,5,,,,,,,,,,,,,,,,July,,,,,,,,92,,29,,,,,,52,,,Fantasy,7/5/1968,Creedence Clearwater Revival,1968
899,Creedence Clearwater Revival,,,,,,,,,,,,,RIAA,Platinum,,,,,15,,,,,,,,,,,,,,,,January,,,14,,33,,,93,,,,,,,62,7,,,Fantasy,1/15/1969,Bayou Country,1969
900,Creedence Clearwater Revival,,,,,,,,,,,,,RIAA,Platinum,,,,,7,,,,,,,,,,,,,,,,August,,,2,,11,,16,46,,5,,,,,20,1,,,Fantasy,8/7/1969,Green River,1969
901,Creedence Clearwater Revival,,,,,,,,,,,,,RIAA,Platinum,,,,,29,,,,,,,,,,,,,,,,October,2,,2,,25,,17,11,,2,,,,,10,3,,,Fantasy,10/29/1969,Willy and the Poor Boys,1969
902,Creedence Clearwater Revival,,,,,,,BPI,Gold,,,,,RIAA,Platinum,,,,,8,,,,,,,,,,,,,,,,July,1,,1,,4,,2,10,,1,,,,,1,1,,,Fantasy,7/8/1970,Cosmo's Factory,1970
903,Creedence Clearwater Revival,,,,,,,,,,,,,RIAA,Platinum,,,,,9,,,,,,,,,,,,,,,,December,1,,2,,3,,3,2,,1,,,,,8,5,,,Fantasy,12/9/1970,Pendulum,1970
904,Creedence Clearwater Revival,,,,,,,,,,,,,RIAA,Gold,,,,,11,,,,,,,,,,,,,,,,April,8,,11,,10,,4,3,,5,,,,,,12,,,Fantasy,4/11/1972,Mardi Gras,1972
905,"Crosby, Stills & Nash",ARIA,Platinum,,,,,BPI,Gold,,,,,RIAA,Platinum,,,,,29,,,,,,,,,,,,,,,,May,10,,2,,,,,,,,,4,,,25,6,,,Atlantic,5/29/1969,"Crosby, Stills & Nash",1969
906,"Crosby, Stills & Nash",,,,,,,BPI,Gold,,,,,RIAA,Platinum,,,,,11,,,,,,,,,,,,,,,,March,1,,1,3,12,,,,,11,,8,2,,5,1,,,Atlantic,3/11/1970,Déjà  Vu,1970
907,"Crosby, Stills & Nash",,,,,,,,,,,,,RIAA,Platinum,,,,,17,,,,,,,,,,,,,,,,June,7,,9,23,,,,,,10,,21,17,,23,2,,,Atlantic,6/17/1977,CSN,1977
908,"Crosby, Stills & Nash",,,,,,,,,,,,,RIAA,Platinum,,,,,21,,,,,,,,,,,,,,,,June,46,,30,18,31,,,,,14,,,18,,,8,,,Atlantic,6/21/1982,Daylight Again,1982
909,"Crosby, Stills & Nash",,,,,,,,,,,,,RIAA,Platinum,,,,,1,,,,,,,,,,,,,,,,November,47,,5,,48,,,,,,,,26,,,16,,,Atlantic,11/1/1988,American Dream,1988
910,"Crosby, Stills & Nash",,,,,,,,,,,,,,,,,,,11,,,,,,,,,,,,,,,,June,,,58,,,,,,,,,,,,,57,,,Atlantic,6/11/1990,Live It Up,1990
911,"Crosby, Stills & Nash",,,,,,,,,,,,,,,,,,,16,,,,,,,,,,,,,,,,August,,,,,,,,,,,,,,,,98,,,Atlantic,8/16/1994,After the Storm,1994
912,"Crosby, Stills & Nash",,,,,,,,,,,,,,,,,,,26,,,,,,,,,,,,,,,,October,,,17,60,10,,,,,7,,,26,,54,26,,,Reprise,10/26/1999,Looking Forward,1999
913,Curtis Mayfield,,,,,,,,,,,,,,,,,,,1,,,,,,,,,,,,,,,,January,,,,,,,,,,,,,,,,43,,,ABC-Paramount,1/1/1963,The Impressions,1963
914,Curtis Mayfield,,,,,,,,,,,,,,,,,,,1,,,,,,,,,,,,,,,,January,,,,,,,,,,,,,,,,52,,,ABC-Paramount,1/1/1964,The Never Ending Impressions,1964
915,Curtis Mayfield,,,,,,,,,,,,,,,,,,,1,,,,,,,,,,,,,,,,January,,,,,,,,,,,,,,,,8,,4,ABC-Paramount,1/1/1964,Keep on Pushing,1964
916,Curtis Mayfield,,,,,,,,,,,,,,,,,,,1,,,,,,,,,,,,,,,,January,,,,,,,,,,,,,,,,23,,1,ABC-Paramount,1/1/1965,People Get Ready,1965
917,Curtis Mayfield,,,,,,,,,,,,,,,,,,,1,,,,,,,,,,,,,,,,January,,,,,,,,,,,,,,,,104,,4,ABC-Paramount,1/1/1965,One by One,1965
918,Curtis Mayfield,,,,,,,,,,,,,,,,,,,1,,,,,,,,,,,,,,,,January,,,,,,,,,,,,,,,,79,,4,ABC-Paramount,1/1/1966,Ridin' High,1966
919,Curtis Mayfield,,,,,,,,,,,,,,,,,,,1,,,,,,,,,,,,,,,,January,,,,,,,,,,,,,,,,184,,16,ABC,1/1/1967,The Fabulous Impressions,1967
920,Curtis Mayfield,,,,,,,,,,,,,,,,,,,1,,,,,,,,,,,,,,,,January,,,,,,,,,,,,,,,,35,,4,ABC,1/1/1968,We're a Winner,1968
921,Curtis Mayfield,,,,,,,,,,,,,,,,,,,1,,,,,,,,,,,,,,,,January,,,,,,,,,,,,,,,,107,,5,Curtom,1/1/1968,This Is My Country,1968
922,Curtis Mayfield,,,,,,,,,,,,,,,,,,,1,,,,,,,,,,,,,,,,January,,,,,,,,,,,,,,,,,,,ABC,1/1/1969,The Versatile Impressions,1969
923,Curtis Mayfield,,,,,,,,,,,,,,,,,,,1,,,,,,,,,,,,,,,,January,,,,,,,,,,,,,,,,104,,21,Curtom,1/1/1969,The Young Mods' Forgotten Story,1969
924,Curtis Mayfield,,,,,,,,,,,,,,,,,,,1,,,,,,,,,,,,,,,,January,,,,,,,,,,,,,,,,,,22,Curtom,1/1/1970,Check Out Your Mind!,1970
925,Curtis Mayfield,,,,,,,,,,,,,RIAA,Gold,,,,,1,,,,,,,,,,,,,,,,January,,,,,,,,,,,,,,,30,19,,1,Curtom,1/1/1970,Curtis,1970
926,Curtis Mayfield,,,,,,,,,,,,,,,,,,,1,,,,,,,,,,,,,,,,January,,,,,,,,,,,,,,,,21,,3,Curtom,1/1/1971,Curtis/Live!,1971
927,Curtis Mayfield,,,,,,,,,,,,,,,,,,,1,,,,,,,,,,,,,,,,January,,,,,,,,,,,,,,,,40,,6,Curtom,1/1/1971,Roots,1971
928,Curtis Mayfield,,,,,,,,,,,,,RIAA,Gold,,,,,1,,,,,,,,,,,,,,,,January,,,,,,,,,,,,,,,26,1,,1,Curtom,1/1/1972,Super Fly,1972
929,Curtis Mayfield,,,,,,,,,,,,,RIAA,Gold,,,,,1,,,,,,,,,,,,,,,,January,,,,,,,,,,,,,,,,16,,1,Curtom,1/1/1973,Back to the World,1973
930,Curtis Mayfield,,,,,,,,,,,,,,,,,,,1,,,,,,,,,,,,,,,,January,,,,,,,,,,,,,,,,,,,Curtom,1/1/1973,Curtis in Chicago,1973
931,Curtis Mayfield,,,,,,,,,,,,,,,,,,,1,,,,,,,,,,,,,,,,January,,,,,,,,,,,,,,,,35,,1,Buddah,1/1/1974,Claudine,1974
932,Curtis Mayfield,,,,,,,,,,,,,,,,,,,1,,,,,,,,,,,,,,,,January,,,,,,,,,,,,,,,,39,,2,Curtom,1/1/1974,Sweet Exorcist,1974
933,Curtis Mayfield,,,,,,,,,,,,,,,,,,,1,,,,,,,,,,,,,,,,January,,,,,,,,,,,,,,,,76,,17,Curtom,1/1/1974,Got to Find a Way,1974
934,Curtis Mayfield,,,,,,,,,,,,,,,,,,,1,,,,,,,,,,,,,,,,January,,,,,,,,,,,,,,,,20,,1,Curtom,1/1/1975,Let's Do It Again,1975
935,Curtis Mayfield,,,,,,,,,,,,,,,,,,,1,,,,,,,,,,,,,,,,January,,,,,,,,,,,,,,,,120,,13,Curtom,1/1/1975,There's No Place Like America Today,1975
936,Curtis Mayfield,,,,,,,,,,,,,,,,,,,1,,,,,,,,,,,,,,,,January,,,,,,,,,,,,,,,,171,,16,Curtom,1/1/1976,"Give, Get, Take and Have",1976
937,Curtis Mayfield,,,,,,,,,,,,,,,,,,,1,,,,,,,,,,,,,,,,January,,,,,,,,,,,,,,,,18,,1,Atlantic,1/1/1976,Sparkle,1976
938,Curtis Mayfield,,,,,,,,,,,,,,,,,,,1,,,,,,,,,,,,,,,,January,,,,,,,,,,,,,,,,173,,32,Curtom,1/1/1977,Never Say You Can't Survive,1977
939,Curtis Mayfield,,,,,,,,,,,,,,,,,,,1,,,,,,,,,,,,,,,,January,,,,,,,,,,,,,,,,,,59,Curtom,1/1/1977,Short Eyes,1977
940,Curtis Mayfield,,,,,,,,,,,,,,,,,,,1,,,,,,,,,,,,,,,,January,,,,,,,,,,,,,,,,,,52,Curtom,1/1/1978,Do It All Night,1978
941,Curtis Mayfield,,,,,,,,,,,,,,,,,,,1,,,,,,,,,,,,,,,,January,,,,,,,,,,,,,,,,42,,19,Curtom,1/1/1979,Heartbeat,1979
942,Curtis Mayfield,,,,,,,,,,,,,,,,,,,1,,,,,,,,,,,,,,,,January,,,,,,,,,,,,,,,,128,,33,Curtom,1/1/1980,Something to Believe In,1980
943,Curtis Mayfield,,,,,,,,,,,,,,,,,,,1,,,,,,,,,,,,,,,,January,,,,,,,,,,,,,,,,180,,53,RSO/Curtom,1/1/1980,The Right Combination,1980
944,Curtis Mayfield,,,,,,,,,,,,,,,,,,,1,,,,,,,,,,,,,,,,January,,,,,,,,,,,,,,,,,,39,Curtom,1/1/1981,Love Is the Place,1981
945,Curtis Mayfield,,,,,,,,,,,,,,,,,,,1,,,,,,,,,,,,,,,,January,,,,,,,,,,,,,,,,,,49,Boardwalk Label,1/1/1983,Honesty,1983
946,Curtis Mayfield,,,,,,,,,,,,,,,,,,,1,,,,,,,,,,,,,,,,January,,,,,,,,,,,,,,,,,,84,Curtom,1/1/1985,We Come in Peace with a Message of Love,1985
947,Curtis Mayfield,,,,,,,,,,,,,,,,,,,1,,,,,,,,,,,,,,,,January,,,,,,,,,,,,,,,,,,,Curtom,1/1/1988,Live in Europe,1988
948,Curtis Mayfield,,,,,,,,,,,,,,,,,,,1,,,,,,,,,,,,,,,,January,,,,,,,,,,,,,,,,,,59,Curtom,1/1/1990,Take It to the Streets,1990
949,Curtis Mayfield,,,,,,,,,,,,,,,,,,,1,,,,,,,,,,,,,,,,January,,,,,,,,,,,,,,,,,,72,Capitol Records,1/1/1990,The Return of Superfly,1990
950,Curtis Mayfield,,,,,,,,,,,,,,,,,,,1,,,,,,,,,,,,,,,,January,,,,,,,,,,,,,,,,,,,Curtom,1/1/1990,People Get Ready: Live at Ronnie Scott's,1990
951,Curtis Mayfield,,,,,,,,,,,,,,,,,,,1,,,,,,,,,,,,,,,,January,,,,,,,,,,,,,,,44,137,,24,Warner Bros.,1/1/1996,New World Order,1996
952,Cyndi Lauper,ARIA,Platinum,,,,,BPI,Gold,,MC,Platinum,,RIAA,Platinum,,SNEP,Gold,,13,,,,,,,,,,,,,,,,October,3,5,1,14,23,,,5,,,,,22,8,16,4,,,"Portrait, Epic",10/13/1983,She's So Unusual,1983
953,Cyndi Lauper,ARIA,Gold,,,,,BPI,Silver,,MC,Platinum,,RIAA,Platinum,,SNEP,Gold,,15,,,,,,,,,,,,,,,,September,1,15,7,13,18,,,2,,,,,20,8,25,4,,,"Portrait, Epic",9/15/1986,True Colors,1986
954,Cyndi Lauper,ARIA,Gold,,,,,,,,MC,Gold,,,,,SNEP,Gold,,8,,,,,,,,,,,,,,,,May,17,,34,15,19,,,3,,,,,32,18,9,37,,,Epic,5/8/1989,A Night to Remember,1989
955,Cyndi Lauper,,,,,,,,,,,,,,,,,,,30,,,,,,,,,,,,,,,,June,102,,68,9,52,,,15,,,,,,32,56,112,,,Epic,6/30/1993,Hat Full of Stars,1993
956,Cyndi Lauper,,,,,,,,,,,,,,,,,,,23,,,,,,,,,,,,,,,,November,,45,,,,,,15,,,,,,,59,188,,,Epic,11/23/1996,Sisters of Avalon,1996
957,Cyndi Lauper,,,,,,,,,,,,,,,,,,,27,,,,,,,,,,,,,,,,October,,,,,,,,75,,,,,,,,,,,Epic,10/27/1998,Merry Christmas... Have a Nice Life,1998
958,Cyndi Lauper,,,,,,,,,,,,,,,,,,,18,,,,,,,,,,,,,,,,November,32,,32,85,,,,205,,,,,,50,124,38,,,Daylight / Epic,11/18/2003,At Last,2003
959,Cyndi Lauper,,,,,,,,,,,,,,,,,,,3,,,,,,,,,,,,,,,,May,,,,,,,,120,,,,,,,,,,,Epic,5/3/2004,Shine,2004
960,Cyndi Lauper,,,,,,,,,,,,,,,,,,,8,,,,,,,,,,,,,,,,November,175,60,,190,,,,42,,,,,,86,55,112,,,Daylight / Epic,11/8/2005,The Body Acoustic,2005
961,Cyndi Lauper,,,,,,,,,,,,,,,,,,,27,,,,,,,,,,,,,,,,May,87,48,40,129,,,,18,,,,,,,,41,,,Epic,5/27/2008,Bring Ya to the Brink,2008
962,Cyndi Lauper,,,,,,,,,,,,,,,,,,,22,,,,,,,,,,,,,,,,June,59,,45,31,77,,,41,,,,,85,77,105,26,,,Mercer Street / Downtown,6/22/2010,Memphis Blues,2010
963,Cyndi Lauper,,,,,,,,,,,,,,,,,,,2,,,,,,,,,,,,,,,,May,15,,69,142,64,,,122,,,,,,55,43,29,,,Sire,5/2/2016,Detour,2016
964,Darlene Love,,,,,,,,,,,,,,,,,,,1,,,,,,,,,,,,,,,,January,,,,,,,,,,,,,,,,,,,,1/1/1988,Paint Another Picture,1988
965,Darlene Love,,,,,,,,,,,,,,,,,,,1,,,,,,,,,,,,,,,,January,,,,,,,,,,,,,,,,,,,,1/1/1992,Bringing It Home,1992
966,Darlene Love,,,,,,,,,,,,,,,,,,,1,,,,,,,,,,,,,,,,January,,,,,,,,,,,,,,,,,,,,1/1/1998,Unconditional Love,1998
967,Darlene Love,,,,,,,,,,,,,,,,,,,1,,,,,,,,,,,,,,,,October,,,,,,,,,,,,,,,,,,,,10/1/2007,It's Christmas of Course,2007
968,Darlene Love,,,,,,,,,,,,,,,,,,,1,,,,,,,,,,,,,,,,September,,,,,,,,,,,,,,,,134,,3,Columbia,9/1/2015,Introducing Darlene Love,2015
969,Dave Matthews Band,,,,,,,,,,MC,Gold,,RIAA,Platinum,,,,,27,,,,,cassette,CD,,digital download,,LP,,,,,,September,,,,,,,,,,,,,,,,11,,,RCA,9/27/1994,Under the Table and Dreaming,1994
970,Dave Matthews Band,,,,,,,,,,MC,Platinum,,RIAA,Platinum,,,,,30,,,,,cassette,CD,,digital download,,LP,,,,,,April,,,25,,,,,,,,37,,,,,2,,,RCA,4/30/1996,Crash,1996
971,Dave Matthews Band,,,,,,,,,,MC,Platinum,,RIAA,Platinum,,,,,28,,,,,cassette,CD,,digital download,,LP,,,,,,April,66,,6,,,,,,,,29,,44,,168,1,,,RCA,4/28/1998,Before These Crowded Streets,1998
972,Dave Matthews Band,,,,,,,,,,MC,Platinum,,RIAA,Platinum,,,,,27,,,,,,CD,,digital download,,,,,,,,February,71,,1,,97,,,,,,30,,58,,89,1,,,RCA,2/27/2001,Everyday,2001
973,Dave Matthews Band,,,,,,,,,,,,,RIAA,Platinum,,,,,16,,,,,,CD,,digital download,,,,,,,,July,,,1,,,,,,,,,,,,,1,,,RCA,7/16/2002,Busted Stuff,2002
974,Dave Matthews Band,,,,,,,,,,,,,RIAA,Platinum,,,,,10,,,,,,CD,,digital download,,,,,,,,May,16,,3,,,,,,,,35,,,,,1,,,RCA,5/10/2005,Stand Up,2005
975,Dave Matthews Band,,,,,,,,,,MC,Gold,,RIAA,Platinum,,,,,2,,,,,,CD,,digital download,,LP,,,,,,June,64,,2,,74,,,,99,,,,,,59,1,,,RCA,6/2/2009,Big Whiskey & the GrooGrux King,2009
976,Dave Matthews Band,,,,,,,,,,,,,RIAA,Gold,,,,,11,,,,,,CD,,digital download,,LP,,,,,,September,,,3,,,,,,90,,,,,,,1,,,RCA,9/11/2012,Away from the World,2012
977,Dave Matthews Band,,,,,,,,,,,,,,,,,,,8,,,,,cassette,CD,,digital download,,LP,,,,,,June,,,2,,,,,,,,,,,,,1,,,RCA,6/8/2018,Come Tomorrow,2018
978,Dave Matthews Band,,,,,,,,,,,,,,,,,,,19,,,,,cassette,CD,,digital download,,LP,,,,,,May,,,,,,,,,,,,,,,,5,,,RCA,5/19/2023,Walk Around the Moon,2023
979,David Bowie,,,,,,,,,,,,,,,,,,,1,,,,,,,,,,LP,,,,,,June,,,,,,,,,,,,,,,125,,,,Deram,6/1/1967,David Bowie,1967
980,David Bowie,,,,,,,BPI,Gold,,,,,,,,,,,14,,,,,,,,,,LP,,,,,,November,21,,,,,,,,,,,,,66,17,16,,,"Philips, Mercury",11/14/1969,David Bowie,1969
981,David Bowie,,,,,,,BPI,Gold,,,,,,,,,,,4,,8-track,,,cassette,,,,,LP,,,,,,November,44,,,,,,,,,,,,,,21,105,,,Mercury,11/4/1970,The Man Who Sold the World,1970
982,David Bowie,,,,,,,BPI,Platinum,,,,,,,,,,,17,,8-track,,,cassette,,,,,LP,,,,,,December,39,52,,,53,,,,,23,30,,16,32,3,57,,,RCA,12/17/1971,Hunky Dory,1971
983,David Bowie,,,,,,,BPI,Platinum,,,,,RIAA,Gold,,,,,16,,8-track,,,cassette,,,,,LP,,,,,,June,11,34,,,12,,,,,17,20,,19,21,5,21,,,RCA,6/16/1972,The Rise and Fall of Ziggy Stardust and the Spiders from Mars,1972
984,David Bowie,,,,,,,BPI,Platinum,,,,,RIAA,Gold,,,,,19,,8-track,,,cassette,,,,,LP,,,,,,April,7,,,,65,,,,,11,,,9,,1,17,,,RCA,4/19/1973,Aladdin Sane,1973
985,David Bowie,ARIA,Gold,,,,,BPI,Gold,,,,,,,,,,,19,,8-track,,,cassette,,,,,LP,,,,,,October,4,,,,,,,,,8,,,1,,1,23,,,RCA,10/19/1973,Pin Ups,1973
986,David Bowie,,,,,,,BPI,Gold,,,,,RIAA,Gold,,,,,24,,8-track,,,cassette,,,,,LP,,,,,,May,3,,,,40,,,,,8,,,4,,1,5,,,RCA,5/24/1974,Diamond Dogs,1974
987,David Bowie,,,,,,,BPI,Gold,,MC,Gold,,RIAA,Gold,,,,,7,,8-track,,,cassette,,,,,LP,,,,,,March,9,,,,,,,,,13,3,,6,92,2,9,,,RCA,3/7/1975,Young Americans,1975
988,David Bowie,,,,,,,BPI,Gold,,MC,Gold,,RIAA,Gold,,,,,23,,8-track,,,cassette,,,,,LP,,,,,,January,8,47,,,91,,,,,8,9,,11,65,5,3,,,RCA,1/23/1976,Station to Station,1976
989,David Bowie,,,,,,,BPI,Gold,,MC,Gold,,,,,,,,14,,8-track,,,cassette,,,,,LP,,,,,,January,10,16,,,84,,,,,10,12,,12,40,2,11,,,RCA,1/14/1977,Low,1977
990,David Bowie,,,,,,,BPI,Gold,,MC,Gold,,,,,,,,14,,8-track,,,cassette,,,,,LP,,,,,,October,6,19,,,44,,,,,13,15,,13,34,3,35,,,RCA,10/14/1977,"""Heroes""",1977
991,David Bowie,,,,,,,BPI,Gold,,,,,,,,,,,18,,8-track,,,cassette,,,,,LP,,,,,,May,11,13,,,,,,,,11,3,,9,,4,20,,,RCA,5/18/1979,Lodger,1979
992,David Bowie,ARIA,Platinum,,,,,BPI,Platinum,,MC,Platinum,,,,,,,,12,,8-track,,,cassette,,,,,LP,,,,,,September,1,20,,,8,,,,,3,1,,4,75,1,12,,,RCA,9/12/1980,Scary Monsters (and Super Creeps),1980
993,David Bowie,,,,,,,BPI,Platinum,,MC,Platinum,,RIAA,Platinum,,,,,14,,8-track,,,cassette,CD,,,,LP,,,,,,April,1,2,,,2,,,,,1,1,,1,17,1,4,,,EMI,4/14/1983,Let's Dance,1983
994,David Bowie,,,,,,,BPI,Gold,,MC,Platinum,,RIAA,Platinum,,,,,24,,8-track,,,cassette,CD,,,,LP,,,,,,September,4,8,,,8,,,,,3,4,,4,8,1,11,,,EMI America,9/24/1984,Tonight,1984
995,David Bowie,,,,,,,BPI,Gold,,MC,Platinum,,RIAA,Gold,,,,,21,,,,,cassette,CD,,,,LP,,,,,,April,19,3,,,11,,,,,3,14,,2,18,6,34,,,EMI America,4/21/1987,Never Let Me Down,1987
996,David Bowie,,,,,,,BPI,Gold,,MC,Gold,,,,,,,,5,,,,,cassette,CD,,,,LP,,,,,,April,12,18,,,15,,,,,8,8,,18,18,1,39,,,"Savage, Arista",4/5/1993,Black Tie White Noise,1993
997,David Bowie,,,,,,,,,,,,,,,,,,,8,,,,,cassette,CD,,,,LP,,,,,,November,,,,,,,,,,,,,,,87,,,,Arista,11/8/1993,The Buddha of Suburbia,1993
998,David Bowie,,,,,,,BPI,Silver,,,,,,,,,,,26,,,,,cassette,CD,,,,LP,,,,,,September,55,22,,,33,,,,,15,37,,13,22,8,21,,,Arista,9/26/1995,Outside,1995
999,David Bowie,,,,,,,BPI,Silver,,,,,,,,,,,3,,,,,cassette,CD,,,,LP,,,,,,February,45,15,,,11,,,,,13,15,,5,20,6,39,,,Arista,2/3/1997,Earthling,1997
1000,David Bowie,,,,,,,BPI,Gold,,,,,,,,,,,4,,,,,cassette,CD,,digital download,,LP,,,,,,October,33,2,,,4,,,,,4,21,,2,18,5,47,,,Virgin,10/4/1999,Hours,1999
1001,David Bowie,,,,,,,BPI,Gold,,,,,,,,,,,10,,,,,cassette,CD,,digital download,,LP,,,,,,June,9,4,,,4,,,,,2,22,,6,7,5,14,,,ISO/Columbia,6/10/2002,Heathen,2002
1002,David Bowie,,,,,,,BPI,Gold,,,,,,,,,,,15,,,,,cassette,CD,,digital download,,LP,,,,,,September,13,3,,,3,,,,,2,14,,5,5,3,29,,,ISO/Columbia,9/15/2003,Reality,2003
1003,David Bowie,ARIA,Gold,,,,,BPI,Platinum,,MC,Gold,,,,,,,,8,,,,,,CD,,digital download,,LP,,,,,,March,2,2,,,1,,,,,1,1,,1,1,1,2,,,ISO/Columbia,3/8/2013,The Next Day,2013
1004,David Bowie,ARIA,Platinum,,,,,BPI,Platinum,,MC,Platinum,,RIAA,Gold,,,,,8,,,,,,CD,,digital download,,LP,,,,,,January,1,1,,,1,,,,,1,1,,1,1,1,1,,,ISO/Columbia,1/8/2016,Blackstar,2016
1005,David Bowie,,,,,,,,,,,,,,,,,,,26,,,,,,CD,,digital download,,LP,,,,,,November,,4,,,3,,,,,17,,,28,7,5,,,,"ISO, Parlophone",11/26/2021,Toy,2021
1006,Deep Purple,,,,,,,,,,,,,,,,,,,17,,8-track,,,cassette,CD,,,,LP,,,reel-to-reel,,,July,,,,,,,,,,,,,,,,24,,,Parlophone,7/17/1968,Shades of Deep Purple,1968
1007,Deep Purple,,,,,,,,,,,,,,,,,,,1,,8-track,,,cassette,CD,,,,LP,,,reel-to-reel,,,October,,,,,,,,,,,,,,,,54,,,Harvest,10/1/1968,The Book of Taliesyn,1968
1008,Deep Purple,,,,,,,,,,,,,,,,,,,1,,8-track,,,cassette,CD,,,,LP,,,reel-to-reel,,,June,,,,,,,,,,,,,,,,162,,,Harvest,6/1/1969,Deep Purple,1969
1009,Deep Purple,,,,,,,BPI,Gold,,,,,RIAA,Gold,,SNEP,Gold,,5,,8-track,,,cassette,CD,,,,LP,,,reel-to-reel,,,June,1,1,,,1,,,,,1,,,5,,4,143,,,Harvest,6/5/1970,Deep Purple in Rock,1970
1010,Deep Purple,,,,,,,,,,,,,RIAA,Gold,,,,,1,,8-track,,,cassette,CD,,,,LP,,,reel-to-reel,,,July,5,1,,,1,,,,3,1,,,1,,1,32,,,Harvest,7/1/1971,Fireball,1971
1011,Deep Purple,,,,,,,BPI,Gold,,,,,RIAA,Platinum,,SNEP,Gold,,30,,8-track,,,cassette,CD,,,,LP,,,reel-to-reel,,,March,1,4,,,1,,,,1,3,,,4,19,1,7,,,Purple,3/30/1972,Machine Head,1972
1012,Deep Purple,,,,,,,,,,,,,RIAA,Gold,,SNEP,Gold,,12,,8-track,,,cassette,CD,,,,LP,,,reel-to-reel,,,January,5,2,,,3,,,,5,1,,,1,,4,15,,,Purple,1/12/1973,Who Do We Think We Are,1973
1013,Deep Purple,,,,,,,BPI,Gold,,,,,RIAA,Gold,,SNEP,Gold,,15,,8-track,,,cassette,CD,,,,LP,,,reel-to-reel,,,February,7,1,,,1,,,,7,1,,,1,,3,9,,,Purple,2/15/1974,Burn,1974
1014,Deep Purple,,,,,,,BPI,Silver,,,,,RIAA,Gold,,SNEP,Gold,,8,,8-track,,,cassette,CD,,,,LP,,,reel-to-reel,,,November,8,4,,,10,,,,,2,,,6,,6,20,,,Purple,11/8/1974,Stormbringer,1974
1015,Deep Purple,,,,,,,BPI,Silver,,,,,,,,,,,7,,8-track,,,cassette,CD,,,,LP,,,reel-to-reel,,,November,11,,,,29,,,,12,6,,,16,,19,43,,,Purple,11/7/1975,Come Taste the Band,1975
1016,Deep Purple,ARIA,Gold,,,,,BPI,Gold,,MC,Platinum,,RIAA,Platinum,,,,,29,,8-track,,,cassette,CD,,,,LP,,,,,,October,19,5,,,2,,,,16,1,,,3,1,5,17,,,Polydor,10/29/1984,Perfect Strangers,1984
1017,Deep Purple,,,,,,,BPI,Silver,,MC,Gold,,,,,,,,12,,,,,cassette,CD,,,,LP,,,,,,January,39,11,,,1,,,,11,1,,,1,3,10,34,,,Polydor,1/12/1987,The House of Blue Light,1987
1018,Deep Purple,,,,,,,,,,,,,,,,,,,22,,,,,cassette,CD,,,,LP,,,,,,October,72,28,,,23,,,,72,16,,,12,5,45,87,,,RCA,10/22/1990,Slaves and Masters,1990
1019,Deep Purple,,,,,,,,,,,,,,,,,,,19,,,,,cassette,CD,,,,LP,,,,,,July,,9,,,13,,,,39,9,,,8,7,21,192,,,BMG,7/19/1993,The Battle Rages On...,1993
1020,Deep Purple,,,,,,,,,,,,,,,,,,,5,,,,,cassette,CD,,,,LP,,,,,,February,,16,,,20,,,,87,30,,,3,17,58,,,,BMG,2/5/1996,Purpendicular,1996
1021,Deep Purple,,,,,,,,,,,,,,,,,,,1,,,,,cassette,CD,,,,LP,,,,,,May,,25,,,16,,,,,6,,,32,46,76,,,,EMI,5/1/1998,Abandon,1998
1022,Deep Purple,,,,,,,,,,,,,,,,,,,25,,,,,,CD,,,,LP,,,,,,August,,12,,,3,,,,,19,,,18,13,85,,,,EMI,8/25/2003,Bananas,2003
1023,Deep Purple,,,,,,,,,,,,,,,,,,,24,,,,,,CD,,,,LP,,,,,,October,,20,,,10,,,,,,,,22,16,81,,,,Edel,10/24/2005,Rapture of the Deep,2005
1024,Deep Purple,,,,,,,,,,,,,,,,,,,26,,,,,,CD,,,,LP,,,,,,April,,1,,,1,,,,12,1,,,7,2,19,110,,,earMusic,4/26/2013,Now What?!,2013
1025,Deep Purple,,,,,,,,,,,,,,,,,,,7,,,,,cassette,CD,,,,LP,,,,,,April,20,4,,,1,,,,6,3,,,5,1,6,105,,,earMusic,4/7/2017,Infinite,2017
1026,Deep Purple,,,,,,,,,,,,,,,,,,,7,,,,,cassette,CD,,,,LP,,,,,,August,13,1,,,1,,,,7,3,,,3,1,4,161,,,earMusic,8/7/2020,Whoosh!,2020
1027,Deep Purple,,,,,,,,,,,,,,,,,,,26,,,,,cassette,CD,,,,LP,,,,,,November,,5,,,5,,,,25,21,,,14,4,28,,,,earMusic,11/26/2021,Turning to Crime,2021
1028,Deep Purple,,,,,,,,,,,,,,,,,,,20,,,,,cassette,CD,,,,LP,,,,,,July,58,2,,,1,,,,8,,,,1,1,12,,,,earMusic,7/20/2024,1,2024
1029,Def Leppard,,,,,,,,,,MC,Platinum,,RIAA,Platinum,,,,,14,,,,,cassette,CD,,,,LP,,,,,,March,98,,,,,,,,,,,,,,15,51,,,Vertigo,3/14/1980,On Through the Night,1980
1030,Def Leppard,,,,,,,,,,MC,Platinum,,RIAA,Platinum,,,,,6,,,,,cassette,CD,,,,LP,,,,,,July,,,,,,,,,,,,,31,,26,38,,,Vertigo,7/6/1981,High 'n' Dry,1981
1031,Def Leppard,,,,,,,BPI,Silver,,MC,Platinum,,RIAA,Diamond,,SNEP,Gold,,20,,,,,cassette,CD,,,,LP,,,,,,January,70,,4,,20,,,,,,26,,23,45,18,2,,,Mercury,1/20/1983,Pyromania,1983
1032,Def Leppard,ARIA,Platinum,,,,,BPI,Platinum,,MC,Diamond,,RIAA,Platinum,,,,,3,,,,,cassette,CD,,,,LP,,,,,,August,1,,1,,10,,,,,1,1,,2,2,1,1,,,Mercury,8/3/1987,Hysteria,1987
1033,Def Leppard,ARIA,Platinum,,,,,BPI,Platinum,,MC,Platinum,,RIAA,Platinum,,SNEP,Gold,,30,,,,,cassette,CD,,,,LP,,,,,,March,1,,1,,8,,,,,2,1,,5,1,1,1,,,Mercury,3/30/1992,Adrenalize,1992
1034,Def Leppard,,,,,,,BPI,Gold,,MC,Platinum,,RIAA,Gold,,,,,14,,,,,cassette,CD,,,,LP,,,,,,May,11,,12,,34,,,,,25,14,,5,19,5,14,,,Mercury,5/14/1996,Slang,1996
1035,Def Leppard,,,,,,,,,,MC,Gold,,RIAA,Gold,,,,,8,,,,,cassette,CD,,,,LP,,,,,,June,59,,32,,14,,,,,30,,,7,14,11,11,,,Mercury,6/8/1999,Euphoria,1999
1036,Def Leppard,,,,,,,,,,,,,,,,,,,30,,,,,cassette,CD,,,,LP,,,,,,July,49,,12,,19,,,,,19,,,15,9,14,11,,,Island,7/30/2002,X,2002
1037,Def Leppard,,,,,,,,,,,,,,,,,,,23,,,,,,CD,,,,LP,,,,,,May,95,,13,,73,,,,,,,,25,57,52,16,,,Mercury/Island,5/23/2006,Yeah!,2006
1038,Def Leppard,,,,,,,,,,,,,,,,,,,25,,,,,,CD,,,,LP,,,,,,April,82,,7,,43,,,,,15,26,,26,29,10,5,,,Mercury,4/25/2008,Songs from the Sparkle Lounge,2008
1039,Def Leppard,,,,,,,,,,,,,,,,,,,30,,,,,,CD,,,,LP,,,,,,October,4,,11,,10,,,,,15,17,,11,2,11,10,,,Bludgeon Riffola/earMUSIC,10/30/2015,Def Leppard,2015
1040,Def Leppard,,,,,,,,,,,,,,,,,,,27,,,,,cassette,CD,,,,LP,,,,,,May,3,,16,,8,,,,,,21,,14,4,5,10,,,Bludgeon Riffola/Mercury,5/27/2022,Diamond Star Halos,2022
1041,Del Shannon,,,,,,,,,,,,,,,,,,,1,,,,,,,,,,,,,,,,January,,,,,,,,,,,,,,,,,,,Bigtop,1/1/1961,Runaway with Del Shannon,1961
1042,Del Shannon,,,,,,,,,,,,,,,,,,,1,,,,,,,,,,,,,,,,January,,,,,,,,,,,,,,,9,,,,London,1/1/1963,Hats Off to Del Shannon,1963
1043,Del Shannon,,,,,,,,,,,,,,,,,,,1,,,,,,,,,,,,,,,,January,,,,,,,,,,,,,,,15,12,,,Bigtop Records,1/1/1963,Little Town Flirt,1963
1044,Del Shannon,,,,,,,,,,,,,,,,,,,1,,,,,,,,,,,,,,,,January,,,,,,,,,,,,,,,,,,,Amy,1/1/1964,Handy Man,1964
1045,Del Shannon,,,,,,,,,,,,,,,,,,,1,,,,,,,,,,,,,,,,January,,,,,,,,,,,,,,,,,,,Amy,1/1/1965,Del Shannon Sings Hank Williams,1965
1046,Del Shannon,,,,,,,,,,,,,,,,,,,1,,,,,,,,,,,,,,,,January,,,,,,,,,,,,,,,,,,,Amy,1/1/1965,"1,661 Seconds with Del Shannon",1965
1047,Del Shannon,,,,,,,,,,,,,,,,,,,1,,,,,,,,,,,,,,,,January,,,,,,,,,,,,,,,,,,,Liberty,1/1/1966,This Is My Bag,1966
1048,Del Shannon,,,,,,,,,,,,,,,,,,,1,,,,,,,,,,,,,,,,January,,,,,,,,,,,,,,,,,,,Liberty,1/1/1966,Total Commitment,1966
1049,Del Shannon,,,,,,,,,,,,,,,,,,,1,,,,,,,,,,,,,,,,January,,,,,,,,,,,,,,,,,,,Liberty,1/1/1968,The Further Adventures of Charles Westover,1968
1050,Del Shannon,,,,,,,,,,,,,,,,,,,1,,,,,,,,,,,,,,,,January,,,,,,,,,,,,,,,,,,,,1/1/1978,...And The Music Plays On,1978
1051,Del Shannon,,,,,,,,,,,,,,,,,,,1,,,,,,,,,,,,,,,,January,,,,,,,,,,,,,,,,123,,,Network,1/1/1981,Drop Down and Get Me,1981
1052,Del Shannon,,,,,,,,,,,,,,,,,,,1,,,,,,,,,,,,,,,,January,,,,,,,,,,,,,,,,,,,Silvertone,1/1/1991,Rock On!,1991
1053,Del Shannon,,,,,,,,,,,,,,,,,,,1,,,,,,,,,,,,,,,,January,,,,,,,,,,,,,,,,,,,EMI,1/1/2006,Home and Away,2006
1054,Del Shannon,,,,,,,,,,,,,,,,,,,1,,,,,,,,,,,,,,,,January,,,,,,,,,,,,,,,,,,,RockBeat,1/1/2017,The Dublin Sessions,2017
1055,Depeche Mode,,,,,,,BPI,Gold,,,,,,,,,,,5,,,,,cassette,CD,,,,LP,,,,,,October,28,,,,49,,99,,,,,,21,,10,192,,,Mute,10/5/1981,Speak & Spell,1981
1056,Depeche Mode,,,,,,,BPI,Gold,,,,,,,,,,,27,,,,,cassette,CD,,,,LP,,,,,,September,,,,194,56,,88,,,,,,22,,8,177,,,Mute,9/27/1982,A Broken Frame,1982
1057,Depeche Mode,,,,,,,BPI,Gold,,,,,,,,,,,22,,,,,cassette,CD,,,,LP,,,,,,August,,,,,7,,,,32,,,,12,21,6,,,,Mute,8/22/1983,Construction Time Again,1983
1058,Depeche Mode,,,,,,,BPI,Silver,,,,,RIAA,Platinum,,,,,24,,,,,cassette,CD,,,,LP,,,,,,September,,19,,,3,,32,,34,,,,7,5,5,51,,,Mute,9/24/1984,Some Great Reward,1984
1059,Depeche Mode,,,,,,,BPI,Silver,,,,,RIAA,Gold,,SNEP,Gold,,17,,,,,cassette,CD,,,,LP,,,,,,March,69,26,,19,2,,17,,35,,,,5,1,4,90,,,Mute,3/17/1986,Black Celebration,1986
1060,Depeche Mode,,,,,,,BPI,Silver,,,,,RIAA,Platinum,,SNEP,Platinum,,28,,,,,cassette,CD,,,,LP,,,,,,September,60,16,,7,2,,7,,52,,,,4,4,10,35,,,Mute,9/28/1987,Music for the Masses,1987
1061,Depeche Mode,,,,,,,BPI,Gold,,,,,RIAA,Platinum,,SNEP,Platinum,,19,,,,,cassette,CD,digital compact cassette,,,LP,MiniDisc,,,,,March,42,4,,1,2,,5,,17,,,,6,2,2,7,,,Mute,3/19/1990,Violator,1990
1062,Depeche Mode,,,,,,,BPI,Gold,,,,,RIAA,Platinum,,SNEP,Gold,,22,,,,,cassette,CD,digital compact cassette,,,LP,MiniDisc,,,,,March,14,1,,1,1,,1,,18,,,,2,1,1,1,,,"Mute, Reprise",3/22/1993,Songs of Faith and Devotion,1993
1063,Depeche Mode,,,,,,,BPI,Gold,,,,,RIAA,Gold,,SNEP,Gold,,14,,,,,cassette,CD,,,,LP,,,,,,April,7,5,,2,1,,2,,17,,,,1,4,1,5,,,Mute,4/14/1997,Ultra,1997
1064,Depeche Mode,,,,,,,BPI,Gold,,,,,RIAA,Gold,,SNEP,Gold,,14,,,,,cassette,CD,,digital download,,LP,MiniDisc,,,,,May,20,2,,1,1,,2,,15,,,,1,2,9,8,,,Mute,5/14/2001,Exciter,2001
1065,Depeche Mode,,,,,,,BPI,Gold,,,,,,,,SNEP,Platinum,,17,,,,,,CD,,digital download,,LP,,,,,,October,45,1,,1,1,,1,,11,,,,1,1,6,7,,,"Mute, Reprise",10/17/2005,Playing the Angel,2005
1066,Depeche Mode,,,,,,,BPI,Silver,,,,,,,,SNEP,Platinum,,20,,,,,,CD,,digital download,DVD,LP,,,,,,April,32,1,,2,1,,1,,7,,,,1,1,2,3,,,Mute,4/20/2009,Sounds of the Universe,2009
1067,Depeche Mode,,,,,,,BPI,Silver,,,,,,,,SNEP,Platinum,,25,,,,,,CD,,digital download,,LP,,,,,,March,16,1,,2,1,,1,,3,,,,1,1,2,6,,,"Columbia, Mute",3/25/2013,Delta Machine,2013
1068,Depeche Mode,,,,,,,BPI,Silver,,,,,,,,SNEP,Platinum,,17,,,,,,CD,,digital download,,LP,,,,,,March,14,1,,1,1,,1,,4,,,,3,1,5,5,,,"Columbia, Mute",3/17/2017,Spirit,2017
1069,Depeche Mode,,,,,,,,,,,,,,,,SNEP,Gold,,24,,,,,cassette,CD,,digital download,,LP,,,,,,March,36,1,,1,1,,1,,3,,,,1,1,2,14,,,"Columbia, Mute",3/24/2023,Memento Mori,2023
1070,Dion,,,,,,,,,,,,,,,,,,,1,,,,,,,,,,,,,,,,January,,,,,,,,,,,,,,,,,,,Laurie Records,1/1/1959,Presenting Dion and the Belmonts,1959
1071,Dion,,,,,,,,,,,,,,,,,,,1,,,,,,,,,,,,,,,,January,,,,,,,,,,,,,,,,,,,Laurie Records,1/1/1960,Wish Upon a Star with Dion and the Belmonts,1960
1072,Dion,,,,,,,,,,,,,,,,,,,1,,,,,,,,,,,,,,,,January,,,,,,,,,,,,,,,,,,,ABC Records,1/1/1967,Together Again,1967
1073,Dion,,,,,,,,,,,,,,,,,,,1,,,,,,,,,,,,,,,,January,,,,,,,,,,,,,,,,,,,Warner Bros. Records,1/1/1973,Live at Madison Square Garden 1972,1973
1074,Dion,,,,,,,,,,,,,,,,,,,1,,,,,,,,,,,,,,,,January,,,,,,,,,,,,,,,,,,,Laurie Records,1/1/1961,Runaround Sue,1961
1075,Dion,,,,,,,,,,,,,,,,,,,1,,,,,,,,,,,,,,,,January,,,,,,,,,,,,,,,,,,,Laurie Records,1/1/1961,Alone with Dion,1961
1076,Dion,,,,,,,,,,,,,,,,,,,1,,,,,,,,,,,,,,,,January,,,,,,,,,,,,,,,,,,,Laurie Records,1/1/1962,Lovers Who Wander,1962
1077,Dion,,,,,,,,,,,,,,,,,,,1,,,,,,,,,,,,,,,,January,,,,,,,,,,,,,,,,,,,Laurie Records,1/1/1963,Dion Sings to Sandy,1963
1078,Dion,,,,,,,,,,,,,,,,,,,1,,,,,,,,,,,,,,,,January,,,,,,,,,,,,,,,,,,,Columbia Records,1/1/1963,Ruby Baby,1963
1079,Dion,,,,,,,,,,,,,,,,,,,1,,,,,,,,,,,,,,,,January,,,,,,,,,,,,,,,,,,,Columbia Records,1/1/1963,Donna the Prima Donna,1963
1080,Dion,,,,,,,,,,,,,,,,,,,1,,,,,,,,,,,,,,,,January,,,,,,,,,,,,,,,,,,,Laurie Records,1/1/1963,Love Came to Me,1963
1081,Dion,,,,,,,,,,,,,,,,,,,1,,,,,,,,,,,,,,,,January,,,,,,,,,,,,,,,,,,,Laurie Records,1/1/1968,Dion,1968
1082,Dion,,,,,,,,,,,,,,,,,,,1,,,,,,,,,,,,,,,,January,,,,,,,,,,,,,,,,,,,Columbia Records,1/1/1969,Wonder Where I'm Bound,1969
1083,Dion,,,,,,,,,,,,,,,,,,,1,,,,,,,,,,,,,,,,January,,,,,,,,,,,,,,,,,,,Warner Bros. Records,1/1/1970,Sit Down Old Friend,1970
1084,Dion,,,,,,,,,,,,,,,,,,,1,,,,,,,,,,,,,,,,January,,,,,,,,,,,,,,,,,,,Warner Bros. Records,1/1/1971,You're Not Alone,1971
1085,Dion,,,,,,,,,,,,,,,,,,,1,,,,,,,,,,,,,,,,January,,,,,,,,,,,,,,,,,,,Warner Bros. Records,1/1/1971,Sanctuary,1971
1086,Dion,,,,,,,,,,,,,,,,,,,1,,,,,,,,,,,,,,,,January,,,,,,,,,,,,,,,,,,,Warner Bros. Records,1/1/1972,Suite for Late Summer,1972
1087,Dion,,,,,,,,,,,,,,,,,,,1,,,,,,,,,,,,,,,,January,,,,,,,,,,,,,,,,,,,Phil Spector International Records,1/1/1975,Born to Be with You,1975
1088,Dion,,,,,,,,,,,,,,,,,,,1,,,,,,,,,,,,,,,,January,,,,,,,,,,,,,,,,,,,Warner Bros. Records,1/1/1976,Streetheart,1976
1089,Dion,,,,,,,,,,,,,,,,,,,1,,,,,,,,,,,,,,,,January,,,,,,,,,,,,,,,,,,,Lifesong Records,1/1/1978,Return of the Wanderer,1978
1090,Dion,,,,,,,,,,,,,,,,,,,1,,,,,,,,,,,,,,,,January,,,,,,,,,,,,,,,,,,,DaySpring Records,1/1/1980,Inside Job,1980
1091,Dion,,,,,,,,,,,,,,,,,,,1,,,,,,,,,,,,,,,,January,,,,,,,,,,,,,,,,,,,DaySpring Records,1/1/1981,Only Jesus,1981
1092,Dion,,,,,,,,,,,,,,,,,,,1,,,,,,,,,,,,,,,,January,,,,,,,,,,,,,,,,,,,DaySpring Records,1/1/1983,I Put Away My Idols,1983
1093,Dion,,,,,,,,,,,,,,,,,,,1,,,,,,,,,,,,,,,,January,,,,,,,,,,,,,,,,,,,DaySpring Records,1/1/1984,Seasons,1984
1094,Dion,,,,,,,,,,,,,,,,,,,1,,,,,,,,,,,,,,,,January,,,,,,,,,,,,,,,,,,,Myrrh Records,1/1/1985,Kingdom in the Streets,1985
1095,Dion,,,,,,,,,,,,,,,,,,,1,,,,,,,,,,,,,,,,January,,,,,,,,,,,,,,,,,,,DaySpring Records,1/1/1986,Velvet & Steel,1986
1096,Dion,,,,,,,,,,,,,,,,,,,1,,,,,,,,,,,,,,,,January,,,,,,,,,,,,,,,,,,,Arista Records,1/1/1989,Yo Frankie,1989
1097,Dion,,,,,,,,,,,,,,,,,,,1,,,,,,,,,,,,,,,,January,,,,,,,,,,,,,,,,,,,Ace Records,1/1/1990,Fire in the Night,1990
1098,Dion,,,,,,,,,,,,,,,,,,,1,,,,,,,,,,,,,,,,January,,,,,,,,,,,,,,,,,,,Visionary Records,1/1/1992,Dream on Fire,1992
1099,Dion,,,,,,,,,,,,,,,,,,,1,,,,,,,,,,,,,,,,January,,,,,,,,,,,,,,,,,,,The Right Stuff Records,1/1/1993,Rock N' Roll Christmas,1993
1100,Dion,,,,,,,,,,,,,,,,,,,1,,,,,,,,,,,,,,,,January,,,,,,,,,,,,,,,,,,,Ace Records,1/1/2000,Déjà  Nu,2000
1101,Dion,,,,,,,,,,,,,,,,,,,1,,,,,,,,,,,,,,,,January,,,,,,,,,,,,,,,,,,,Collectables Records,1/1/2003,New Masters,2003
1102,Dion,,,,,,,,,,,,,,,,,,,1,,,,,,,,,,,,,,,,January,,,,,,,,,,,,,,,,,,,Verve Forecast Records,1/1/2006,Bronx in Blue,2006
1103,Dion,,,,,,,,,,,,,,,,,,,1,,,,,,,,,,,,,,,,January,,,,,,,,,,,,,,,,,,,Verve Forecast Records,1/1/2007,Son of Skip James,2007
1104,Dion,,,,,,,,,,,,,,,,,,,1,,,,,,,,,,,,,,,,January,,,,,,,,,,,,,,,,,,,Saguaro Roads Records,1/1/2008,Heroes:Giants of Early Guitar Rock,2008
1105,Dion,,,,,,,,,,,,,,,,,,,1,,,,,,,,,,,,,,,,January,,,,,,,,,,,,,,,,,,,Blue Horizon,1/1/2011,Tank Full of Blues,2011
1106,Dion,,,,,,,,,,,,,,,,,,,1,,,,,,,,,,,,,,,,January,,,,,,,,,,,,,,,,,,,Instant Records,1/1/2016,New York Is My Home,2016
1107,Dion,,,,,,,,,,,,,,,,,,,1,,,,,,,,,,,,,,,,January,,,,,,,,,,,,,,,,,,,Norton Records,1/1/2017,Kickin Child: Lost Columbia Album 1965,2017
1108,Dion,,,,,,,,,,,,,,,,,,,1,,,,,,,,,,,,,,,,January,,,,,,,,,,,,,,,,,,,KTBA Records,1/1/2020,Blues with Friends,2020
1109,Dion,,,,,,,,,,,,,,,,,,,1,,,,,,,,,,,,,,,,January,,,,,,,,,,,,,,,,,,,KTBA Records,1/1/2021,Stomping Ground,2021
1110,Dion,,,,,,,,,,,,,,,,,,,1,,,,,,,,,,,,,,,,January,,,,,,,,,,,,,,,,,,,KTBA Records,1/1/2024,Girl Friends,2024
1111,Dire Straits,,,,,,,BPI,Platinum,,MC,Platinum,,RIAA,Platinum,,SNEP,Platinum,,9,,,,,,,,,,,,,,,,June,1,17,2,1,3,,,,3,,2,,,7,5,2,,,Vertigo,6/9/1978,Dire Straits,1978
1112,Dire Straits,,,,,,,BPI,Platinum,,MC,Platinum,,RIAA,Gold,,SNEP,Platinum,,15,,,,,,,,,,,,,,,,June,5,7,14,3,1,,,,3,,1,,,2,5,11,,,Vertigo,6/15/1979,Communiqué,1979
1113,Dire Straits,,,,,,,BPI,Platinum,,MC,Platinum,,RIAA,Platinum,,SNEP,Gold,,17,,,,,,,,,,,,,,,,October,6,15,21,6,7,,,,6,,3,,,,4,19,,,Vertigo,10/17/1980,Making Movies,1980
1114,Dire Straits,ARIA,Platinum,,,,,BPI,Platinum,,MC,Platinum,,RIAA,Gold,,SNEP,Platinum,,24,,,,,,,,,,,,,,,,September,1,1,6,2,4,,,,1,,1,,,,1,19,,,Vertigo,9/24/1982,Love over Gold,1982
1115,Dire Straits,ARIA,Platinum,,,,,BPI,Platinum,,MC,Diamond,,RIAA,Platinum,,SNEP,Diamond,,17,,,,,,,,,,,,,,,,May,1,1,1,1,1,,,,1,,1,,,1,1,1,,,Vertigo,5/17/1985,Brothers in Arms,1985
1116,Dire Straits,ARIA,Platinum,,,,,BPI,Platinum,,MC,Platinum,,RIAA,Platinum,,SNEP,Diamond,,9,,,,,,,,,,,,,,,,September,1,1,3,1,1,,,,1,,1,,,1,1,12,,,Vertigo,9/9/1991,On Every Street,1991
1117,Dolly Parton,,,,,,,,,,,,,,,,,,,18,,,,,,,,,,,,,,,,September,,,,,,,,,,,,,,,,,11,,Monument,9/18/1967,"Hello, I'm Dolly",1967
1118,Dolly Parton,,,,,,,,,,,,,,,,,,,15,,,,,,,,,,,,,,,,April,,,,,,,,,,,,,,,,,22,,RCA Victor,4/15/1968,Just Because I'm a Woman,1968
1119,Dolly Parton,,,,,,,,,,,,,,,,,,,3,,,,,,,,,,,,,,,,February,,,,,,,,,,,,,,,,,15,,RCA Victor,2/3/1969,In the Good Old Days (When Times Were Bad),1969
1120,Dolly Parton,,,,,,,,,,,,,,,,,,,8,,,,,,,,,,,,,,,,September,,,,,,,,,,,,,,,,194,6,,RCA Victor,9/8/1969,My Blue Ridge Mountain Boy,1969
1121,Dolly Parton,,,,,,,,,,,,,,,,,,,2,,,,,,,,,,,,,,,,February,,,,,,,,,,,,,,,,,13,,RCA Victor,2/2/1970,The Fairest of Them All,1970
1122,Dolly Parton,,,,,,,,,,,,,,,,,,,15,,,,,,,,,,,,,,,,February,,,,,,,,,,,,,,,,,22,,RCA Victor,2/15/1971,The Golden Streets of Glory ,1971
1123,Dolly Parton,,,,,,,,,,,,,,,,,,,12,,,,,,,,,,,,,,,,April,,,24,,,,,,,,,,,,,198,16,,RCA Victor,4/12/1971,Joshua,1971
1124,Dolly Parton,ARIA,Gold,,,,,,,,,,,,,,,,,4,,,,,,,,,,,,,,,,October,,,,,,,,,,,,,,,,,7,,RCA Victor,10/4/1971,Coat of Many Colors,1971
1125,Dolly Parton,,,,,,,,,,,,,,,,,,,6,,,,,,,,,,,,,,,,March,,,,,,,,,,,,,,,,,19,,RCA Victor,3/6/1972,Touch Your Woman,1972
1126,Dolly Parton,,,,,,,,,,,,,,,,,,,2,,,,,,,,,,,,,,,,October,,,,,,,,,,,,,,,,,33,,RCA Victor,10/2/1972,"My Favorite Songwriter, Porter Wagoner",1972
1127,Dolly Parton,,,,,,,,,,,,,,,,,,,2,,,,,,,,,,,,,,,,April,,,,,,,,,,,,,,,,,19,,RCA Victor,4/2/1973,My Tennessee Mountain Home,1973
1128,Dolly Parton,,,,,,,,,,,,,,,,,,,10,,,,,,,,,,,,,,,,September,,,,,,,,,,,,,,,,,14,,RCA Victor,9/10/1973,Bubbling Over,1973
1129,Dolly Parton,ARIA,Platinum,,,,,,,,,,,RIAA,Gold,,,,,4,,,,,,,,,,,,,,,,February,,,,,,,,,,,,,,,,,6,,RCA Victor,2/4/1974,Jolene,1974
1130,Dolly Parton,,,,,,,,,,,,,,,,,,,16,,,,,,,,,,,,,,,,September,,,,,,,,,,,,,,,,,7,,RCA Victor,9/16/1974,Love Is Like a Butterfly,1974
1131,Dolly Parton,,,,,,,,,,,,,,,,,,,17,,,,,,,,,,,,,,,,February,,,,,,,,,,,,,,,,,9,,RCA Victor,2/17/1975,The Bargain Store,1975
1132,Dolly Parton,,,,,,,,,,,,,,,,,,,15,,,,,,,,,,,,,,,,September,,,,,,,,,,,,,,,,,14,,RCA Victor,9/15/1975,Dolly,1975
1133,Dolly Parton,,,,,,,,,,,,,,,,,,,16,,,,,,,,,,,,,,,,August,,,,,,,,,,,,,,,,,3,,RCA Victor,8/16/1976,All I Can Do,1976
1134,Dolly Parton,,,,,,,,,,,,,,,,,,,14,,,,,,,,,,,,,,,,February,,,,,,,,,,,,,,,,71,1,,RCA Victor,2/14/1977,New Harvest...First Gathering,1977
1135,Dolly Parton,ARIA,Gold,,,,,,,,MC,Gold,,RIAA,Platinum,,,,,3,,,,,,,,,,,,,,,,October,83,,12,,,,,,,,,,,,,20,1,,RCA Victor,10/3/1977,Here You Come Again,1977
1136,Dolly Parton,,,,,,,,,,MC,Gold,,RIAA,Gold,,,,,17,,,,,,,,,,,,,,,,July,67,,20,,,,,,,,,,,,,27,1,,RCA Victor,7/17/1978,Heartbreaker,1978
1137,Dolly Parton,,,,,,,,,,,,,RIAA,Gold,,,,,28,,,,,,,,,,,,,,,,May,48,,28,,,,,,,,,,,,,40,4,,RCA Victor,5/28/1979,Great Balls of Fire,1979
1138,Dolly Parton,,,,,,,,,,,,,,,,,,,14,,,,,,,,,,,,,,,,April,,,,,,,,,,,,,,,,71,7,,RCA Victor,4/14/1980,"Dolly, Dolly, Dolly",1980
1139,Dolly Parton,,,,,,,,,,MC,Gold,,RIAA,Gold,,,,,17,,,,,,,,,,,,,,,,November,33,,15,,,,,,,,,,15,,,11,1,,RCA Victor,11/17/1980,9 to 5 and Odd Jobs,1980
1140,Dolly Parton,,,,,,,,,,,,,,,,,,,29,,,,,,,,,,,,,,,,March,,,,,,,,,,,,,41,,,106,5,,RCA Victor,3/29/1982,Heartbreak Express,1982
1141,Dolly Parton,,,,,,,,,,,,,,,,,,,2,,,,,,,,,,,,,,,,May,,,,,,,,,,,,,,,,127,5,,RCA Victor,5/2/1983,Burlap & Satin,1983
1142,Dolly Parton,,,,,,,,,,,,,,,,,,,23,,,,,,,,,,,,,,,,January,22,,69,,,,,,,,,,9,,,73,7,,RCA Victor,1/23/1984,The Great Pretender,1984
1143,Dolly Parton,,,,,,,,,,,,,,,,,,,21,,,,,,,,,,,,,,,,January,,,,,,,,,,,,,30,,,,9,,RCA Victor,1/21/1985,Real Love,1985
1144,Dolly Parton,,,,,,,,,,,,,,,,,,,23,,,,,,,,,,,,,,,,November,83,,83,,,,,,,,,,,,,153,18,,Columbia,11/23/1987,Rainbow,1987
1145,Dolly Parton,,,,,,,,,,,,,RIAA,Gold,,,,,30,,,,,,,,,,,,,,,,May,116,,,,,,,,,,,,,,,,3,,Columbia,5/30/1989,White Limozeen,1989
1146,Dolly Parton,,,,,,,,,,,,,RIAA,Gold,,,,,11,,,,,,,,,,,,,,,,September,,,,,,,,,,,,,,,,,74,,Columbia,9/11/1990,Home for Christmas,1990
1147,Dolly Parton,,,,,,,,,,MC,Gold,,RIAA,Platinum,,,,,7,,,,,,,,,,,,,,,,March,185,,,,,,,,,,,,,,,24,1,,Columbia,3/7/1991,Eagle When She Flies,1991
1148,Dolly Parton,,,,,,,,,,MC,Gold,,RIAA,Platinum,,,,,23,,,,,,,,,,,,,,,,February,137,,,,,,,,,,,,,,,16,4,,Columbia,2/23/1993,Slow Dancing with the Moon,1993
1149,Dolly Parton,,,,,,,,,,,,,,,,,,,22,,,,,,,,,,,,,,,,August,,,,,,,,,,,,,,,,54,10,,"Columbia, Blue Eye",8/22/1995,Something Special,1995
1150,Dolly Parton,,,,,,,,,,,,,,,,,,,24,,,,,,,,,,,,,,,,September,,,,,,,,,,,,,,,116,122,21,,"Rising Tide, Blue Eye",9/24/1996,Treasures,1996
1151,Dolly Parton,,,,,,,,,,,,,,,,,,,25,,,,,,,,,,,,,,,,August,,,,,,,,,,,,,,,41,167,23,,"Decca, Blue Eye",8/25/1998,Hungry Again,1998
1152,Dolly Parton,,,,,,,,,,,,,,,,,,,17,,,,,,,,,,,,,,,,April,,,,,,,,,,,,,,,,,,,Blue Eye,4/17/1999,Precious Memories,1999
1153,Dolly Parton,,,,,,,,,,,,,,,,,,,26,,,,,,,,,,,,,,,,October,,,,,,,,,,,,,,,,198,24,,"Sugar Hill, Blue Eye",10/26/1999,The Grass Is Blue,1999
1154,Dolly Parton,,,,,,,BPI,Silver,,,,,,,,,,,23,,,,,,,,,,,,,,,,January,136,,,,,,,,,,,,27,,30,97,12,,"Sugar Hill, Blue Eye",1/23/2001,Little Sparrow,2001
1155,Dolly Parton,,,,,,,,,,,,,,,,,,,9,,,,,,,,,,,,,,,,July,192,,,,,51,,,,,,,,,37,58,4,,"Sugar Hill, Blue Eye",7/9/2002,Halos & Horns,2002
1156,Dolly Parton,,,,,,,,,,,,,,,,,,,11,,,,,,,,,,,,,,,,November,,,,,,,,,,,,,,,,167,23,,"Welk Music Group, Blue Eye",11/11/2003,For God and Country,2003
1157,Dolly Parton,,,,,,,,,,,,,,,,,,,11,,,,,,,,,,,,,,,,October,120,,,,,,,,,,,,24,,35,48,9,,"Sugar Hill, Blue Eye",10/11/2005,Those Were the Days,2005
1158,Dolly Parton,,,,,,,,,,,,,,,,,,,26,,,,,,,,,,,,,,,,February,,,,,,60,,,,,,,57,,35,17,2,,Dolly,2/26/2008,Backwoods Barbie,2008
1159,Dolly Parton,,,,,,,BPI,Silver,,,,,,,,,,,28,,,,,,,,,,,,,,,,June,29,,,,,68,,,,,29,,,,9,51,11,,"Dolly, Warner Music Nashville",6/28/2011,Better Day,2011
1160,Dolly Parton,,,,,,,BPI,Platinum,,,,,,,,,,,31,,,,,,,,,,,,,,,,January,7,,,,,21,,,,,1,,43,,2,6,2,,"Dolly, Sony Masterworks",1/31/2014,Blue Smoke,2014
1161,Dolly Parton,,,,,,,BPI,Silver,,,,,,,,,,,19,,,,,,,,,,,,,,,,August,9,,20,,,33,,,,,39,,,,2,11,1,,"Dolly, RCA",8/19/2016,Pure & Simple,2016
1162,Dolly Parton,,,,,,,,,,,,,,,,,,,29,,,,,,,,,,,,,,,,September,80,,,,,,,,,,,,,,,173,20,,"Dolly, RCA",9/29/2017,I Believe in You,2017
1163,Dolly Parton,,,,,,,,,,,,,,,,,,,2,,,,,,,,,,,,,,,,October,37,,14,,,13,,,,,13,,41,,16,16,1,,"Butterfly, 12Tone Music Group",10/2/2020,A Holly Dolly Christmas,2020
1164,Dolly Parton,,,,,,,,,,,,,,,,,,,4,,,,,,,,,,,,,,,,March,,,,,,,,,,,,,,,23,34,4,,Butterfly,3/4/2022,"Run, Rose, Run",2022
1165,Dolly Parton,,,,,,,,,,,,,RIAA,Gold,,,,,17,,,,,,,,,,,,,,,,November,16,,18,,,70,,,,,12,,,,5,3,1,,"Butterfly, Big Machine",11/17/2023,Rockstar,2023
1166,Donna Summer,,,,,,,,,,,,,,,,,,,1,,,,,,,,,,,,,,,,January,,,,,,,,,,,,,,,,,,,Groovy,1/1/1974,Lady of the Night ,1974
1167,Donna Summer,,,,,,,BPI,Gold,,,,,RIAA,Gold,,,,,1,,,,,,,,,,,,,,,,January,7,,16,,23,,,,,,,,,,16,11,,6,Casablanca,1/1/1975,Love to Love You Baby,1975
1168,Donna Summer,,,,,,,BPI,Gold,,,,,RIAA,Gold,,,,,1,,,,,,,,,,,,,,,,January,32,,6,,24,,,,,,,,,,41,21,,16,Casablanca,1/1/1976,A Love Trilogy,1976
1169,Donna Summer,,,,,,,BPI,Silver,,,,,RIAA,Gold,,,,,1,,,,,,,,,,,,,,,,January,,,16,,31,,,,,,,,,,,29,,13,Casablanca,1/1/1976,Four Seasons of Love,1976
1170,Donna Summer,,,,,,,BPI,Gold,,,,,RIAA,Gold,,,,,1,,,,,,,,,,,,,,,,January,4,,15,,7,,,,,,12,,,,3,18,,11,Casablanca,1/1/1977,I Remember Yesterday,1977
1171,Donna Summer,,,,,,,BPI,Gold,,MC,Gold,,RIAA,Gold,,,,,1,,,,,,,,,,,,,,,,January,44,,27,,,,,,,,,,,,24,26,,13,Casablanca,1/1/1977,Once Upon a Time...,1977
1172,Donna Summer,,,,,,,BPI,Silver,,MC,Platinum,,RIAA,Platinum,,,,,1,,,,,,,,,,,,,,,,January,6,,1,,7,,,,,,3,,,,23,1,,1,Casablanca,1/1/1979,Bad Girls,1979
1173,Donna Summer,,,,,,,,,,,,,RIAA,Gold,,,,,1,,,,,,,,,,,,,,,,January,18,,,,54,,,,,,16,,,,55,13,,12,Geffen,1/1/1980,The Wanderer,1980
1174,Donna Summer,,,,,,,,,,,,,RIAA,Gold,,,,,1,,,,,,,,,,,,,,,,January,45,,32,,37,,,,,,,,,,13,20,,6,Geffen,1/1/1982,Donna Summer,1982
1175,Donna Summer,,,,,,,,,,MC,Gold,,RIAA,Gold,,,,,1,,,,,,,,,,,,,,,,January,21,,23,,14,,,,,,47,,,,28,9,,5,Mercury,1/1/1983,She Works Hard for the Money,1983
1176,Donna Summer,,,,,,,,,,,,,,,,,,,1,,,,,,,,,,,,,,,,January,91,,84,,39,,,,,,,,,,69,40,,24,Geffen,1/1/1984,Cats Without Claws,1984
1177,Donna Summer,,,,,,,,,,,,,,,,,,,1,,,,,,,,,,,,,,,,January,,,,,,,,,,,,,,,,122,,53,Geffen,1/1/1987,All Systems Go,1987
1178,Donna Summer,,,,,,,BPI,Gold,,,,,,,,,,,1,,,,,,,,,,,,,,,,January,93,,60,,49,,,,,,,,,,17,53,,71,Atlantic,1/1/1989,Another Place and Time,1989
1179,Donna Summer,,,,,,,,,,,,,,,,,,,1,,,,,,,,,,,,,,,,January,,,,,,,,,,,,,,,,,,97,Atlantic,1/1/1991,Mistaken Identity,1991
1180,Donna Summer,,,,,,,,,,,,,,,,,,,1,,,,,,,,,,,,,,,,January,,,,,,,,,,,,,,,,,,,Mercury,1/1/1994,Christmas Spirit,1994
1181,Donna Summer,,,,,,,,,,,,,,,,,,,1,,,,,,,,,,,,,,,,January,,,,,,,,,,,,,,,,,,,Mercury,1/1/1996,I'm a Rainbow,1996
1182,Donna Summer,,,,,,,,,,,,,,,,,,,1,,,,,,,,,,,,,,,,January,244,,,,73,,,,,,,,,,,17,,5,Burgundy,1/1/2008,Crayons,2008
1183,Donovan,,,,,,,,,,,,,,,,,,,1,,,,,,,,,,,,,,,,May,,,,,,,,,,,,,,,3,30,,,Pye,5/1/1965,What's Bin Did and What's Bin Hid (UK) Catch the Wind (US),1965
1184,Donovan,,,,,,,,,,,,,,,,,,,1,,,,,,,,,,,,,,,,January,,,,,,,,,,,,,,,20,85,,,Pye,1/1/1965,Fairytale,1965
1185,Donovan,,,,,,,,,,,,,,,,,,,1,,,,,,,,,,,,,,,,January,,,,,,,,,,,,,,,25,11,,,Epic,1/1/1966,Sunshine Superman,1966
1186,Donovan,,,,,,,,,,,,,,,,,,,1,,,,,,,,,,,,,,,,February,,,,,,,,,,,,,,,,14,,,Epic,2/1/1967,Mellow Yellow,1967
1187,Donovan,,,,,,,,,,,,,RIAA,Gold,,,,,1,,,,,,,,,,,,,,,,April,,,,,,,,,,,,,,,13,19,,,Pye,4/1/1967,A Gift from a Flower to a Garden,1967
1188,Donovan,,,,,,,,,,,,,,,,,,,1,,,,,,,,,,,,,,,,January,,,,,,,,,,,,,,,,60,,,Epic,1/1/1967,Wear Your Love Like Heaven (Record One of A Gift from a Flower to a Garden),1967
1189,Donovan,,,,,,,,,,,,,,,,,,,1,,,,,,,,,,,,,,,,January,,,,,,,,,,,,,,,,185,,,Epic,1/1/1967,For Little Ones (Record Two of A Gift from a Flower to a Garden),1967
1190,Donovan,,,,,,,,,,,,,,,,,,,1,,,,,,,,,,,,,,,,January,,,,,,,,,,,,,,,,20,,,Epic,1/1/1968,The Hurdy Gurdy Man,1968
1191,Donovan,,,,,,,,,,,,,,,,,,,1,,,,,,,,,,,,,,,,January,,,,,,,,,,,,,,,,23,,,Epic,1/1/1969,Barabajagal,1969
1192,Donovan,,,,,,,,,,,,,,,,,,,1,,,,,,,,,,,,,,,,July,13,,,,,,,,,,,,,,30,16,,,Dawn,7/1/1970,Open Road,1970
1193,Donovan,,,,,,,,,,,,,,,,,,,1,,,,,,,,,,,,,,,,July,,,,,,,,,,,,,,,,,,,Dawn,7/1/1971,HMS Donovan,1971
1194,Donovan,,,,,,,,,,,,,,,,,,,1,,,,,,,,,,,,,,,,March,22,,,,,,,,,,,,,,15,25,,,Epic,3/1/1973,Cosmic Wheels,1973
1195,Donovan,,,,,,,,,,,,,,,,,,,1,,,,,,,,,,,,,,,,January,23,,,,,,,,,,,,,,,174,,,Epic,1/1/1973,Essence to Essence,1973
1196,Donovan,,,,,,,,,,,,,,,,,,,1,,,,,,,,,,,,,,,,January,67,,,,,,,,,,,,,,,135,,,Epic,1/1/1975,7-Tease,1975
1197,Donovan,,,,,,,,,,,,,,,,,,,1,,,,,,,,,,,,,,,,June,,,,,,,,,,,,,,,,174,,,Epic,6/1/1976,Slow Down World,1976
1198,Donovan,,,,,,,,,,,,,,,,,,,1,,,,,,,,,,,,,,,,January,,,,,,,,,,,,,,,,,,,Rak,1/1/1977,Donovan,1977
1199,Donovan,,,,,,,,,,,,,,,,,,,1,,,,,,,,,,,,,,,,January,,,,,,,,,,,,,,,,,,,Barclay,1/1/1980,Neutronica,1980
1200,Donovan,,,,,,,,,,,,,,,,,,,1,,,,,,,,,,,,,,,,January,,,,,,,,,,,,,,,,,,,RCA,1/1/1983,Love Is Only Feeling,1983
1201,Donovan,,,,,,,,,,,,,,,,,,,1,,,,,,,,,,,,,,,,January,,,,,,,,,,,,,,,,,,,RCA,1/1/1984,Lady of the Stars,1984
1202,Donovan,,,,,,,,,,,,,,,,,,,1,,,,,,,,,,,,,,,,January,,,,,,,,,,,,,,,,,,,,1/1/1993,One Night in Time,1993
1203,Donovan,,,,,,,,,,,,,,,,,,,1,,,,,,,,,,,,,,,,January,,,,,,,,,,,,,,,,,,,Fiona,1/1/1994,The Children of Lir (Credited to Brian O'Reilly Special Guest Donovan),1994
1204,Donovan,,,,,,,,,,,,,,,,,,,1,,,,,,,,,,,,,,,,January,,,,,,,,,,,,,,,,,,,American,1/1/1996,Sutras,1996
1205,Donovan,,,,,,,,,,,,,,,,,,,1,,,,,,,,,,,,,,,,January,,,,,,,,,,,,,,,,,,,Audio Literature,1/1/1998,The Fairy Tales of Hermann Hesse (Audiobook),1998
1206,Donovan,,,,,,,,,,,,,,,,,,,1,,,,,,,,,,,,,,,,January,,,,,,,,,,,,,,,,,,,Music For Little People,1/1/2002,Pied Piper,2002
1207,Donovan,,,,,,,,,,,,,,,,,,,1,,,,,,,,,,,,,,,,January,,,,,,,,,,,,,,,,,,,Donovan Discs,1/1/2004,Sixty Four: The Donovan Archive Volume 1,2004
1208,Donovan,,,,,,,,,,,,,,,,,,,1,,,,,,,,,,,,,,,,January,,,,,,,,,,,,,,,,,,,Appleseed,1/1/2004,Beat Cafe,2004
1209,Donovan,,,,,,,,,,,,,,,,,,,1,,,,,,,,,,,,,,,,April,,,,,,,,,,,,,,,,,,,iTunes,4/1/2005,"Brother Sun, Sister Moon",2005
1210,Donovan,,,,,,,,,,,,,,,,,,,1,,,,,,,,,,,,,,,,January,,,,,,,,,,,,,,,,,,,Donovan Discs,1/1/2010,Ritual Groove,2010
1211,Donovan,,,,,,,,,,,,,,,,,,,1,,,,,,,,,,,,,,,,January,,,,,,,,,,,,,,,,,,,Treasure Isle Records,1/1/2013,Shadows of Blue,2013
1212,Dr. John,,,,,,,,,,,,,,,,,,,1,,,,,,,,,,,,,,,,January,,,,,,,,,,,,,,,,,,,Atco,1/1/1968,Gris-Gris,1968
1213,Dr. John,,,,,,,,,,,,,,,,,,,1,,,,,,,,,,,,,,,,January,,,,,,,,,,,,,,,,,,,Atco,1/1/1969,Babylon,1969
1214,Dr. John,,,,,,,,,,,,,,,,,,,1,,,,,,,,,,,,,,,,January,,,,,,,,,,,,,,,,,,,Atco,1/1/1970,Remedies,1970
1215,Dr. John,,,,,,,,,,,,,,,,,,,1,,,,,,,,,,,,,,,,January,,,,,,,,,,,,,,,,,,,Atco,1/1/1971,"The Sun, Moon & Herbs",1971
1216,Dr. John,,,,,,,,,,,,,,,,,,,1,,,,,,,,,,,,,,,,January,,,,,,,,,,,,,,,,,,,Atco,1/1/1972,Dr. John's Gumbo,1972
1217,Dr. John,,,,,,,,,,,,,,,,,,,1,,,,,,,,,,,,,,,,January,,,,,,,,,,,,,,,,,,,Atco,1/1/1973,In the Right Place,1973
1218,Dr. John,,,,,,,,,,,,,,,,,,,1,,,,,,,,,,,,,,,,January,,,,,,,,,,,,,,,,,,,Trip Records,1/1/1973,Zu Zu Man,1973
1219,Dr. John,,,,,,,,,,,,,,,,,,,1,,,,,,,,,,,,,,,,January,,,,,,,,,,,,,,,,,,,Atco,1/1/1974,Desitively Bonnaroo,1974
1220,Dr. John,,,,,,,,,,,,,,,,,,,1,,,,,,,,,,,,,,,,January,,,,,,,,,,,,,,,,,,,Barometer,1/1/1974,"Anytime, Anyplace",1974
1221,Dr. John,,,,,,,,,,,,,,,,,,,1,,,,,,,,,,,,,,,,January,,,,,,,,,,,,,,,,,,,DJM,1/1/1975,Cut Me While I'm Hot,1975
1222,Dr. John,,,,,,,,,,,,,,,,,,,1,,,,,,,,,,,,,,,,January,,,,,,,,,,,,,,,,,,,Crazy Cajun,1/1/1977,The Night Tripper,1977
1223,Dr. John,,,,,,,,,,,,,,,,,,,1,,,,,,,,,,,,,,,,January,,,,,,,,,,,,,,,,,,,Crazy Cajun,1/1/1977,MalcolM RebennacK,1977
1224,Dr. John,,,,,,,,,,,,,,,,,,,1,,,,,,,,,,,,,,,,January,,,,,,,,,,,,,,,,,,,Karate,1/1/1977,One Night Late,1977
1225,Dr. John,,,,,,,,,,,,,,,,,,,1,,,,,,,,,,,,,,,,January,,,,,,,,,,,,,,,,,,,Horizon/A&M,1/1/1978,City Lights,1978
1226,Dr. John,,,,,,,,,,,,,,,,,,,1,,,,,,,,,,,,,,,,January,,,,,,,,,,,,,,,,,,,Horizon/A&M,1/1/1979,Tango Palace,1979
1227,Dr. John,,,,,,,,,,,,,,,,,,,1,,,,,,,,,,,,,,,,January,,,,,,,,,,,,,,,,,,,Accord,1/1/1981,Love Potion [AKA Loser for You Baby],1981
1228,Dr. John,,,,,,,,,,,,,,,,,,,1,,,,,,,,,,,,,,,,January,,,,,,,,,,,,,,,,,,,Black Lion,1/1/1981,Take Me back to New Orleans,1981
1229,Dr. John,,,,,,,,,,,,,,,,,,,1,,,,,,,,,,,,,,,,January,,,,,,,,,,,,,,,,,,,Clean Cuts,1/1/1982,"Dr. John Plays Mac Rebennack, Vol. 1",1982
1230,Dr. John,,,,,,,,,,,,,,,,,,,1,,,,,,,,,,,,,,,,January,,,,,,,,,,,,,,,,,,,Clean Cuts,1/1/1983,The Brightest Smile in Town,1983
1231,Dr. John,,,,,,,,,,,,,,,,,,,1,,,,,,,,,,,,,,,,January,,,,,,,,,,,,,,,,,,,Warner Bros.,1/1/1989,In a Sentimental Mood,1989
1232,Dr. John,,,,,,,,,,,,,,,,,,,1,,,,,,,,,,,,,,,,January,,,,,,,,,,,,,,,,,,,Warner Bros.,1/1/1992,Goin' Back to New Orleans,1992
1233,Dr. John,,,,,,,,,,,,,,,,,,,1,,,,,,,,,,,,,,,,January,,,,,,,,,,,,,,,,,,,Kid Rhino,1/1/1992,Brer Rabbit and Boss Lion,1992
1234,Dr. John,,,,,,,,,,,,,,,,,,,1,,,,,,,,,,,,,,,,January,,,,,,,,,,,,,,,,,,,GRP/MCA,1/1/1994,Television,1994
1235,Dr. John,,,,,,,,,,,,,,,,,,,1,,,,,,,,,,,,,,,,January,,,,,,,,,,,,,,,,,,,GRP/MCA,1/1/1995,Afterglow,1995
1236,Dr. John,,,,,,,,,,,,,,,,,,,1,,,,,,,,,,,,,,,,January,,,,,,,,,,,,,,,,,,,Point Blank/Virgin/EMI,1/1/1998,Anutha Zone,1998
1237,Dr. John,,,,,,,,,,,,,,,,,,,1,,,,,,,,,,,,,,,,January,,,,,,,,,,,,,,,,,,,Blue Note/Parlophone/EMI,1/1/2000,Duke Elegant,2000
1238,Dr. John,,,,,,,,,,,,,,,,,,,1,,,,,,,,,,,,,,,,January,,,,,,,,,,,,,,,,,,,Blue Note/Parlophone/EMI,1/1/2001,Creole Moon,2001
1239,Dr. John,,,,,,,,,,,,,,,,,,,1,,,,,,,,,,,,,,,,January,,,,,,,,,,,,,,,,,,,Blue Note/Parlophone/EMI,1/1/2004,N'Awlinz: Dis Dat or d'Udda,2004
1240,Dr. John,,,,,,,,,,,,,,,,,,,1,,,,,,,,,,,,,,,,January,,,,,,,,,,,,,,,,,,,Blue Note/Parlophone/EMI,1/1/2005,Sippiana Hericane,2005
1241,Dr. John,,,,,,,,,,,,,,,,,,,1,,,,,,,,,,,,,,,,January,,,,,,,,,,,,,,,,,,,Blue Note/Parlophone/EMI,1/1/2006,Mercenary,2006
1242,Dr. John,,,,,,,,,,,,,,,,,,,1,,,,,,,,,,,,,,,,January,,,,,,,,,,,,,,,,,,,429/Savoy,1/1/2008,City That Care Forgot,2008
1243,Dr. John,,,,,,,,,,,,,,,,,,,1,,,,,,,,,,,,,,,,January,,,,,,,,,,,,,,,,,,,429/Savoy,1/1/2009,Curious George: A Very Monkey Christmas - Music from the Motion Picture,2009
1244,Dr. John,,,,,,,,,,,,,,,,,,,1,,,,,,,,,,,,,,,,January,,,,,,,,,,,,,,,,,,,429/Savoy,1/1/2010,Tribal,2010
1245,Dr. John,,,,,,,,,,,,,,,,,,,1,,,,,,,,,,,,,,,,January,,,,,,,,,,,,,,,,,,,Nonesuch/WEA,1/1/2012,Locked Down,2012
1246,Dr. John,,,,,,,,,,,,,,,,,,,1,,,,,,,,,,,,,,,,January,,,,,,,,,,,,,,,,,,,Concord/UMe,1/1/2014,Ske-Dat-De-Dat: The Spirit of Satch,2014
1247,Dr. John,,,,,,,,,,,,,,,,,,,1,,,,,,,,,,,,,,,,January,,,,,,,,,,,,,,,,,,,Rounder,1/1/2022,Things Happen That Way,2022
1248,Dr. John,,,,,,,,,,,,,,,,,,,1,,,,,,,,,,,,,,,,January,,,,,,,,,,,,,,,,,,,Orange Music,1/1/2019,Big Band Voodoo,2019
1249,Dr. John,,,,,,,,,,,,,,,,,,,1,,,,,,,,,,,,,,,,January,,,,,,,,,,,,,,,,,,,Purple Pyramid,1/1/2020,Gumbo Blues,2020
1250,Dr. John,,,,,,,,,,,,,,,,,,,1,,,,,,,,,,,,,,,,January,,,,,,,,,,,,,,,,,,,Sundazed,1/1/2024,Frankie & Johnny,2024
1251,Dr. John,,,,,,,,,,,,,,,,,,,1,,,,,,,,,,,,,,,,January,,,,,,,,,,,,,,,,,,,Windham Hill Jazz,1/1/1990,Bluesiana Triangle,1990
1252,Dr. John,,,,,,,,,,,,,,,,,,,1,,,,,,,,,,,,,,,,January,,,,,,,,,,,,,,,,,,,Windham Hill Jazz,1/1/1991,Bluesiana II,1991
1253,Dr. John,,,,,,,,,,,,,,,,,,,1,,,,,,,,,,,,,,,,January,,,,,,,,,,,,,,,,,,,High Street/Windham Hill,1/1/1994,The Ultimate Session,1994
1254,Duane Eddy,,,,,,,,,,,,,,,,,,,1,,,,,,,,,,,,,,,,January,,,,,,,,,,,,,,,6,,,,,1/1/1958,Have 'Twangy' Guitar Will Travel[51],1958
1255,Duane Eddy,,,,,,,,,,,,,,,,,,,1,,,,,,,,,,,,,,,,January,,,,,,,,,,,,,,,6,24,,,,1/1/1959,Especially for You,1959
1256,Duane Eddy,,,,,,,,,,,,,,,,,,,1,,,,,,,,,,,,,,,,January,,,,,,,,,,,,,,,2,,,,,1/1/1959,"The ""Twangs"" the ""Thang""",1959
1257,Duane Eddy,,,,,,,,,,,,,,,,,,,1,,,,,,,,,,,,,,,,January,,,,,,,,,,,,,,,13,,,,,1/1/1960,Songs of Our Heritage,1960
1258,Duane Eddy,,,,,,,,,,,,,,,,,,,1,,,,,,,,,,,,,,,,January,,,,,,,,,,,,,,,,93,,,,1/1/1961,Girls! Girls! Girls!,1961
1259,Duane Eddy,,,,,,,,,,,,,,,,,,,1,,,,,,,,,,,,,,,,January,,,,,,,,,,,,,,,,,,,,1/1/1962,Twistin' with Duane Eddy,1962
1260,Duane Eddy,,,,,,,,,,,,,,,,,,,1,,,,,,,,,,,,,,,,January,,,,,,,,,,,,,,,8,82,,,,1/1/1962,Twistin' 'N' Twangin',1962
1261,Duane Eddy,,,,,,,,,,,,,,,,,,,1,,,,,,,,,,,,,,,,January,,,,,,,,,,,,,,,13,72,,,,1/1/1962,Twangy Guitar – Silky Strings,1962
1262,Duane Eddy,,,,,,,,,,,,,,,,,,,1,,,,,,,,,,,,,,,,January,,,,,,,,,,,,,,,,,,,,1/1/1963,Duane Eddy & The Rebels – In Person (a.k.a. Surfin'),1963
1263,Duane Eddy,,,,,,,,,,,,,,,,,,,1,,,,,,,,,,,,,,,,January,,,,,,,,,,,,,,,14,47,,,,1/1/1963,(Dance with the) Guitar Man,1963
1264,Duane Eddy,,,,,,,,,,,,,,,,,,,1,,,,,,,,,,,,,,,,January,,,,,,,,,,,,,,,,,,,,1/1/1963,"""Twang"" a Country Song",1963
1265,Duane Eddy,,,,,,,,,,,,,,,,,,,1,,,,,,,,,,,,,,,,January,,,,,,,,,,,,,,,,93,,,,1/1/1963,"""Twangin'"" Up a Storm!",1963
1266,Duane Eddy,,,,,,,,,,,,,,,,,,,1,,,,,,,,,,,,,,,,January,,,,,,,,,,,,,,,,144,,,,1/1/1964,Lonely Guitar,1964
1267,Duane Eddy,,,,,,,,,,,,,,,,,,,1,,,,,,,,,,,,,,,,January,,,,,,,,,,,,,,,,,,,,1/1/1965,Water Skiing,1965
1268,Duane Eddy,,,,,,,,,,,,,,,,,,,1,,,,,,,,,,,,,,,,January,,,,,,,,,,,,,,,,,,,,1/1/1965,Twangin' the Golden Hits,1965
1269,Duane Eddy,,,,,,,,,,,,,,,,,,,1,,,,,,,,,,,,,,,,January,,,,,,,,,,,,,,,,,,,,1/1/1965,Twangsville,1965
1270,Duane Eddy,,,,,,,,,,,,,,,,,,,1,,,,,,,,,,,,,,,,February,,,,,,,,,,,,,,,,,,,,1/1/1965,Duane-a-Go-Go,1965
1271,Duane Eddy,,,,,,,,,,,,,,,,,,,1,,,,,,,,,,,,,,,,March,,,,,,,,,,,,,,,,,,,,1/1/1965,Duane Eddy Does Bob Dylan,1965
1272,Duane Eddy,,,,,,,,,,,,,,,,,,,1,,,,,,,,,,,,,,,,April,,,,,,,,,,,,,,,,,,,,1/1/1966,The Biggest Twang of All,1966
1273,Duane Eddy,,,,,,,,,,,,,,,,,,,1,,,,,,,,,,,,,,,,May,,,,,,,,,,,,,,,,,,,,1/1/1967,The Roaring Twangies,1967
1274,Duane Eddy,,,,,,,,,,,,,,,,,,,1,,,,,,,,,,,,,,,,June,,,,,,,,,,,,,,,,,,,,1/1/1967,Tokyo Hits,1967
1275,Duane Eddy,,,,,,,,,,,,,,,,,,,1,,,,,,,,,,,,,,,,July,,,,,,,,,,,,,,,,,,,,1/1/1987,Duane Eddy & The Rebels,1987
1276,Duane Eddy,,,,,,,,,,,,,,,,,,,1,,,,,,,,,,,,,,,,August,,,,,,,,,,,,,,,116,,,,,1/1/2011,Road Trip,2011
1277,Duran Duran,ARIA,Platinum,,,,,BPI,Platinum,,MC,Platinum,,RIAA,Platinum,,,,,15,,,,,,,,,,,,,,,,June,9,,27,,,,,,,,2,,3,,3,10,,,EMI,6/15/1981,Duran Duran,1981
1278,Duran Duran,ARIA,Platinum,,,,,BPI,Platinum,,MC,Platinum,,RIAA,Platinum,,,,,10,,,,,,,,,,,,,,,,May,1,,1,,,,,,40,,2,,9,,2,6,,,EMI,5/10/1982,Rio,1982
1279,Duran Duran,,,,,,,BPI,Platinum,,MC,Platinum,,RIAA,Platinum,,,,,21,,,,,,,,,,,,,,,,November,2,,7,,17,,12,,1,,1,,19,,1,8,,,EMI,11/21/1983,Seven and the Ragged Tiger,1983
1280,Duran Duran,,,,,,,BPI,Gold,,MC,Platinum,,RIAA,Platinum,,,,,24,,,,,,,,,,,,,,,,November,30,,19,,22,,2,,11,,15,,8,,16,12,,,EMI,11/24/1986,Notorious,1986
1281,Duran Duran,,,,,,,BPI,Silver,,,,,RIAA,Gold,,,,,18,,,,,,,,,,,,,,,,October,46,,29,,31,,5,,77,,34,,27,,15,24,,,EMI,10/18/1988,Big Thing,1988
1282,Duran Duran,,,,,,,BPI,Silver,,,,,,,,,,,20,,,,,,,,,,,,,,,,August,86,,,,,,6,,37,,,,,,8,46,,,Parlophone,8/20/1990,Liberty,1990
1283,Duran Duran,,,,,,,BPI,Gold,,,,,RIAA,Platinum,,,,,15,,,,,,,,,,,,,,,,February,20,,8,,22,,6,,23,,32,,21,,4,7,,,Parlophone,2/15/1993,Duran Duran (The Wedding Album),1993
1284,Duran Duran,,,,,,,,,,MC,Gold,,RIAA,Gold,,,,,27,,,,,,,,,,,,,,,,March,63,,15,,50,,14,,34,,,,,,12,19,,,Parlophone,3/27/1995,Thank You,1995
1285,Duran Duran,,,,,,,,,,,,,,,,,,,14,,,,,,,,,,,,,,,,October,,,66,,67,,,,,,,,,,,58,,,Capitol,10/14/1997,Medazzaland,1997
1286,Duran Duran,,,,,,,,,,,,,,,,,,,19,,,,,,,,,,,,,,,,June,,,,,80,,39,,,,,,,,53,135,,,Hollywood,6/19/2000,Pop Trash,2000
1287,Duran Duran,,,,,,,BPI,Gold,,,,,,,,,,,11,,,,,,,,,,,,,,,,October,22,,9,,23,,2,,17,,29,,41,,3,17,,,Epic,10/11/2004,Astronaut,2004
1288,Duran Duran,,,,,,,,,,,,,,,,,,,13,,,,,,,,,,,,,,,,November,69,,,,85,,10,,73,,,,,,44,36,,,Epic,11/13/2007,Red Carpet Massacre,2007
1289,Duran Duran,,,,,,,,,,,,,,,,,,,21,,,,,,,,,,,,,,,,March,79,,52,,39,,10,,23,,,,,,11,29,,,Tapemodern,3/21/2011,All You Need Is Now,2011
1290,Duran Duran,,,,,,,,,,,,,,,,,,,11,,,,,,,,,,,,,,,,September,19,,7,,24,,2,,4,,24,,,,5,10,,,Warner Bros.,9/11/2015,Paper Gods,2015
1291,Duran Duran,,,,,,,,,,,,,,,,,,,22,,,,,,,,,,,,,,,,October,16,,53,,8,,10,,9,,35,,,,3,28,,,BMG,10/22/2021,Future Past,2021
1292,Duran Duran,,,,,,,,,,,,,,,,,,,27,,,,,,,,,,,,,,,,October,,,,,14,,9,,31,,,,,,4,57,,,BMG,10/27/2023,Danse Macabre,2023
1293,Dusty Springfield,,,,,,,,,,,,,,,,,,,1,,,,,,,,,,,,,,,,April,,,,,,,,,,,,,,,6,,,,Philips,4/1/1964,A Girl Called Dusty,1964
1294,Dusty Springfield,,,,,,,,,,,,,,,,,,,1,,,,,,,,,,,,,,,,June,,,,,,,,,,,,,,,,62,,,Philips,6/1/1964,Stay Awhile/I Only Want to Be with You,1964
1295,Dusty Springfield,,,,,,,,,,,,,,,,,,,1,,,,,,,,,,,,,,,,October,,,,,,,,,,,,,,,,136,,,Philips,10/1/1964,Dusty,1964
1296,Dusty Springfield,,,,,,,,,,,,,,,,,,,1,,,,,,,,,,,,,,,,March,,,,,,,,,,,,,,,,,,,Philips,3/1/1965,Ooooooweeee!!!,1965
1297,Dusty Springfield,,,,,,,,,,,,,,,,,,,1,,,,,,,,,,,,,,,,October,,,,,,,,,,,,,,,6,,,,Philips,10/1/1965,Ev'rything's Coming Up Dusty,1965
1298,Dusty Springfield,,,,,,,,,,,,,,,,,,,1,,,,,,,,,,,,,,,,July,,,,,,,,,,,,,,,,77,,,Philips,7/1/1966,You Don't Have to Say You Love Me,1966
1299,Dusty Springfield,,,,,,,,,,,,,,,,,,,1,,,,,,,,,,,,,,,,October,,,,,,,,,,,,,,,40,,,,Philips,10/1/1967,Where Am I Going?,1967
1300,Dusty Springfield,,,,,,,,,,,,,,,,,,,1,,,,,,,,,,,,,,,,December,,,,,,,,,,,,,,,,135,,,Philips,12/1/1967,The Look of Love,1967
1301,Dusty Springfield,,,,,,,,,,,,,,,,,,,1,,,,,,,,,,,,,,,,November,,,,,,,,,,,,,,,30,,,,Philips,11/1/1968,Dusty... Definitely,1968
1302,Dusty Springfield,,,,,,,,,,,,,,,,,,,1,,,,,,,,,,,,,,,,January,,,,,,,,,,,,,,,,99,,,Philips,1/1/1969,Dusty in Memphis,1969
1303,Dusty Springfield,,,,,,,,,,,,,,,,,,,1,,,,,,,,,,,,,,,,January,,,64,,,,,,,,,,,,35,107,,,Philips,1/1/1970,A Brand New Me / From Dusty With Love,1970
1304,Dusty Springfield,,,,,,,,,,,,,,,,,,,1,,,,,,,,,,,,,,,,November,,,,,,,,,,,,,,,,,,,Philips,11/1/1972,See All Her Faces,1972
1305,Dusty Springfield,,,,,,,,,,,,,,,,,,,1,,,,,,,,,,,,,,,,February,,,,,,,,,,,,,,,,,,,"ABC Dunhill, Philips",2/1/1973,Cameo,1973
1306,Dusty Springfield,,,,,,,,,,,,,,,,,,,1,,,,,,,,,,,,,,,,February,,,,,,,,,,,,,,,41,,,,"Mercury, United Artists",2/1/1978,It Begins Again,1978
1307,Dusty Springfield,,,,,,,,,,,,,,,,,,,1,,,,,,,,,,,,,,,,January,,,,,,,,,,,,,,,,,,,"Mercury, United Artists",1/1/1979,Living Without Your Love,1979
1308,Dusty Springfield,,,,,,,,,,,,,,,,,,,1,,,,,,,,,,,,,,,,December,,,,,,,,,,,,,,,,,,,Casablanca,12/1/1982,White Heat,1982
1309,Dusty Springfield,,,,,,,BPI,Gold,,,,,,,,,,,1,,,,,,,,,,,,,,,,June,,,,,21,,,,,,,,28,,18,,,,Parlophone,6/1/1990,Reputation,1990
1310,Dusty Springfield,,,,,,,,,,,,,,,,,,,1,,,,,,,,,,,,,,,,June,,,,,,,,,,,,,,,43,,,,Columbia,6/1/1995,A Very Fine Love,1995
1311,Dusty Springfield,,,,,,,,,,,,,,,,,,,1,,,,,,,,,,,,,,,,April,,,,,,,,,,,,,,,,,,,Real Gone Music,4/1/2015,Faithful,2015
1312,Dusty Springfield,,,,,,,,,,,,,,,,,,,1,,,,,,,,,,,,,,,,July,,,,,,,,,,,,,,,,,,,Real Gone Music,7/1/2001,Longing,2001
1313,Eagles,,,,,,,BPI,Silver,,,,,RIAA,Platinum,,,,,1,,,,,,,,,,,,,,,,June,,,13,,,,,,,,,,,,,22,,,Asylum,6/1/1972,Eagles,1972
1314,Eagles,,,,,,,BPI,Silver,,,,,RIAA,Platinum,,,,,17,,,,,,,,,,,,,,,,April,31,,35,,,,,,,,40,,,,39,41,,,Asylum,4/17/1973,Desperado,1973
1315,Eagles,,,,,,,BPI,Silver,,,,,RIAA,Platinum,,,,,22,,,,,,,,,,,,,,,,March,27,,12,,,,,,,,,,,,28,17,,,Asylum,3/22/1974,On the Border,1974
1316,Eagles,ARIA,Platinum,,,,,BPI,Platinum,,MC,Platinum,,RIAA,Platinum,,,,,10,,,,,,,,,,,,,,,,June,5,,2,,49,,,28,,9,2,,,,8,1,,,Asylum,6/10/1975,One of These Nights,1975
1317,Eagles,ARIA,Platinum,,,,,BPI,Platinum,,MC,Diamond,,RIAA,Diamond,,,,,8,,,,,,,,,,,,,,,,December,1,9,1,,3,,,2,,1,1,,3,,2,1,,,Asylum,12/8/1976,Hotel California,1976
1318,Eagles,ARIA,Platinum,,,,,BPI,Gold,,,,,RIAA,Platinum,,,,,24,,,,,,,,,,,,,,,,September,1,,1,,20,,,1,,5,2,,1,,4,1,,,Asylum,9/24/1979,The Long Run,1979
1319,Eagles,ARIA,Platinum,,,,,BPI,Platinum,,,,,RIAA,Platinum,,,,,30,,,,,,,,,,,,,,,,October,1,2,1,,2,,,7,,1,1,,2,,1,1,,,ERC,10/30/2007,Long Road Out of Eden,2007
1320,"Earth, Wind & Fire",,,,,,,,,,,,,,,,,,,1,,,,,,,,,,,,,,,,January,,,,,,,,,,,,,,,,,,24,Warner Bros.,1/1/1971,"Earth, Wind & Fire",1971
1321,"Earth, Wind & Fire",,,,,,,,,,,,,,,,,,,1,,,,,,,,,,,,,,,,January,,,,,,,,,,,,,,,,,,35,Warner Bros.,1/1/1971,The Need of Love,1971
1322,"Earth, Wind & Fire",,,,,,,,,,,,,,,,,,,1,,,,,,,,,,,,,,,,January,,,,,,,,,,,,,,,,,,15,Columbia,1/1/1972,Last Days and Time,1972
1323,"Earth, Wind & Fire",,,,,,,,,,,,,RIAA,Platinum,,,,,1,,,,,,,,,,,,,,,,January,,,56,,,,,,,,,,,,,,,2,Columbia,1/1/1973,Head to the Sky,1973
1324,"Earth, Wind & Fire",,,,,,,,,,,,,RIAA,Platinum,,,,,1,,,,,,,,,,,,,,,,January,,,19,,,,,,,,,,,,,,,1,Columbia,1/1/1974,Open Our Eyes,1974
1325,"Earth, Wind & Fire",,,,,,,,,,,,,RIAA,Platinum,,,,,1,,,,,,,,,,,,,,,,January,84,,15,,,,,,,,,,,,,,,1,Columbia,1/1/1975,That's the Way of the World,1975
1326,"Earth, Wind & Fire",,,,,,,,,,,,,RIAA,Platinum,,,,,1,,,,,,,,,,,,,,,,January,,,58,,,,,59,,,33,,,,,,,2,Columbia,1/1/1976,Spirit,1976
1327,"Earth, Wind & Fire",,,,,,,BPI,Silver,,MC,Gold,,RIAA,Platinum,,,,,1,,,,,,,,,,,,,,,,January,21,,3,,,,,14,4,,12,,11,,13,,,1,Columbia,1/1/1977,All 'n All,1977
1328,"Earth, Wind & Fire",,,,,,,BPI,Platinum,,MC,Platinum,,RIAA,Platinum,,,,,1,,,,,,,,,,,,,,,,January,12,,4,,20,,,10,4,,3,,3,,5,,,1,Columbia,1/1/1979,I Am,1979
1329,"Earth, Wind & Fire",,,,,,,,,,,,,RIAA,Gold,,,,,1,,,,,,,,,,,,,,,,January,55,,,,46,,,18,8,,40,,23,,10,,,2,Columbia,1/1/1980,Faces,1980
1330,"Earth, Wind & Fire",,,,,,,BPI,Gold,,MC,Gold,,RIAA,Platinum,,,,,1,,,,,,,,,,,,,,,,January,37,,25,,30,,,7,3,,19,,9,,14,,,1,Columbia,1/1/1981,Raise!,1981
1331,"Earth, Wind & Fire",,,,,,,,,,,,,RIAA,Gold,,,,,1,,,,,,,,,,,,,,,,January,82,,24,,13,,,6,6,,,,2,,22,,,4,Columbia,1/1/1983,Powerlight,1983
1332,"Earth, Wind & Fire",,,,,,,,,,,,,,,,,,,1,,,,,,,,,,,,,,,,January,,,,,37,,,20,22,,,,17,,,,,8,Columbia,1/1/1983,Electric Universe,1983
1333,"Earth, Wind & Fire",,,,,,,,,,,,,RIAA,Gold,,,,,1,,,,,,,,,,,,,,,,January,,,93,,46,,,21,17,,,,20,,,,,3,Columbia,1/1/1987,Touch the World,1987
1334,"Earth, Wind & Fire",,,,,,,,,,,,,,,,,,,1,,,,,,,,,,,,,,,,January,,,,,39,,,31,52,,,,,,,,,19,Columbia,1/1/1990,Heritage,1990
1335,"Earth, Wind & Fire",,,,,,,,,,,,,,,,,,,1,,,,,,,,,,,,,,,,January,,,,,,,,18,29,,,,50,,,,,8,Reprise,1/1/1993,Millennium,1993
1336,"Earth, Wind & Fire",,,,,,,,,,,,,,,,,,,1,,,,,,,,,,,,,,,,January,,,,,,,,24,78,,,,,,,,,50,Pyramid,1/1/1997,In the Name of Love,1997
1337,"Earth, Wind & Fire",,,,,,,,,,,,,,,,,,,1,,,,,,,,,,,,,,,,January,,,,,,,,115,,,,,,,,,,19,Kalimba,1/1/2003,The Promise,2003
1338,"Earth, Wind & Fire",,,,,,,,,,,,,,,,,,,1,,,,,,,,,,,,,,,,January,,,,,,,,61,,,,,,,,,,8,Sanctuary,1/1/2005,Illumination,2005
1339,"Earth, Wind & Fire",,,,,,,BPI,Gold,,,,,,,,,,,1,,,,,,,,,,,,,,,,January,,,,,55,,,,35,,,,,,25,,,6,Legacy,1/1/2013,"Now, Then & Forever",2013
1340,"Earth, Wind & Fire",,,,,,,,,,,,,,,,,,,1,,,,,,,,,,,,,,,,January,,,,,,,,,,,,,,,,,,19,Legacy,1/1/2014,Holiday,2014
1341,Eddie Cochran,,,,,,,,,,,,,,,,,,,1,,,,,,,,,,,,,,,,November,,,,,,,,,,,,,,,,,,,Liberty,11/1/1957,Singin' to My Baby,1957
1342,Electric Light Orchestra,,,,,,,,,,,,,,,,,,,1,,8-Track,,,cassette,CD,,digital download,DVD,LP,,,,,,December,54,,,,,,,,,,,,,,32,196,,,Harvest,12/1/1971,The Electric Light Orchestra No Answer (US)  (as The Electric Light Orchestra),1971
1343,Electric Light Orchestra,,,,,,,,,,,,,,,,,,,1,,8-Track,,,cassette,CD,,digital download,,LP,,,,,,March,,,,,,,,,,,,,,,35,62,,,Harvest,3/1/1973,ELO 2 Electric Light Orchestra II (US)  (as The Electric Light Orchestra),1973
1344,Electric Light Orchestra,,,,,,,,,,,,,,,,,,,1,,8-Track,,,cassette,CD,,digital download,,LP,,,,,,November,10,,,,,,,,,,,,,,,52,,,Warner Bros.,11/1/1973,On the Third Day,1973
1345,Electric Light Orchestra,,,,,,,,,,MC,Platinum,,RIAA,Gold,,,,,1,,8-Track,,,cassette,CD,,digital download,,LP,,,,,,September,40,,,,,,,,4,,,,,,,16,,,Warner Bros.,9/1/1974,Eldorado,1974
1346,Electric Light Orchestra,,,,,,,,,,MC,Gold,,RIAA,Gold,,,,,1,,8-Track,,,cassette,CD,,digital download,,LP,,,,,,September,30,,,,,,,,11,,,,41,,,8,,,Jet,9/1/1975,Face the Music,1975
1347,Electric Light Orchestra,,,,,,,BPI,Platinum,,MC,Platinum,,RIAA,Platinum,,,,,15,,8-Track,,,cassette,CD,,digital download,,LP,,,,,,October,1,9,,,7,,,60,2,9,,,1,,6,5,,,Jet,10/15/1976,A New World Record,1976
1348,Electric Light Orchestra,,,,BMVI,Gold,,BPI,Platinum,,MC,Platinum,,RIAA,Platinum,,,,,24,,8-Track,,,cassette,CD,,digital download,,LP,,,,,,October,3,,,,6,,,32,3,3,,,2,,4,4,,,Jet,10/24/1977,Out of the Blue,1977
1349,Electric Light Orchestra,ARIA,Platinum,,BMVI,Gold,,BPI,Platinum,,MC,Platinum,,RIAA,Platinum,,,,,1,,8-Track,,,cassette,CD,,digital download,,LP,,,,,,June,1,3,,,7,,,31,6,1,,,2,,1,5,,,Jet,6/1/1979,Discovery,1979
1350,Electric Light Orchestra,ARIA,Platinum,,BMVI,Gold,,BPI,Gold,,MC,Platinum,,RIAA,Platinum,,,,,11,,8-Track,,,cassette,CD,,,,LP,,,,,,July,1,1,,,1,,,,1,1,,,1,,2,4,,,Jet,7/11/1980,Xanadu  (with Olivia Newton-John),1980
1351,Electric Light Orchestra,,,,BMVI,Gold,,BPI,Platinum,,MC,Gold,,RIAA,Gold,,,,,31,,8-Track,,,cassette,CD,,digital download,,LP,,,,,,July,2,2,,,1,,,36,2,2,,,1,,1,16,,,Jet,7/31/1981,Time (as ELO),1981
1352,Electric Light Orchestra,,,,,,,BPI,Gold,,MC,Gold,,,,,,,,24,,,,,cassette,CD,,digital download,,LP,,,,,,June,19,11,,,6,,,35,7,5,,,11,,4,36,,,Jet,6/24/1983,Secret Messages,1983
1353,Electric Light Orchestra,,,,,,,BPI,Silver,,,,,,,,,,,3,,,,,cassette,CD,,digital download,,LP,,,,,,March,49,29,,,18,,,22,20,4,,,3,10,9,49,,,Jet,3/3/1986,Balance of Power,1986
1354,Electric Light Orchestra,ARIA,Platinum,,,,,,,,,,,RIAA,Platinum,,,,,12,,,,,cassette,CD,,digital download,,LP,,,,,,June,,51,,,16,,,36,46,18,,,35,26,34,94,,,Epic,6/12/2001,Zoom,2001
1355,Electric Light Orchestra,,,,,,,BPI,Platinum,,,,,,,,,,,13,,,,,,CD,,digital download,,LP,,,,,,November,15,14,,,7,,,27,5,9,,,5,7,4,23,,,RCA,11/13/2015,Alone in the Universe (as Jeff Lynne's ELO),2015
1356,Electric Light Orchestra,,,,,,,BPI,Silver,,,,,,,,,,,1,,,,,,CD,,digital download,,LP,,,,,,November,12,10,,,14,,,34,29,26,,,13,14,1,47,,,Columbia,11/1/2019,From Out of Nowhere (as Jeff Lynne's ELO),2019
1357,Elton John,,,,,,,,,,,,,,,,,,,6,,,,,cassette,,,,,LP,,,,,,June,,,30,,,,,,31,,,,,,,6,,,DJM,6/6/1969,Empty Sky,1969
1358,Elton John,,,,,,,,,,,,,RIAA,Gold,,,,,10,,,,,cassette,,,,,LP,,,,,,April,2,,4,,,,,,2,,,,,,5,4,,,DJM/Uni,4/10/1970,Elton John,1970
1359,Elton John,ARIA,Gold,,,,,BPI,Gold,,,,,RIAA,Platinum,,,,,30,,,,,cassette,,,,,LP,,,,,,October,4,,4,,,,,,4,,,,14,,2,5,,,DJM/Uni,10/30/1970,Tumbleweed Connection,1970
1360,Elton John,ARIA,Gold,,,,,BPI,Gold,,MC,Platinum,,RIAA,Platinum,,,,,5,,,,,cassette,,,,,LP,,,,,,November,8,,13,,32,,,,,,,,14,,41,8,,,DJM/Uni,11/5/1971,Madman Across the Water,1971
1361,Elton John,ARIA,Platinum,,,,,BPI,Gold,,MC,Platinum,,RIAA,Platinum,,,,,19,,,,,cassette,,,,,LP,,,,,,May,4,,3,,43,,,,9,8,,,11,,2,1,,,DJM/Uni,5/19/1972,Honky Château,1972
1362,Elton John,ARIA,Platinum,,,,,BPI,Gold,,,,,RIAA,Platinum,,,,,22,,,,,cassette,,,,,LP,,,reel-to-reel,,,January,1,,1,,16,,,,2,1,,,2,,1,1,,,DJM/MCA,1/22/1973,Don't Shoot Me I'm Only the Piano Player,1973
1363,Elton John,ARIA,Platinum,,,,,BPI,Platinum,,MC,Platinum,,RIAA,Platinum,,,,,5,,,,,cassette,,,,,LP,,,reel-to-reel,,,October,1,,1,,41,,,,74,5,9,,2,,1,1,,,DJM/MCA,10/5/1973,Goodbye Yellow Brick Road,1973
1364,Elton John,ARIA,Platinum,,,,,BPI,Gold,,MC,Platinum,,RIAA,Platinum,,,,,28,,,,,cassette,,,,,LP,,,,,,June,1,,1,,30,,,,40,6,20,,4,,1,1,,,DJM/MCA,6/28/1974,Caribou,1974
1365,Elton John,ARIA,Platinum,,,,,BPI,Gold,,MC,Platinum,,RIAA,Platinum,,,,,19,,,,,cassette,,,,,LP,,,,,,May,1,,1,1,22,,,,14,2,1,,2,,2,1,,,DJM/MCA,5/19/1975,Captain Fantastic and the Brown Dirt Cowboy,1975
1366,Elton John,ARIA,Platinum,,,,,BPI,Gold,,MC,Platinum,,RIAA,Platinum,,,,,24,,,,,cassette,,,,,LP,,,,,,October,4,,1,5,33,,,,22,6,4,,6,,5,1,,,DJM/MCA,10/24/1975,Rock of the Westies,1975
1367,Elton John,ARIA,Platinum,,,,,BPI,Gold,,MC,Gold,,RIAA,Platinum,,SNEP,Gold,,22,,,,,cassette,,,,,LP,,,,,,October,8,,5,12,39,,,,7,5,7,,12,,3,3,,,Rocket,10/22/1976,Blue Moves,1976
1368,Elton John,,,,,,,BPI,Gold,,MC,Platinum,,RIAA,Platinum,,SNEP,Gold,,27,,,,,cassette,,,,,LP,,,,,,October,8,,12,12,17,,,,16,4,5,,26,,8,15,,,Rocket,10/27/1978,A Single Man,1978
1369,Elton John,ARIA,Gold,,,,,,,,MC,Gold,,,,,,,,1,,,,,cassette,,,,,LP,,,,,,October,20,,28,21,,,,,,18,44,,,,41,35,,,Rocket,10/1/1979,Victim of Love,1979
1370,Elton John,ARIA,Platinum,,,,,,,,MC,Gold,,RIAA,Gold,,SNEP,Gold,,23,,,,,cassette,,,,,LP,,,,,,May,7,,10,10,21,,,,41,6,3,,16,,12,13,,,Rocket,5/23/1980,21 at 33,1980
1371,Elton John,,,,,,,BPI,Silver,,,,,,,,,,,20,,,,,cassette,,,,,LP,,,,,,May,2,,43,5,34,,,,20,5,6,,25,,12,21,,,Rocket,5/20/1981,The Fox,1981
1372,Elton John,ARIA,Platinum,,,,,BPI,Silver,,,,,RIAA,Gold,,,,,9,,,,,cassette,,,,,LP,,,,,,April,3,,19,12,47,,,,26,3,1,,15,,13,17,,,Rocket,4/9/1982,Jump Up!,1982
1373,Elton John,ARIA,Platinum,,,,,BPI,Platinum,,MC,Platinum,,RIAA,Platinum,,SNEP,Gold,,31,,,,,cassette,CD,,,,LP,,,,,,May,2,,17,11,5,,,,28,6,2,,30,,7,25,,,Rocket,5/31/1983,Too Low for Zero,1983
1374,Elton John,,,,,,,BPI,Gold,,,,,RIAA,Platinum,,,,,18,,,,,cassette,CD,,,,LP,,,,,,June,1,,10,,5,,,,41,7,2,,11,,2,20,,,Rocket,6/18/1984,Breaking Hearts,1984
1375,Elton John,,,,,,,BPI,Platinum,,,,,RIAA,Gold,,SNEP,Gold,,4,,,,,cassette,CD,,,,LP,,,,,,November,6,,49,14,5,,,,6,2,8,,16,,3,48,,,Rocket,11/4/1985,Ice on Fire,1985
1376,Elton John,,,,,,,BPI,Gold,,,,,,,,,,,27,,,,,cassette,CD,,,,LP,,,,,,October,4,,38,,21,,,,34,12,34,,31,,24,91,,,Rocket,10/27/1986,Leather Jackets,1986
1377,Elton John,ARIA,Gold,,,,,BPI,Silver,,MC,Platinum,,RIAA,Gold,,,,,24,,,,,cassette,CD,,,,LP,,,,,,June,13,,6,30,18,,,,56,8,26,,18,,18,16,,,Rocket,6/24/1988,Reg Strikes Back,1988
1378,Elton John,ARIA,Platinum,,,,,BPI,Platinum,,MC,Platinum,,RIAA,Platinum,,,,,4,,,,,cassette,CD,,,,LP,,,,,,September,2,,23,2,9,,,,5,7,1,,23,,1,23,,,Rocket,9/4/1989,Sleeping with the Past,1989
1379,Elton John,ARIA,Platinum,,,,,BPI,Gold,,MC,Platinum,,RIAA,Platinum,,,,,22,,,,,cassette,CD,,,,LP,,,,,,June,2,,7,1,1,,,,14,2,7,,8,,2,8,,,Rocket,6/22/1992,The One,1992
1380,Elton John,,,,,,,BPI,Gold,,MC,Platinum,,RIAA,Platinum,,,,,17,,,,,cassette,CD,,,,LP,,,,,,March,6,,3,2,4,,,,11,3,10,,8,,3,13,,,Rocket,3/17/1995,Made in England,1995
1381,Elton John,ARIA,Platinum,,,,,BPI,Platinum,,MC,Platinum,,RIAA,Platinum,,,,,22,,,,,cassette,CD,,,,,,,,,,September,5,,14,4,8,,,,8,2,7,,2,,3,9,,,Rocket,9/22/1997,The Big Picture,1997
1382,Elton John,ARIA,Gold,,,,,BPI,Platinum,,MC,Gold,,RIAA,Gold,,,,,1,,,,,cassette,CD,,,,,,,,,,October,7,,9,19,14,,,,13,2,24,,8,,2,15,,,Rocket/Mercury,10/1/2001,Songs from the West Coast,2001
1383,Elton John,,,,,,,BPI,Gold,,,,,RIAA,Gold,,,,,9,,,,,,CD,,,,LP,,,,,,November,44,,11,63,31,,,,97,16,34,,38,,21,17,,,Rocket/Universal,11/9/2004,Peachtree Road,2004
1384,Elton John,,,,,,,BPI,Silver,,,,,,,,,,,18,,,,,,CD,,,,LP,,,,,,September,37,,12,56,25,,,,43,10,,,27,,6,18,,,Mercury/Interscope,9/18/2006,The Captain & the Kid,2006
1385,Elton John,,,,,,,BPI,Silver,,,,,,,,,,,13,,,,,,CD,,digital download,,LP,,,,,,September,26,,7,24,11,,,,22,10,20,,42,,3,4,,,Mercury/Capitol,9/13/2013,The Diving Board,2013
1386,Elton John,,,,,,,,,,,,,,,,,,,5,,,,,,CD,,digital download,,LP,,,,,,February,11,,18,35,10,,,,43,17,11,,15,,6,8,,,Virgin EMI,2/5/2016,Wonderful Crazy Night,2016
1387,Elton John,,,,,,,,,,,,,,,,,,,12,,,,,,CD,,,,LP,,,,,,June,,,,,,,,,,,,,,,,197,,,Island/Mercury,6/12/2021,Regimental Sgt. Zippo,2021
1388,Elvis Costello & the Attractions,,,,,,,,,,,,,,,,,,,22,,,,,,,,,,,,,,,,July,25,,,,,,,,,,32,,14,,14,32,,,Stiff/Columbia,7/22/1977,My Aim Is True,1977
1389,Elvis Costello & the Attractions,,,,,,,,,,,,,,,,,,,17,,,,,,,,,,,,,,,,March,26,,,,,,,,14,15,11,,10,,4,30,,,Radar/Columbia,3/17/1978,This Year's Model,1978
1390,Elvis Costello & the Attractions,,,,,,,,,,,,,,,,,,,5,,,,,,,,,,,,,,,,January,9,,,,,,,,13,12,9,,11,,2,10,,,Radar/Columbia,1/5/1979,Armed Forces,1979
1391,Elvis Costello & the Attractions,,,,,,,,,,,,,,,,,,,15,,,,,,,,,,,,,,,,February,25,,,,,,,,34,11,9,,6,,2,11,,,F-Beat/Columbia,2/15/1980,Get Happy!!,1980
1392,Elvis Costello & the Attractions,,,,,,,,,,,,,,,,,,,23,,,,,,,,,,,,,,,,January,71,,,,,,,,,28,17,,8,,9,28,,,F-Beat/Columbia,1/23/1981,Trust,1981
1393,Elvis Costello & the Attractions,,,,,,,,,,,,,,,,,,,23,,,,,,,,,,,,,,,,October,50,,,,,,,,21,,,,17,,7,50,,,F-Beat/Columbia,10/23/1981,Almost Blue,1981
1394,Elvis Costello & the Attractions,,,,,,,,,,,,,,,,,,,2,,,,,,,,,,,,,,,,July,49,,,,,,,,45,18,37,,30,,6,30,,,F-Beat/Columbia,7/2/1982,Imperial Bedroom,1982
1395,Elvis Costello & the Attractions,,,,,,,,,,,,,,,,,,,5,,,,,,,,,,,,,,,,August,22,,,,,,,,27,18,6,,9,,3,24,,,F-Beat/Columbia,8/5/1983,Punch the Clock,1983
1396,Elvis Costello & the Attractions,,,,,,,,,,,,,,,,,,,18,,,,,,,,,,,,,,,,June,53,,,,,,,52,,,32,,20,,10,35,,,F-Beat/Columbia,6/18/1984,Goodbye Cruel World,1984
1397,Elvis Costello & the Attractions,,,,,,,,,,,,,,,,,,,21,,,,,,,,,,,,,,,,February,67,,,,,,,41,40,,21,,12,,11,39,,,Demon/Columbia,2/21/1986,King of America,1986
1398,Elvis Costello & the Attractions,,,,,,,,,,,,,,,,,,,15,,,,,,,,,,,,,,,,September,,,,,,,,,19,,,,26,,16,84,,,Demon/Columbia,9/15/1986,Blood & Chocolate,1986
1399,Elvis Costello & the Attractions,,,,,,,,,,,,,,,,,,,6,,,,,,,,,,,,,,,,February,26,,,,,,,61,19,,34,,13,,5,32,,,Warner Bros.,2/6/1989,Spike,1989
1400,Elvis Costello & the Attractions,,,,,,,,,,,,,,,,,,,14,,,,,,,,,,,,,,,,May,37,,,,,,,39,47,11,38,,23,,5,55,,,Warner Bros.,5/14/1991,Mighty Like a Rose,1991
1401,Elvis Costello & the Attractions,,,,,,,,,,,,,,,,,,,1,,,,,,,,,,,,,,,,July,,,,,,,,,,,,,,,,,,,Demon,7/1/1991,G.B.H.,1991
1402,Elvis Costello & the Attractions,,,,,,,,,,,,,,,,,,,19,,,,,,,,,,,,,,,,January,106,,,,,,,39,54,,,,,,18,125,,,Warner Bros.,1/19/1993,The Juliet Letters,1993
1403,Elvis Costello & the Attractions,,,,,,,,,,,,,,,,,,,8,,,,,,,,,,,,,,,,March,55,,,,,,,30,54,,48,,14,,2,34,,,Warner Bros.,3/8/1994,Brutal Youth,1994
1404,Elvis Costello & the Attractions,,,,,,,,,,,,,,,,,,,9,,,,,,,,,,,,,,,,May,102,,,,,,,60,74,,,,23,,21,102,,,Warner Bros.,5/9/1995,Kojak Variety,1995
1405,Elvis Costello & the Attractions,,,,,,,,,,,,,,,,,,,6,,,,,,,,,,,,,,,,November,,,,,,,,,,,,,,,,,,,Demon/Rykodisc,11/6/1995,Jake's Progress,1995
1406,Elvis Costello & the Attractions,,,,,,,,,,,,,,,,,,,14,,,,,,,,,,,,,,,,May,98,,,,,,,77,83,38,,,24,,28,53,,,Warner Bros.,5/14/1996,All This Useless Beauty,1996
1407,Elvis Costello & the Attractions,,,,,,,,,,,,,,,,,,,29,,,,,,,,,,,,,,,,September,26,,,,,,,69,33,29,38,,18,,32,78,,,Mercury/PolyGram,9/29/1998,Painted from Memory,1998
1408,Elvis Costello & the Attractions,,,,,,,,,,,,,,,,,,,10,,,,,,,,,,,,,,,,April,,,,,,,,,80,33,,,25,,67,,,,Deutsche Grammophon,4/10/2001,For the Stars,2001
1409,Elvis Costello & the Attractions,,,,,,,,,,,,,,,,,,,23,,,,,,,,,,,,,,,,April,34,,,,,,,15,34,17,,,56,,17,20,,,Island,4/23/2002,When I Was Cruel,2002
1410,Elvis Costello & the Attractions,,,,,,,,,,,,,,,,,,,23,,,,,,,,,,,,,,,,September,72,,,,,,,26,56,25,,,25,,44,57,,,Deutsche Grammophon,9/23/2003,North,2003
1411,Elvis Costello & the Attractions,,,,,,,,,,,,,,,,,,,21,,,,,,,,,,,,,,,,September,89,,,,,,,100,65,34,,,58,,73,40,,,Lost Highway,9/21/2004,The Delivery Man,2004
1412,Elvis Costello & the Attractions,,,,,,,,,,,,,,,,,,,21,,,,,,,,,,,,,,,,September,,,,,,,,,,,,,,,,,,,Deutsche Grammophon,9/21/2004,Il Sogno,2004
1413,Elvis Costello & the Attractions,,,,,,,,,,,,,,,,,,,6,,,,,,,,,,,,,,,,June,111,,,,,,,,61,31,,,40,,97,103,,,Verve Forecast,6/6/2006,The River in Reverse,2006
1414,Elvis Costello & the Attractions,,,,,,,,,,,,,,,,,,,22,,,,,,,,,,,,,,,,April,,,,,,,,98,,34,,,,,112,59,,,Lost Highway,4/22/2008,Momofuku,2008
1415,Elvis Costello & the Attractions,,,,,,,,,,,,,,,,,,,9,,,,,,,,,,,,,,,,June,73,,,,,,,82,,,,88,45,,71,13,,,Hear Music/Universal,6/9/2009,"Secret, Profane & Sugarcane",2009
1416,Elvis Costello & the Attractions,,,,,,,,,,,,,,,,,,,25,,,,,,,,,,,,,,,,October,158,,,,,,,116,,,,86,,,71,39,,,Hear Music/Universal,10/25/2010,National Ransom,2010
1417,Elvis Costello & the Attractions,,,,,,,,,,,,,,,,,,,17,,,,,,,,,,,,,,,,September,40,,,,,,,,35,26,,66,,,28,16,,,Blue Note,9/17/2013,Wise Up Ghost,2013
1418,Elvis Costello & the Attractions,,,,,,,,,,,,,,,,,,,12,,,,,,,,,,,,,,,,October,,,,,,,,,35,,,17,40,,14,46,,,Concord,10/12/2018,Look Now,2018
1419,Elvis Costello & the Attractions,,,,,,,,,,,,,,,,,,,30,,,,,,,,,,,,,,,,October,174,,,,,,,,,,,,,,39,,,,Concord,10/30/2020,Hey Clockface,2020
1420,Elvis Costello & the Attractions,,,,,,,,,,,,,,,,,,,14,,,,,,,,,,,,,,,,January,,,,,,,,,,,,,,,6,200,,,EMI,1/14/2022,The Boy Named If,2022
1421,Elvis Costello & the Attractions,,,,,,,,,,,,,,,,,,,21,,,,,,,,,,,,,,,,November,,,,,,,,,,,,,,,,,,,New West Records,11/21/2024,The Coward Brothers,2024
1422,Elvis Presley,,,,,,,,,,,,,RIAA,Platinum,,,,,23,,,,,,,,,,,,,,,,March,,,,,,,,23,,20,,,,,1,1,,,RCA Victor,3/23/1956,Elvis Presley,1956
1423,Elvis Presley,,,,,,,BPI,Silver,,,,,RIAA,Platinum,,,,,19,,,,,,,,,,,,,,,,October,,,,,31,,,,,,,,,,3,1,,,RCA Victor,10/19/1956,Elvis,1956
1424,Elvis Presley,,,,,,,BPI,Silver,,MC,Platinum,,RIAA,Platinum,,,,,1,,,,,,,,,,,,,,,,November,,,,,60,,,,,,,,12,,2,1,,,RCA Victor,11/1/1957,Elvis' Christmas Album,1957
1425,Elvis Presley,,,,,,,,,,,,,RIAA,Gold,,,,,8,,,,,,,,,,,,,,,,April,,,1,,,,,,,,,,,,1,2,,,RCA Victor,4/8/1960,Elvis Is Back!,1960
1426,Elvis Presley,,,,,,,,,,,,,RIAA,Platinum,,,,,10,,,,,,,,,,,,,,,,November,,,,,,,,,,,,,,,3,13,,,RCA Victor,11/10/1960,His Hand in Mine,1960
1427,Elvis Presley,,,,,,,,,,,,,RIAA,Gold,,,,,19,,,,,,,,,,,,,,,,May,,,,,,,,,,,,,,,2,1,,,RCA Victor,5/19/1961,Something for Everybody,1961
1428,Elvis Presley,,,,,,,,,,,,,,,,,,,5,,,,,,,,,,,,,,,,June,,,,,7,,,,,,,,,,1,4,,,RCA Victor,6/5/1962,Pot Luck,1962
1429,Elvis Presley,,,,,,,,,,,,,,,,,,,10,,,,,,,,,,,,,,,,August,,,,,,,,,,,,,,,8,10,,,RCA Victor,8/10/1965,Elvis for Everyone!,1965
1430,Elvis Presley,,,,,,,,,,,,,RIAA,Platinum,,,,,27,,,,,,,,,,,,,,,,February,,,,,,,,,,20,,,,,11,18,,,RCA Victor,2/27/1967,How Great Thou Art,1967
1431,Elvis Presley,,,,,,,,,,,,,RIAA,Gold,,,,,2,,,,,,,,,,,,,,,,June,,,10,,14,,,,,1,,,,,1,13,2,,RCA,6/2/1969,From Elvis in Memphis,1969
1432,Elvis Presley,,,,,,,,,,,,,,,,,,,1,,,,,,,,,,,,,,,,November,,,,,,,,,,,,,,,,,,,RCA,11/1/1970,Back in Memphis,1970
1433,Elvis Presley,,,,,,,BPI,Gold,,,,,RIAA,Platinum,,,,,11,,,,,,,,,,,,,,,,November,13,,22,,,,,1,,,,,,,12,21,8,,RCA,11/11/1970,That's the Way It Is,1970
1434,Elvis Presley,,,,,,,,,,,,,RIAA,Gold,,,,,7,,,,,,,,,,,,,,,,January,15,,15,,,,,35,,,,,,,6,12,6,,RCA,1/7/1971,"Elvis Country (I'm 10,000 Years Old)",1971
1435,Elvis Presley,,,,,,,,,,,,,,,,,,,16,,,,,,,,,,,,,,,,June,,,17,,,,,37,,,,,,,7,33,12,,RCA,6/16/1971,Love Letters from Elvis,1971
1436,Elvis Presley,,,,,,,,,,,,,RIAA,Platinum,,,,,20,,,,,,,,,,,,,,,,October,,,,,,,,,,,,,,14,,,13,,RCA,10/20/1971,Elvis sings The Wonderful World of Christmas,1971
1437,Elvis Presley,,,,,,,,,,,,,RIAA,Gold,,,,,1,,,,,,,,,,,,,,,,February,43,,29,,,,,,,,,,,,12,43,45,,RCA,2/1/1972,Elvis Now,1972
1438,Elvis Presley,,,,,,,,,,,,,RIAA,Platinum,,,,,1,,,,,,,,,,,,,,,,April,,,,,,,,,,,,,,,38,79,32,,RCA,4/1/1972,He Touched Me,1972
1439,Elvis Presley,,,,,,,,,,,,,,,,,,,1,,,,,,,,,,,,,,,,July,24,,76,,,,,,,,,,,,16,52,8,,RCA,7/1/1973,"Elvis (The ""Fool"" Album)",1973
1440,Elvis Presley,,,,,,,,,,,,,,,,,,,1,,,,,,,,,,,,,,,,October,61,,48,,,,,,,,,,,,,50,,,RCA,10/1/1973,Raised on Rock / For Ol' Times Sake,1973
1441,Elvis Presley,,,,,,,,,,,,,,,,,,,20,,,,,,,,,,,,,,,,March,89,,,,,,,,,,,,,,42,90,5,,RCA,3/20/1974,Good Times,1974
1442,Elvis Presley,,,,,,,,,,,,,,,,,,,8,,,,,,,,,,,,,,,,January,,,84,,,,,71,,,,,,,21,47,1,,RCA,1/8/1975,Promised Land,1975
1443,Elvis Presley,,,,,,,BPI,Silver,,,,,,,,,,,7,,,,,,,,,,,,,,,,May,46,,,,,,,,,11,,,,,48,57,4,,RCA,5/7/1975,Today,1975
1444,Elvis Presley,,,,,,,,,,,,,RIAA,Gold,,,,,1,,,,,,,,,,,,,,,,May,,,50,,,,,,,,,,34,,29,41,1,,RCA,5/1/1976,"From Elvis Presley Boulevard, Memphis, Tennessee",1976
1445,Elvis Presley,,,,,,,,,,MC,Platinum,,RIAA,Platinum,,SNEP,Gold,,1,,,,,,,,,,,,,,,,June,3,,2,,19,,,25,,3,1,,2,,3,3,1,,RCA,6/1/1977,Moody Blue,1977
1446,Eminem,,,,,,,,,,,,,,,,,,,12,,,,,,,,,,,,,,,,November,,,,,,,,,,,,,,,,,,,Web,11/12/1996,Infinite,1996
1447,Eminem,ARIA,Platinum,,,,,BPI,Platinum,,MC,Platinum,,RIAA,Platinum,,,,,23,,,,,,,,,,,,,,,,February,49,,9,52,51,,,,,,23,,,25,10,2,,,"Aftermath, Interscope, Web",2/23/1999,The Slim Shady LP,1999
1448,Eminem,ARIA,Platinum,,,,,BPI,Platinum,,MC,Platinum,,RIAA,Platinum,,SNEP,Platinum,,23,,,,,,,,,,,,,,,,May,1,,1,2,3,,,,,,1,,,2,1,1,,,"Aftermath, Interscope, Web",5/23/2000,The Marshall Mathers LP,2000
1449,Eminem,ARIA,Platinum,,,,,BPI,Platinum,,MC,Diamond,,RIAA,Platinum,,SNEP,Platinum,,26,,,,,,,,,,,,,,,,May,1,,1,1,1,,,,,,1,,,1,1,1,,,"Shady, Aftermath, Interscope, Web",5/26/2002,The Eminem Show,2002
1450,Eminem,ARIA,Platinum,,,,,BPI,Platinum,,,,,RIAA,Platinum,,SNEP,Gold,,12,,,,,,,,,,,,,,,,November,1,,1,1,1,,,,,,1,,,1,1,1,,,"Shady, Aftermath, Interscope, Web",11/12/2004,Encore,2004
1451,Eminem,ARIA,Platinum,,,,,BPI,Platinum,,,,,RIAA,Platinum,,SNEP,Gold,,19,,,,,,,,,,,,,,,,May,1,,1,1,2,,,,,,1,,,2,1,1,,,"Shady, Aftermath, Interscope, Web",5/19/2009,Relapse,2009
1452,Eminem,ARIA,Platinum,,,,,BPI,Platinum,,MC,Platinum,,RIAA,Platinum,,SNEP,Platinum,,21,,,,,,,,,,,,,,,,June,1,,1,2,2,,,,,,1,,,1,1,1,,,"Shady, Aftermath, Interscope, Web",6/21/2010,Recovery,2010
1453,Eminem,ARIA,Platinum,,,,,BPI,Platinum,,MC,Platinum,,RIAA,Platinum,,SNEP,Platinum,,5,,,,,,,,,,,,,,,,November,1,,1,2,1,,,,,,1,,,1,1,1,,,"Shady, Aftermath, Interscope, Web",11/5/2013,The Marshall Mathers LP 2,2013
1454,Eminem,ARIA,Platinum,,,,,BPI,Platinum,,MC,Platinum,,RIAA,Platinum,,SNEP,Platinum,,15,,,,,,,,,,,,,,,,December,1,,1,7,2,,,,,,3,,,1,1,1,,,"Shady, Aftermath, Interscope",12/15/2017,Revival,2017
1455,Eminem,ARIA,Platinum,,,,,BPI,Platinum,,,,,RIAA,Platinum,,SNEP,Gold,,31,,,,,,,,,,,,,,,,August,1,,1,3,2,,,,,,1,,,1,1,1,,,"Shady, Aftermath, Interscope",8/31/2018,Kamikaze,2018
1456,Eminem,ARIA,Gold,,,,,BPI,Platinum,,MC,Platinum,,RIAA,Platinum,,SNEP,Gold,,17,,,,,cassette,CD,,digital download,,LP,,,,streaming,,January,1,,1,4,2,,,,,,1,,,1,1,1,,,"Shady, Aftermath, Interscope",1/17/2020,Music to Be Murdered By,2020
1457,Eminem,,,,,,,BPI,Gold,,MC,Platinum,,,,,,,,12,,,,,,,,,,,,,,,,July,1,,1,2,2,,,,,,1,,,1,1,1,,,"Shady, Aftermath, Interscope",7/12/2024,The Death of Slim Shady (Coup de Grà¢ce),2024
1458,Eric Clapton,,,,,,,,,,,,,,,,,,,1,,,,,,,,,,LP,,,,,,August,7,,,,,,,,,17,,,,,14,13,,,Polydor,8/1/1970,Eric Clapton,1970
1459,Eric Clapton,,,,,,,BPI,Gold,,,,,RIAA,Gold,,,,,1,,,,,,,,,,,,,,,,August,2,,,,11,,,,,4,38,,,,3,1,,,RSO,8/1/1974,461 Ocean Boulevard,1974
1460,Eric Clapton,,,,,,,BPI,Silver,,,,,,,,,,,1,,,,,,,,,,,,,,,,April,15,,,,,,,,,,24,,,,15,21,,,RSO,4/1/1975,There's One in Every Crowd,1975
1461,Eric Clapton,,,,,,,BPI,Silver,,,,,,,,,,,1,,,,,,,,,,,,,,,,August,30,,,,,,,,,13,18,,24,,8,15,,,RSO,8/1/1976,No Reason to Cry,1976
1462,Eric Clapton,,,,,,,BPI,Gold,,,,,RIAA,Platinum,,,,,1,,,,,,,,,,,,,,,,November,46,,,,66,,,,,5,32,,41,,23,2,,,RSO,11/1/1977,Slowhand,1977
1463,Eric Clapton,,,,,,,BPI,Silver,,,,,RIAA,Platinum,,,,,1,,,,,,,,,,,,,,,,November,16,24,,,,,,,,2,22,,28,,18,8,,,RSO,11/1/1978,Backless,1978
1464,Eric Clapton,,,,,,,,,,,,,RIAA,Gold,,,,,1,,,,,,,,,,,,,,,,February,30,,,,26,,,,,5,3,,26,,18,7,,,RSO,2/1/1981,Another Ticket,1981
1465,Eric Clapton,,,,,,,,,,,,,,,,,,,1,,,,,,,,,,,,,,,,January,20,,,,22,,,,,3,11,,5,,13,16,,,Duck/Warner,1/1/1983,Money and Cigarettes,1983
1466,Eric Clapton,,,,,,,,,,,,,RIAA,Platinum,,,,,1,,,,,,,,,,,,,,,,March,50,30,,,15,,,,,5,21,,10,3,8,34,,,Duck/Warner,3/1/1985,Behind the Sun,1985
1467,Eric Clapton,,,,,,,BPI,Platinum,,,,,RIAA,Gold,,,,,1,,,,,,,,,,,,,,,,November,34,,,,32,,,,,12,38,,7,23,3,37,,,Duck/Warner,11/1/1986,August,1986
1468,Eric Clapton,,,,,,,BPI,Platinum,,,,,RIAA,Platinum,,,,,1,,,,,,,,,,,,,,,,November,27,29,,,16,,,,,2,43,,3,,2,16,,,Duck/Reprise,11/1/1989,Journeyman,1989
1469,Eric Clapton,,,,,,,BPI,Gold,,,,,RIAA,Platinum,,,,,1,,,,,,,,,,,,,,,,September,6,1,,,6,,,,,4,2,,2,,1,1,,,Duck/Warner,9/1/1994,From the Cradle,1994
1470,Eric Clapton,ARIA,Gold,,,,,BPI,Gold,,,,,RIAA,Platinum,,,,,1,,,,,,,,,,,,,,,,March,17,4,,,3,,,,,1,10,,3,,6,4,,,Reprise,3/1/1998,Pilgrim,1998
1471,Eric Clapton,,,,,,,BPI,Gold,,,,,RIAA,Gold,,,,,1,,,,,,,,,,,,,,,,March,20,2,,,2,,,,,7,15,,9,,7,5,,,Reprise,3/1/2001,Reptile,2001
1472,Eric Clapton,,,,,,,BPI,Gold,,,,,RIAA,Gold,,,,,1,,,,,,,,,,,,,,,,March,23,5,,,8,,,,,14,14,,7,,10,6,,,Reprise,3/1/2004,Me and Mr. Johnson,2004
1473,Eric Clapton,,,,,,,,,,,,,,,,,,,1,,,,,,,,,,,,,,,,December,,74,,,,,,,,,,,,,,172,,,Reprise,12/1/2004,Sessions for Robert J,2004
1474,Eric Clapton,,,,,,,,,,,,,RIAA,Gold,,,,,1,,,,,,,,,,,,,,,,August,,9,,,2,,,,,6,,,5,4,19,13,,,Reprise,8/1/2005,Back Home,2005
1475,Eric Clapton,,,,,,,,,,,,,,,,,,,1,,,,,,,,,,,,,,,,September,21,5,,,3,,,,,5,11,,5,4,7,6,,,Reprise,9/1/2010,Clapton,2010
1476,Eric Clapton,,,,,,,,,,,,,,,,,,,1,,,,,,,,,,,,,,,,March,22,7,,,5,,,,,7,11,,14,,13,7,,,Reprise,3/1/2013,Old Sock,2013
1477,Eric Clapton,,,,,,,,,,,,,,,,,,,1,,,,,,,,,,,,,,,,May,10,3,,,5,,,,,12,5,,13,,6,6,,,Bushbranch/Surfdog,5/1/2016,I Still Do,2016
1478,Eric Clapton,,,,,,,,,,,,,,,,,,,1,,,,,,,,,,,,,,,,October,,45,,,37,,,,,,,,,,97,84,,,Bushbranch/Surfdog,10/1/2018,Happy Xmas,2018
1479,Eric Clapton,,,,,,,,,,,,,,,,,,,1,,,,,,,,,,,,,,,,October,,4,,,5,,,,,,,,,4,,,,,Bushbranch/Surfdog,10/1/2024,Meanwhile,2024
1480,Etta James,,,,,,,,,,,,,,,,,,,15,,,,,,,,,,,,,,,,November,,,,,,,,,,,,,,,,68,,,Argo,11/15/1960,At Last!,1960
1481,Etta James,,,,,,,,,,,,,,,,,,,1,,,,,,,,,,,,,,,,January,,,,,,,,,,,,,,,,,,,Argo,1/1/1961,The Second Time Around,1961
1482,Etta James,,,,,,,,,,,,,,,,,,,1,,,,,,,,,,,,,,,,January,,,,,,,,,,,,,,,,,,,Argo,1/1/1962,Etta James,1962
1483,Etta James,,,,,,,,,,,,,,,,,,,1,,,,,,,,,,,,,,,,January,,,,,,,,,,,,,,,,,,,Argo,1/1/1962,Etta James Sings for Lovers,1962
1484,Etta James,,,,,,,,,,,,,,,,,,,5,,,,,,,,,,,,,,,,December,,,,,,,,,,,,,,,,,,,Argo,12/5/1964,Queen of Soul,1964
1485,Etta James,,,,,,,,,,,,,,,,,,,1,,,,,,,,,,,,,,,,January,,,,,,,,,,,,,,,,,,,Cadet,1/1/1966,Call My Name,1966
1486,Etta James,,,,,,,,,,,,,,,,,,,1,,,,,,,,,,,,,,,,February,,,,,,,,,,,,,,,,82,,21,Cadet,2/1/1968,Tell Mama,1968
1487,Etta James,,,,,,,,,,,,,,,,,,,1,,,,,,,,,,,,,,,,January,,,,,,,,,,,,,,,,,,,Cadet,1/1/1970,Etta James Sings Funk,1970
1488,Etta James,,,,,,,,,,,,,,,,,,,1,,,,,,,,,,,,,,,,January,,,,,,,,,,,,,,,,,,,Cadet,1/1/1971,Losers Weepers,1971
1489,Etta James,,,,,,,,,,,,,,,,,,,1,,,,,,,,,,,,,,,,January,,,,,,,,,,,,,,,,154,,41,Chess,1/1/1973,Etta James,1973
1490,Etta James,,,,,,,,,,,,,,,,,,,1,,,,,,,,,,,,,,,,January,,,,,,,,,,,,,,,,,,47,Chess,1/1/1974,Come a Little Closer,1974
1491,Etta James,,,,,,,,,,,,,,,,,,,1,,,,,,,,,,,,,,,,January,,,,,,,,,,,,,,,,,,,Chess,1/1/1976,Etta Is Betta Than Evvah!,1976
1492,Etta James,,,,,,,,,,,,,,,,,,,1,,,,,,,,,,,,,,,,January,,,,,,,,,,,,,,,,,,,Warner,1/1/1978,Deep in the Night,1978
1493,Etta James,,,,,,,,,,,,,,,,,,,1,,,,,,,,,,,,,,,,January,,,,,,,,,,,,,,,,,,,MCA,1/1/1980,Changes,1980
1494,Etta James,,,,,,,,,,,,,,,,,,,1,,,,,,,,,,,,,,,,January,,,,,,,,,,,,,,,,,,,Island,1/1/1989,Seven Year Itch,1989
1495,Etta James,,,,,,,,,,,,,,,,,,,1,,,,,,,,,,,,,,,,January,,,,,,,,,,,,,,,,,,,Island,1/1/1990,Stickin' to My Guns,1990
1496,Etta James,,,,,,,,,,,,,,,,,,,1,,,,,,,,,,,,,,,,January,,,,,,,,,,,,,,,,,,,Elektra,1/1/1992,The Right Time,1992
1497,Etta James,,,,,,,,,,,,,,,,,,,15,,,,,,,,,,,,,,,,March,,,,,,,,,,,,,,,,,,,Private Music,3/15/1994,Mystery Lady: Songs of Billie Holiday,1994
1498,Etta James,,,,,,,,,,,,,,,,,,,9,,,,,,,,,,,,,,,,May,,,,,,,,,,,,,,,,,,,Private Music,5/9/1995,Time After Time,1995
1499,Etta James,,,,,,,,,,,,,,,,,,,29,,,,,,,,,,,,,,,,April,,,,,,,,,,,,,,,,,,,Private Music,4/29/1997,Love's Been Rough on Me,1997
1500,Etta James,,,,,,,,,,,,,,,,,,,30,,,,,,,,,,,,,,,,June,,,,,,,,,,,,,,,,,,,Private Music,6/30/1998,"Life, Love & the Blues",1998
1501,Etta James,,,,,,,,,,,,,,,,,,,13,,,,,,,,,,,,,,,,October,,,,,,,,,,,,,,,,,,,Private Music,10/13/1998,12 Songs of Christmas,1998
1502,Etta James,,,,,,,,,,,,,,,,,,,29,,,,,,,,,,,,,,,,June,,,,,,,,,,,,,,,,,,,Private Music,6/29/1999,Heart of a Woman,1999
1503,Etta James,,,,,,,,,,,,,,,,,,,12,,,,,,,,,,,,,,,,December,,,,,,,,,,,,,,,,,,,Private Music,12/12/2000,Matriarch of the Blues,2000
1504,Etta James,,,,,,,,,,,,,,,,,,,21,,,,,,,,,,,,,,,,August,,,,,,,,,,,,,,,,,,,Private Music,8/21/2001,Blue Gardenia,2001
1505,Etta James,,,,,,,,,,,,,,,,,,,6,,,,,,,,,,,,,,,,May,,,,,,,,,,,,,,,,,,,Private Music,5/6/2003,Let's Roll,2003
1506,Etta James,,,,,,,,,,,,,,,,,,,8,,,,,,,,,,,,,,,,June,,,,,,,,,,,,,,,,,,,RCA Victor,6/8/2004,Blues to the Bone,2004
1507,Etta James,,,,,,,,,,,,,,,,,,,14,,,,,,,,,,,,,,,,May,,,,,,,,,,,,,,,,,,,RCA Victor,5/14/2006,All the Way,2006
1508,Etta James,,,,,,,,,,,,,,,,,,,8,,,,,,,,,,,,,,,,November,,,,,,,,,,,,,,,,,,41,Verve Forecast,11/8/2011,The Dreamer,2011
1509,Eurythmics,,,,,,,,,,,,,,,,,,,16,,,,,cassette,CD,,,,LP,,,,,,October,,,,,,,,,,,,,,,,,,,RCA,10/16/1981,In the Garden,1981
1510,Eurythmics,,,,,,,BPI,Platinum,,MC,Platinum,,RIAA,Gold,,,,,4,,,,,cassette,CD,,,,LP,,,,,,January,5,,6,4,6,,,,,,2,,14,,3,15,,,RCA,1/4/1983,Sweet Dreams (Are Made of This),1983
1511,Eurythmics,,,,,,,BPI,Platinum,,MC,Platinum,,RIAA,Platinum,,,,,14,,,,,cassette,CD,,,,LP,,,,,,November,4,,3,20,9,,,,,8,1,,9,14,1,7,,,RCA,11/14/1983,Touch,1983
1512,Eurythmics,ARIA,Platinum,,,,,BPI,Platinum,,MC,Platinum,,RIAA,Platinum,,SNEP,Gold,,26,,,,,cassette,CD,,,,LP,,,,,,April,1,25,3,20,8,,,,,2,2,,2,9,3,9,,,RCA,4/26/1985,Be Yourself Tonight,1985
1513,Eurythmics,ARIA,Platinum,,,,,BPI,Platinum,,MC,Platinum,,RIAA,Gold,,,,,30,,,,,cassette,CD,,,,LP,,,,,,June,2,6,4,12,5,,,,,1,1,,1,7,3,12,,,RCA,6/30/1986,Revenge,1986
1514,Eurythmics,ARIA,Gold,,,,,BPI,Platinum,,MC,Platinum,,,,,SNEP,Gold,,9,,,,,cassette,CD,,,,LP,,,,,,November,15,17,9,26,23,,,,,10,7,,2,10,7,41,,,RCA,11/9/1987,Savage,1987
1515,Eurythmics,ARIA,Platinum,,,,,BPI,Platinum,,MC,Platinum,,,,,SNEP,Gold,,11,,,,,cassette,CD,,,,LP,,,,,,September,7,20,12,11,4,,,,,3,8,,1,2,1,34,,,RCA,9/11/1989,We Too Are One,1989
1516,Eurythmics,,,,,,,BPI,Gold,,MC,Platinum,,RIAA,Gold,,SNEP,Gold,,18,,,,,cassette,CD,,,,,,,,,,October,8,7,9,6,2,,,,,22,,,5,2,4,25,,,RCA,10/18/1999,Peace,1999
1517,Fats Domino,,,,,,,,,,,,,,,,,,,1,,,,,,,,,,,,,,,,March,,,,,,,,,,,,,,,,,,,Imperial,3/1/1956,Rock and Rollin' with Fats Domino,1956
1518,Fats Domino,,,,,,,,,,,,,,,,,,,1,,,,,,,,,,,,,,,,August,,,,,,,,,,,,,,,,,,,Imperial,8/1/1956,Fats Domino Rock and Rollin',1956
1519,Fats Domino,,,,,,,,,,,,,,,,,,,1,,,,,,,,,,,,,,,,December,,,,,,,,,,,,,,,,,,,Imperial,12/1/1956,This Is Fats Domino!,1956
1520,Fats Domino,,,,,,,,,,,,,,,,,,,1,,,,,,,,,,,,,,,,March,,,,,,,,,,,,,,,,,,,Imperial,3/1/1957,Here Stands Fats Domino,1957
1521,Fats Domino,,,,,,,,,,,,,,,,,,,1,,,,,,,,,,,,,,,,August,,,,,,,,,,,,,,,,,,,Imperial,8/1/1957,This Is Fats,1957
1522,Fats Domino,,,,,,,,,,,,,,,,,,,1,,,,,,,,,,,,,,,,August,,,,,,,,,,,,,,,,,,,Imperial,8/1/1958,The Fabulous Mr. D,1958
1523,Fats Domino,,,,,,,,,,,,,,,,,,,1,,,,,,,,,,,,,,,,September,,,,,,,,,,,,,,,,,,,Imperial,9/1/1959,Let's Play Fats Domino,1959
1524,Fats Domino,,,,,,,,,,,,,,,,,,,1,,,,,,,,,,,,,,,,October,,,,,,,,,,,,,,,,,,,Imperial,10/1/1960,...A Lot of Dominos!,1960
1525,Fats Domino,,,,,,,,,,,,,,,,,,,1,,,,,,,,,,,,,,,,January,,,,,,,,,,,,,,,,,,,Imperial,1/1/1961,I Miss You So,1961
1526,Fats Domino,,,,,,,,,,,,,,,,,,,1,,,,,,,,,,,,,,,,July,,,,,,,,,,,,,,,,,,,Imperial,7/1/1961,Let the Four Winds Blow,1961
1527,Fats Domino,,,,,,,,,,,,,,,,,,,1,,,,,,,,,,,,,,,,October,,,,,,,,,,,,,,,,,,,Imperial,10/1/1961,What a Party!,1961
1528,Fats Domino,,,,,,,,,,,,,,,,,,,1,,,,,,,,,,,,,,,,February,,,,,,,,,,,,,,,,,,,Imperial,2/1/1962,Twistin' the Stomp,1962
1529,Fats Domino,,,,,,,,,,,,,,,,,,,1,,,,,,,,,,,,,,,,September,,,,,,,,,,,,,,,,,,,Imperial,9/1/1962,Just Domino,1962
1530,Fats Domino,,,,,,,,,,,,,,,,,,,1,,,,,,,,,,,,,,,,January,,,,,,,,,,,,,,,,,,,Imperial,1/1/1963,Walking to New Orleans,1963
1531,Fats Domino,,,,,,,,,,,,,,,,,,,1,,,,,,,,,,,,,,,,May,,,,,,,,,,,,,,,,,,,Imperial,5/1/1963,Let's Dance with Domino,1963
1532,Fats Domino,,,,,,,,,,,,,,,,,,,1,,,,,,,,,,,,,,,,July,,,,,,,,,,,,,,,,,,,ABC-Paramount,7/1/1963,Here Comes... Fats Domino,1963
1533,Fats Domino,,,,,,,,,,,,,,,,,,,1,,,,,,,,,,,,,,,,August,,,,,,,,,,,,,,,,,,,Imperial,8/1/1963,Here He Comes Again!,1963
1534,Fats Domino,,,,,,,,,,,,,,,,,,,1,,,,,,,,,,,,,,,,January,,,,,,,,,,,,,,,,,,,ABC-Paramount,1/1/1964,Fats on Fire,1964
1535,Fats Domino,,,,,,,,,,,,,,,,,,,1,,,,,,,,,,,,,,,,January,,,,,,,,,,,,,,,,,,,ABC-Paramount,1/1/1965,Getaway with Fats Domino,1965
1536,Fats Domino,,,,,,,,,,,,,,,,,,,1,,,,,,,,,,,,,,,,September,,,,,,,,,,,,,,,,,,,Reprise,9/1/1968,Fats Is Back,1968
1537,Fats Domino,,,,,,,,,,,,,,,,,,,1,,,,,,,,,,,,,,,,January,,,,,,,,,,,,,,,,,,,Reprise,1/1/1971,Fats,1971
1538,Fats Domino,,,,,,,,,,,,,,,,,,,1,,,,,,,,,,,,,,,,January,,,,,,,,,,,,,,,,,,,Antagon,1/1/1979,Sleeping on the Job,1979
1539,Fats Domino,,,,,,,,,,,,,,,,,,,1,,,,,,,,,,,,,,,,November,,,,,,,,,,,,,,,,,,,The Right Stuff,11/1/1993,Christmas Is a Special Day,1993
1540,Fats Domino,,,,,,,,,,,,,,,,,,,1,,,,,,,,,,,,,,,,January,,,,,,,,,,,,,,,,,,,,1/1/2006,Alive and Kickin',2006
1541,Fleetwood Mac,,,,,,,,,,,,,,,,,,,1,,,,,,,,,,,,,,,,February,,,,,,,,,,3,,,,,4,198,,,Blue Horizon,2/1/1968,Fleetwood Mac (1968) (also known as Peter Green's Fleetwood Mac),1968
1542,Fleetwood Mac,,,,,,,,,,,,,,,,,,,23,,,,,,,,,,,,,,,,August,,,,71,,,,,,8,,,,,10,,,,Blue Horizon,8/23/1968,Mr. Wonderful,1968
1543,Fleetwood Mac,,,,,,,,,,,,,,,,,,,19,,,,,,,,,,,,,,,,September,,,,,90,,,,,8,,,,,6,109,,,Reprise,9/19/1969,Then Play On,1969
1544,Fleetwood Mac,,,,,,,,,,,,,,,,,,,5,,,,,,,,,,,,,,,,December,,,,,,,,,,,,,,,,118,,,Blue Horizon,12/5/1969,Fleetwood Mac in Chicago (album by Fleetwood Mac and seven Chicago blues musicians),1969
1545,Fleetwood Mac,,,,,,,,,,,,,,,,,,,18,,,,,,,,,,,,,,,,September,26,,67,,,,,,,,,,,,39,69,,,Reprise,9/18/1970,Kiln House,1970
1546,Fleetwood Mac,,,,,,,,,,,,,RIAA,Gold,,,,,3,,,,,,,,,,,,,,,,September,,,,,,,,,,,,,,,,91,,,Reprise,9/3/1971,Future Games,1971
1547,Fleetwood Mac,,,,,,,,,,,,,RIAA,Platinum,,,,,1,,,,,,,,,,,,,,,,March,37,,,,,,,,,,,,,,,70,,,Reprise,3/1/1972,Bare Trees,1972
1548,Fleetwood Mac,,,,,,,,,,,,,,,,,,,1,,,,,,,,,,,,,,,,March,,,53,,,,,,,,,,,,,49,,,Reprise,3/1/1973,Penguin,1973
1549,Fleetwood Mac,,,,,,,,,,,,,RIAA,Gold,,,,,15,,,,,,,,,,,,,,,,October,,,82,,,,,,,,,,,,,67,,,Reprise,10/15/1973,Mystery to Me,1973
1550,Fleetwood Mac,,,,,,,,,,,,,,,,,,,13,,,,,,,,,,,,,,,,September,,,46,,,,,,,,,,,,,34,,,Reprise,9/13/1974,Heroes Are Hard to Find,1974
1551,Fleetwood Mac,ARIA,Platinum,,,,,BPI,Gold,,MC,Platinum,,RIAA,Platinum,,,,,11,,,,,,,,,,,,,,,,July,3,,2,,47,,,,,,4,,,,23,1,,,Reprise,7/11/1975,Fleetwood Mac (1975) (also known as The White Album),1975
1552,Fleetwood Mac,ARIA,Platinum,,,,,BPI,Platinum,,MC,Diamond,,RIAA,Platinum,,SNEP,Platinum,,4,,,,,,,,,,,,,,,,February,1,,1,13,5,,,,,17,1,,18,,1,1,,,Warner Bros.,2/4/1977,Rumours,1977
1553,Fleetwood Mac,ARIA,Platinum,,,,,BPI,Platinum,,,,,RIAA,Platinum,,SNEP,Gold,,12,,,,,,,,,,,,,,,,October,2,,11,3,3,,,,,6,1,,8,,1,4,,,Warner Bros.,10/12/1979,Tusk,1979
1554,Fleetwood Mac,ARIA,Platinum,,,,,BPI,Platinum,,MC,Platinum,,RIAA,Platinum,,SNEP,Gold,,2,,,,,,,,,,,,,,,,July,2,,4,11,12,,,,,2,13,,10,,5,1,,,Warner Bros.,7/2/1982,Mirage,1982
1555,Fleetwood Mac,ARIA,Platinum,,,,,BPI,Platinum,,MC,Platinum,,RIAA,Platinum,,,,,13,,,,,,,,,,,,,,,,April,5,,5,25,2,,,,,10,9,,1,,1,7,,,Warner Bros.,4/13/1987,Tango in the Night,1987
1556,Fleetwood Mac,ARIA,Gold,,,,,BPI,Platinum,,,,,RIAA,Gold,,,,,9,,,,,,,,,,,,,,,,April,9,,20,36,4,,,,,4,9,,4,,1,18,,,Warner Bros.,4/9/1990,Behind the Mask,1990
1557,Fleetwood Mac,,,,,,,,,,,,,,,,,,,10,,,,,,,,,,,,,,,,October,,,,,92,,,,,,,,,,47,,,,Warner Bros.,10/10/1995,Time,1995
1558,Fleetwood Mac,,,,,,,BPI,Gold,,MC,Gold,,RIAA,Gold,,,,,15,,,,,,,,,,,,,,,,April,24,,8,113,10,,,,,23,7,,8,,6,3,,,Reprise,4/15/2003,Say You Will,2003
1559,Foo Fighters,ARIA,Gold,,,,,BPI,Platinum,,MC,Platinum,,RIAA,Platinum,,,,,4,,,,,cassette,CD,,,,LP,,,,,,July,3,13,5,,33,,,,22,,2,,,26,3,23,,,"Roswell, Capitol",7/4/1995,Foo Fighters,1995
1560,Foo Fighters,ARIA,Platinum,,,,,BPI,Platinum,,MC,Platinum,,RIAA,Platinum,,,,,20,,,,,cassette,CD,,,,LP,,,,,,May,5,19,8,,41,10,,,39,,10,,,50,3,10,,,"Roswell, Capitol",5/20/1997,The Colour and the Shape,1997
1561,Foo Fighters,ARIA,Platinum,,,,,BPI,Platinum,,MC,Platinum,,RIAA,Platinum,,,,,2,,,,,cassette,CD,,,,LP,,,,,,November,5,34,4,,23,49,,,53,,12,,,,10,10,,,"Roswell, RCA",11/2/1999,There Is Nothing Left to Lose,1999
1562,Foo Fighters,ARIA,Platinum,,,,,BPI,Platinum,,MC,Platinum,,RIAA,Platinum,,,,,22,,,,,,CD,,digital download,DVD,LP,,,,,,October,1,19,3,,5,1,,,12,,3,,,28,1,3,,,"Roswell, RCA",10/22/2002,One by One,2002
1563,Foo Fighters,ARIA,Platinum,,,,,BPI,Platinum,,MC,Platinum,,RIAA,Platinum,,,,,14,,,,,,CD,,digital download,,LP,,,,,,June,1,5,3,,4,2,,,5,,1,,,7,2,2,,,"Roswell, RCA",6/14/2005,In Your Honor,2005
1564,Foo Fighters,ARIA,Platinum,,,,,BPI,Platinum,,MC,Platinum,,RIAA,Platinum,,,,,25,,,,,,CD,,digital download,,LP,,,,,,September,1,4,1,,3,2,,,6,,1,,,2,1,3,,,"Roswell, RCA",9/25/2007,"Echoes, Silence, Patience & Grace",2007
1565,Foo Fighters,ARIA,Platinum,,,,,BPI,Platinum,,MC,Platinum,,RIAA,Platinum,,,,,12,,,,,,CD,,digital download,,LP,,,,,,April,1,1,1,,1,3,,,2,,1,,,1,1,1,,,"Roswell, RCA",4/12/2011,Wasting Light,2011
1566,Foo Fighters,ARIA,Platinum,,,,,BPI,Platinum,,MC,Platinum,,,,,,,,10,,,,,,CD,,digital download,,LP,,,,,,November,1,3,3,,2,5,,,2,,2,,,2,2,2,,,"Roswell, RCA",11/10/2014,Sonic Highways,2014
1567,Foo Fighters,ARIA,Platinum,,,,,BPI,Gold,,MC,Gold,,,,,,,,15,,,,,,CD,,digital download,,LP,,,,,,September,1,1,1,,2,1,,,1,,1,,,1,1,1,,,"Roswell, RCA",9/15/2017,Concrete and Gold,2017
1568,Foo Fighters,,,,,,,BPI,Gold,,,,,,,,,,,5,,,,,,CD,,digital download,,LP,,,,,,February,1,1,3,,1,1,,,1,,1,,,1,1,3,,,"Roswell, RCA",2/5/2021,Medicine at Midnight,2021
1569,Foo Fighters,,,,,,,BPI,Silver,,,,,,,,,,,2,,,,,cassette,CD,,digital download,,LP,,,,,,June,1,2,4,,4,3,,,2,,1,,,1,1,8,,,"Roswell, RCA",6/2/2023,But Here We Are,2023
1570,Foreigner,ARIA,Platinum,,,,,,,,MC,Platinum,,RIAA,Platinum,,,,,8,,,,,,,,,,,,,,,,March,9,,9,,,,,,,,,,,,,4,,,Atlantic Records,3/8/1977,Foreigner,1977
1571,Foreigner,,,,,,,,,,MC,Platinum,,RIAA,Platinum,,,,,20,,,,,,,,,,,,,,,,June,13,,3,,,,,,,,32,,,,32,3,,,Atlantic Records,6/20/1978,Double Vision,1978
1572,Foreigner,,,,,,,,,,MC,Platinum,,RIAA,Platinum,,,,,11,,,,,,,,,,,,,,,,September,45,,5,,39,,,,,,38,,,,,5,,,Atlantic Records,9/11/1979,Head Games,1979
1573,Foreigner,ARIA,Platinum,,BMVI,Platinum,,BPI,Gold,,,,,RIAA,Platinum,,SNEP,Gold,,3,,,,,,,,,,,,,,,,July,3,,2,,4,,,,,,19,,41,,5,1,,,Atlantic Records,7/3/1981,4,1981
1574,Foreigner,,,,BMVI,Platinum,,BPI,Platinum,,,,,RIAA,Platinum,,SNEP,Gold,,14,,,,,,,,,,,,,,,,December,2,,3,,1,,,,,1,4,,1,1,1,4,,,Atlantic Records,12/14/1984,Agent Provocateur,1984
1575,Foreigner,,,,BMVI,Gold,,BPI,Silver,,,,,RIAA,Platinum,,,,,7,,,,,,,,,,,,,,,,December,33,,23,,7,,,,,5,,,11,7,64,15,,,Atlantic Records,12/7/1987,Inside Information,1987
1576,Foreigner,,,,,,,,,,,,,,,,,,,24,,,,,,,,,,,,,,,,June,102,,50,,13,,,,,18,,,40,8,56,117,,,Atlantic Records,6/24/1991,Unusual Heat,1991
1577,Foreigner,,,,,,,,,,,,,,,,,,,24,,,,,,,,,,,,,,,,October,126,,69,,21,,,,,,,,,17,59,136,,,Arista Records,10/24/1994,Mr. Moonlight,1994
1578,Foreigner,,,,,,,BPI,Silver,,,,,RIAA,Gold,,,,,29,,,,,,,,,,,,,,,,September,,,,,16,,,,,,,,,26,105,29,,,Rhino Records,9/29/2009,Can't Slow Down,2009
1579,The Four Tops,,,,,,,,,,,,,,,,,,,1,,,,,,,,,,,,,,,,January,,,,,,,,,,,,,,,,63,,1,Motown,1/1/1965,Four Tops,1965
1580,The Four Tops,,,,,,,,,,,,,,,,,,,1,,,,,,,,,,,,,,,,January,,,,,,,,,,,,,,,,20,,3,Motown,1/1/1965,Four Tops Second Album,1965
1581,The Four Tops,,,,,,,,,,,,,,,,,,,1,,,,,,,,,,,,,,,,January,,,,,,,,,,,,,,,9,32,,3,Motown,1/1/1966,On Top,1966
1582,The Four Tops,,,,,,,,,,,,,,,,,,,1,,,,,,,,,,,,,,,,January,,,,,,,,,,,,,,,,79,,15,Motown,1/1/1967,On Broadway,1967
1583,The Four Tops,,,,,,,BPI,Silver,,,,,,,,,,,1,,,,,,,,,,,,,,,,January,,,25,,,,,,,,,,,,4,11,,3,Motown,1/1/1967,Reach Out,1967
1584,The Four Tops,,,,,,,,,,,,,,,,,,,1,,,,,,,,,,,,,,,,January,,,43,,,,,,,,,,,,37,91,,7,Motown,1/1/1968,Yesterday's Dreams,1968
1585,The Four Tops,,,,,,,,,,,,,,,,,,,1,,,,,,,,,,,,,,,,January,,,,,,,,,,,,,,,,74,,18,Motown,1/1/1969,Four Tops Now!,1969
1586,The Four Tops,,,,,,,,,,,,,,,,,,,1,,,,,,,,,,,,,,,,January,,,,,,,,,,,,,,,,163,,30,Motown,1/1/1969,Soul Spin,1969
1587,The Four Tops,,,,,,,,,,,,,,,,,,,1,,,,,,,,,,,,,,,,January,,,37,,,,,,,,,,,,29,21,,3,Motown,1/1/1970,Still Waters Run Deep,1970
1588,The Four Tops,,,,,,,,,,,,,,,,,,,1,,,,,,,,,,,,,,,,January,,,,,,,,,,,,,,,,109,,20,Motown,1/1/1970,Changing Times,1970
1589,The Four Tops,,,,,,,,,,,,,,,,,,,1,,,,,,,,,,,,,,,,January,,,73,,,,,,,,,,,,6,113,,18,Motown,1/1/1970,The Magnificent 7 (with The Supremes),1970
1590,The Four Tops,,,,,,,,,,,,,,,,,,,1,,,,,,,,,,,,,,,,January,,,,,,,,,,,,,,,,154,,18,Motown,1/1/1971,The Return of the Magnificent Seven (with The Supremes),1971
1591,The Four Tops,,,,,,,,,,,,,,,,,,,1,,,,,,,,,,,,,,,,January,,,,,,,,,,,,,,,,160,,21,Motown,1/1/1971,Dynamite (with The Supremes),1971
1592,The Four Tops,,,,,,,,,,,,,,,,,,,1,,,,,,,,,,,,,,,,January,,,,,,,,,,,,,,,,50,,4,Motown,1/1/1972,Nature Planned It,1972
1593,The Four Tops,,,,,,,,,,,,,,,,,,,1,,,,,,,,,,,,,,,,January,,,,,,,,,,,,,,,,33,,6,ABC/Dunhill,1/1/1972,Keeper of the Castle,1972
1594,The Four Tops,,,,,,,,,,,,,,,,,,,1,,,,,,,,,,,,,,,,January,,,,,,,,,,,,,,,,66,,8,ABC/Dunhill,1/1/1973,Main Street People,1973
1595,The Four Tops,,,,,,,,,,,,,,,,,,,1,,,,,,,,,,,,,,,,January,,,,,,,,,,,,,,,,118,,22,ABC/Dunhill,1/1/1974,Meeting of the Minds,1974
1596,The Four Tops,,,,,,,,,,,,,,,,,,,1,,,,,,,,,,,,,,,,January,,,,,,,,,,,,,,,,148,,24,ABC/Dunhill,1/1/1975,Night Lights Harmony,1975
1597,The Four Tops,,,,,,,,,,,,,,,,,,,1,,,,,,,,,,,,,,,,January,,,,,,,,,,,,,,,,124,,26,ABC/Dunhill,1/1/1976,Catfish,1976
1598,The Four Tops,,,,,,,,,,,,,,,,,,,1,,,,,,,,,,,,,,,,January,,,,,,,,,,,,,,,,,,54,ABC/Dunhill,1/1/1977,The Show Must Go On,1977
1599,The Four Tops,,,,,,,,,,,,,,,,,,,1,,,,,,,,,,,,,,,,January,,,,,,,,,,,,,,,,,,73,ABC/Dunhill,1/1/1978,At the Top,1978
1600,The Four Tops,,,,,,,,,,,,,,,,,,,1,,,,,,,,,,,,,,,,January,,,,,,,,,,,,,,,,37,,5,Casablanca,1/1/1981,Tonight!,1981
1601,The Four Tops,,,,,,,,,,,,,,,,,,,1,,,,,,,,,,,,,,,,January,,,,,,,,,,,,,,,,,,45,Casablanca,1/1/1982,One More Mountain,1982
1602,The Four Tops,,,,,,,,,,,,,,,,,,,1,,,,,,,,,,,,,,,,January,,,,,,,,,,,,,,,,,,47,Motown,1/1/1983,Back Where I Belong,1983
1603,The Four Tops,,,,,,,,,,,,,,,,,,,1,,,,,,,,,,,,,,,,January,,,,,,,,,,,,,,,,140,,33,Motown,1/1/1985,Magic,1985
1604,The Four Tops,,,,,,,,,,,,,,,,,,,1,,,,,,,,,,,,,,,,January,,,,,33,,,,,,,,,,,149,,66,Arista,1/1/1988,Indestructible,1988
1605,The Four Tops,,,,,,,,,,,,,,,,,,,1,,,,,,,,,,,,,,,,January,,,,,,,,,,,,,,,,,,94,Motown,1/1/1995,Christmas Here with You,1995
1606,Frank Zappa,,,,,,,,,,,,,,,,,,,1,,,,,,,,,,,,,,,,June,,,,,,,,,,,,,,,,130,,,Verve,6/1/1966,Freak Out! (with The Mothers of Invention),1966
1607,Frank Zappa,,,,,,,,,,,,,,,,,,,1,,,,,,,,,,,,,,,,May,,,,,,,,,,,,,,,,41,,,Verve,5/1/1967,Absolutely Free (with The Mothers of Invention),1967
1608,Frank Zappa,,,,,,,,,,,,,,,,,,,1,,,,,,,,,,,,,,,,March,,,,,,,,,,,,,,,31,30,,,Verve,3/1/1968,We're Only in It for the Money (with The Mothers of Invention),1968
1609,Frank Zappa,,,,,,,,,,,,,,,,,,,1,,,,,,,,,,,,,,,,May,,,,,,,,,,,,,,,,159,,,Verve,5/1/1968,Lumpy Gravy (with Abnuceals Emuukha Electric Symphony Orchestra),1968
1610,Frank Zappa,,,,,,,,,,,,,,,,,,,1,,,,,,,,,,,,,,,,December,,,,,,,,,,,,,,,,110,,,Bizarre/Verve,12/1/1968,Cruising with Ruben & the Jets (with The Mothers of Invention),1968
1611,Frank Zappa,,,,,,,,,,,,,,,,,,,1,,,,,,,,,,,,,,,,March,,,,,,,,,,,,,,,,151,,,Bizarre/Verve,3/1/1969,Mothermania (with The Mothers of Invention),1969
1612,Frank Zappa,,,,,,,,,,,,,,,,,,,1,,,,,,,,,,,,,,,,April,,,,,,,,,,,,,,,,43,,,Bizarre/Reprise,4/1/1969,Uncle Meat (with The Mothers of Invention),1969
1613,Frank Zappa,,,,,,,,,,,,,,,,,,,1,,,,,,,,,,,,,,,,October,19,,,,45,,,,,,,,,,9,173,,,Bizarre/Reprise,10/1/1969,Hot Rats,1969
1614,Frank Zappa,,,,,,,,,,,,,,,,,,,1,,,,,,,,,,,,,,,,February,,,,,,,,,,,,,,,17,94,,,Bizarre/Reprise,2/1/1970,Burnt Weeny Sandwich (with The Mothers of Invention),1970
1615,Frank Zappa,,,,,,,,,,,,,,,,,,,1,,,,,,,,,,,,,,,,August,,,,,,,,,,,,,,,28,189,,,Bizarre/Reprise,8/1/1970,Weasels Ripped My Flesh (with The Mothers of Invention),1970
1616,Frank Zappa,,,,,,,,,,,,,,,,,,,1,,,,,,,,,,,,,,,,October,24,,,,,,,,,,,,,,43,119,,,Bizarre/Reprise,10/1/1970,Chunga's Revenge,1970
1617,Frank Zappa,,,,,,,,,,,,,,,,,,,1,,,,,,,,,,,,,,,,August,22,,,,,,,,,,,,,,,38,,,Bizarre/Reprise,8/1/1971,Fillmore East - June 1971 (with The Mothers of Invention),1971
1618,Frank Zappa,,,,,,,,,,,,,,,,,,,1,,,,,,,,,,,,,,,,October,48,,,,44,,,,,,,,,,,59,,,United Artists,10/1/1971,200 Motels (with The Mothers of Invention),1971
1619,Frank Zappa,,,,,,,,,,,,,,,,,,,1,,,,,,,,,,,,,,,,March,41,,,,,,,,,,,,,,,85,,,Bizarre/Reprise,3/1/1972,Just Another Band from L.A. (with The Mothers of Invention),1972
1620,Frank Zappa,,,,,,,,,,,,,,,,,,,1,,,,,,,,,,,,,,,,July,,,,,24,,,,,,,,,,,152,,,Bizarre/Reprise,7/1/1972,Waka/Jawaka,1972
1621,Frank Zappa,,,,,,,,,,,,,,,,,,,1,,,,,,,,,,,,,,,,November,,,,,,,,,,,,,,,,,,,Bizarre/Reprise,11/1/1972,The Grand Wazoo (with The Mothers of Invention),1972
1622,Frank Zappa,,,,,,,,,,,,,RIAA,Gold,,,,,1,,,,,,,,,,,,,,,,September,47,,,,21,,,,,15,,,10,,,32,,,DiscReet,9/1/1973,Over-Nite Sensation (with The Mothers of Invention),1973
1623,Frank Zappa,,,,,,,,,,,,,RIAA,Gold,,,,,1,,,,,,,,,,,,,,,,March,71,,,,7,,,,,6,,,6,,,10,,,DiscReet,3/1/1974,Apostrophe ('),1974
1624,Frank Zappa,,,,,,,,,,,,,,,,,,,1,,,,,,,,,,,,,,,,September,,,,,,,,,,14,,,4,,,27,,,DiscReet,9/1/1974,Roxy & Elsewhere (with The Mothers of Invention),1974
1625,Frank Zappa,,,,,,,,,,,,,,,,,,,1,,,,,,,,,,,,,,,,June,81,,,,,,,,,5,,,6,,,26,,,DiscReet,6/1/1975,One Size Fits All (with The Mothers of Invention),1975
1626,Frank Zappa,,,,,,,,,,,,,,,,,,,1,,,,,,,,,,,,,,,,October,,,,,,,,,,11,,,,,,66,,,DiscReet,10/1/1975,Bongo Fury (with Captain Beefheart and The Mothers of Invention),1975
1627,Frank Zappa,,,,,,,BPI,Silver,,,,,,,,,,,1,,,,,,,,,,,,,,,,October,82,,,,,,,,,16,,,17,,,61,,,Warner Bros.,10/1/1976,Zoot Allures,1976
1628,Frank Zappa,,,,,,,,,,,,,,,,,,,1,,,,,,,,,,,,,,,,March,74,,,,20,,,,,6,,,24,,55,57,,,DiscReet,3/1/1978,Zappa in New York,1978
1629,Frank Zappa,,,,,,,,,,,,,,,,,,,1,,,,,,,,,,,,,,,,September,92,,,,,,,,,,,,30,,,147,,,DiscReet,9/1/1978,Studio Tan,1978
1630,Frank Zappa,,,,,,,,,,,,,,,,,,,1,,,,,,,,,,,,,,,,January,,,,,,,,,,16,,,19,,,175,,,DiscReet,1/1/1979,Sleep Dirt,1979
1631,Frank Zappa,,,,,,,,,,MC,Gold,,,,,,,,1,,,,,,,,,,,,,,,,March,53,6,,,10,,,,,5,,,4,,32,21,,,Zappa CBS International,3/1/1979,Sheik Yerbouti,1979
1632,Frank Zappa,,,,,,,,,,,,,,,,,,,1,,,,,,,,,,,,,,,,May,,,,,48,,,,,,,,,,,168,,,DiscReet,5/1/1979,Orchestral Favorites,1979
1633,Frank Zappa,,,,,,,,,,MC,Gold,,,,,,,,1,,,,,,,,,,,,,,,,September,94,8,,,41,,,,,1,,,2,,62,27,,,Zappa,9/1/1979,Joe's Garage Act I,1979
1634,Frank Zappa,,,,,,,,,,,,,,,,,,,1,,,,,,,,,,,,,,,,November,,9,,,31,,,,,3,,,4,,75,53,,,Zappa,11/1/1979,Joe's Garage Acts II & III,1979
1635,Frank Zappa,,,,,,,,,,,,,,,,,,,1,,,,,,,,,,,,,,,,May,,9,,,23,,,,,13,,,8,,55,66,,,Barking Pumpkin,5/1/1981,Tinsel Town Rebellion,1981
1636,Frank Zappa,,,,,,,,,,,,,,,,,,,1,,,,,,,,,,,,,,,,May,,,,,,,,,,,,,,,,,,,Barking Pumpkin,5/1/1981,Shut Up 'n Play Yer Guitar,1981
1637,Frank Zappa,,,,,,,,,,,,,,,,,,,1,,,,,,,,,,,,,,,,May,,,,,,,,,,,,,,,,,,,Barking Pumpkin,5/1/1981,Shut Up 'n Play Yer Guitar Some More,1981
1638,Frank Zappa,,,,,,,,,,,,,,,,,,,1,,,,,,,,,,,,,,,,May,,,,,,,,,,,,,,,,,,,Barking Pumpkin,5/1/1981,Return of the Son of Shut Up 'n Play Yer Guitar,1981
1639,Frank Zappa,,,,,,,,,,,,,,,,,,,1,,,,,,,,,,,,,,,,September,,,,,,,,,,12,,,22,,51,93,,,Barking Pumpkin,9/1/1981,You Are What You Is,1981
1640,Frank Zappa,,,,,,,,,,,,,,,,,,,1,,,,,,,,,,,,,,,,May,,,,,65,,,,,20,,,26,,61,23,,,Barking Pumpkin,5/1/1982,Ship Arriving Too Late to Save a Drowning Witch,1982
1641,Frank Zappa,,,,,,,,,,,,,,,,,,,1,,,,,,,,,,,,,,,,September,,,,,,,,,,,,,,,,,,,Barking Pumpkin,9/1/1982,Shut Up 'n Play Yer Guitar (all three albums reissued together),1982
1642,Frank Zappa,,,,,,,,,,,,,,,,,,,1,,,,,,,,,,,,,,,,March,,,,,,,,,,,,,23,,87,153,,,Barking Pumpkin,3/1/1983,The Man from Utopia,1983
1643,Frank Zappa,,,,,,,,,,,,,,,,,,,1,,,,,,,,,,,,,,,,March,,,,,67,,,,,,,,,,,,,,Barking Pumpkin,3/1/1983,Baby Snakes,1983
1644,Frank Zappa,,,,,,,,,,,,,,,,,,,1,,,,,,,,,,,,,,,,June,,,,,,,,,,,,,,,,,,,Barking Pumpkin,6/1/1983,"London Symphony Orchestra, Vol. I",1983
1645,Frank Zappa,,,,,,,,,,,,,,,,,,,1,,,,,,,,,,,,,,,,August,,,,,,,,,,,,,,,,,,,Angel,8/1/1984,Boulez Conducts Zappa: The Perfect Stranger,1984
1646,Frank Zappa,,,,,,,,,,,,,,,,,,,1,,,,,,,,,,,,,,,,October,,,,,42,,,,,,,,22,,53,,,,Barking Pumpkin,10/1/1984,Them or Us,1984
1647,Frank Zappa,,,,,,,,,,,,,,,,,,,1,,,,,,,,,,,,,,,,November,,,,,,,,,,,,,,,,,,,Barking Pumpkin,11/1/1984,Thing-Fish,1984
1648,Frank Zappa,,,,,,,,,,,,,,,,,,,1,,,,,,,,,,,,,,,,November,,,,,,,,,,,,,,,,,,,Barking Pumpkin,11/1/1984,Francesco Zappa,1984
1649,Frank Zappa,,,,,,,,,,,,,,,,,,,1,,,,,,,,,,,,,,,,April,,,,,,,,,,,,,,,,,,,Barking Pumpkin,4/1/1985,"The Old Masters, Box I",1985
1650,Frank Zappa,,,,,,,,,,,,,,,,,,,1,,,,,,,,,,,,,,,,November,,,,,,,,,,,,,,,,153,,,Barking Pumpkin,11/1/1985,Frank Zappa Meets the Mothers of Prevention,1985
1651,Frank Zappa,,,,,,,,,,,,,,,,,,,1,,,,,,,,,,,,,,,,January,,,,,,,,,,,,,,,,,,,EMI,1/1/1986,Does Humor Belong in Music?,1986
1652,Frank Zappa,,,,,,,,,,,,,,,,,,,1,,,,,,,,,,,,,,,,November,,,,,,,,,,,,,,,,,,,Barking Pumpkin,11/1/1986,"The Old Masters, Box II",1986
1653,Frank Zappa,,,,,,,,,,,,,,,,,,,1,,,,,,,,,,,,,,,,November,,,,,,,,,,,,,,,,,,,Barking Pumpkin,11/1/1986,Jazz from Hell,1986
1654,Frank Zappa,,,,,,,,,,,,,,,,,,,1,,,,,,,,,,,,,,,,June,,,,,,,,,,,,,,,,,,,Zappa,6/1/1987,"Joe's Garage, Acts I, II & III (all three acts reissued together)",1987
1655,Frank Zappa,,,,,,,,,,,,,,,,,,,1,,,,,,,,,,,,,,,,September,,,,,,,,,,,,,,,,,,,Barking Pumpkin,9/1/1987,"London Symphony Orchestra, Vol. II",1987
1656,Frank Zappa,,,,,,,,,,,,,,,,,,,1,,,,,,,,,,,,,,,,December,,,,,,,,,,,,,,,,,,,Barking Pumpkin,12/1/1987,"The Old Masters, Box III",1987
1657,Frank Zappa,,,,,,,,,,,,,,,,,,,1,,,,,,,,,,,,,,,,April,,25,,,40,,,,,,,,,,82,,,,Barking Pumpkin,4/1/1988,Guitar,1988
1658,Frank Zappa,,,,,,,,,,,,,,,,,,,1,,,,,,,,,,,,,,,,May,,,,,,,,,,,,,,,,,,,Rykodisc,5/1/1988,"You Can't Do That on Stage Anymore, Vol. 1",1988
1659,Frank Zappa,,,,,,,,,,,,,,,,,,,1,,,,,,,,,,,,,,,,October,,,,,,,,,,,,,,,,,,,Rykodisc,10/1/1988,"You Can't Do That on Stage Anymore, Vol. 2",1988
1660,Frank Zappa,,,,,,,,,,,,,,,,,,,1,,,,,,,,,,,,,,,,October,,,,,,,,,,,,,,,,,,,Barking Pumpkin,10/1/1988,Broadway the Hard Way,1988
1661,Frank Zappa,,,,,,,,,,,,,,,,,,,1,,,,,,,,,,,,,,,,November,,,,,,,,,,,,,,,,,,,Rykodisc,11/1/1989,"You Can't Do That on Stage Anymore, Vol. 3",1989
1662,Frank Zappa,,,,,,,,,,,,,,,,,,,1,,,,,,,,,,,,,,,,April,,,,,,,,,,,,,,,,,,,Barking Pumpkin,4/1/1991,The Best Band You Never Heard in Your Life,1991
1663,Frank Zappa,,,,,,,,,,,,,,,,,,,1,,,,,,,,,,,,,,,,June,,,,,,,,,,,,,,,,,,,Barking Pumpkin,6/1/1991,Make a Jazz Noise Here,1991
1664,Frank Zappa,,,,,,,,,,,,,,,,,,,1,,,,,,,,,,,,,,,,June,,,,,,,,,,,,,,,,,,,Rykodisc,6/1/1991,"You Can't Do That on Stage Anymore, Vol. 4",1991
1665,Frank Zappa,,,,,,,,,,,,,,,,,,,1,,,,,,,,,,,,,,,,July,,,,,,,,,,,,,,,,,,,Rykodisc,7/1/1992,"You Can't Do That on Stage Anymore, Vol. 5",1992
1666,Frank Zappa,,,,,,,,,,,,,,,,,,,1,,,,,,,,,,,,,,,,July,,,,,,,,,,,,,,,,,,,Rykodisc,7/1/1997,"You Can't Do That on Stage Anymore, Vol. 6",1992
1667,Frank Zappa,,,,,,,,,,,,,,,,,,,1,,,,,,,,,,,,,,,,October,,,,,,,,,,,,,,,,,,,Barking Pumpkin,10/1/1992,Playground Psychotics (with The Mothers of Invention),1992
1668,Frank Zappa,,,,,,,,,,,,,,,,,,,1,,,,,,,,,,,,,,,,March,,,,,,,,,,,,,,,,,,,Barking Pumpkin,3/1/1993,Ahead of Their Time (with The Mothers of Invention),1993
1669,Frank Zappa,,,,,,,,,,,,,,,,,,,1,,,,,,,,,,,,,,,,October,,30,,,61,,,,,,,,,,,,,,Barking Pumpkin,10/1/1993,The Yellow Shark (with Ensemble Modern),1993
1670,Gene Pitney,,,,,,,,,,,,,,,,,,,1,,,,,,,,,,,,,,,,January,,,,,,,,,,,,,,,,,,,Musicor,1/1/1962,The Many Sides of Gene Pitney,1962
1671,Gene Pitney,,,,,,,,,,,,,,,,,,,1,,,,,,,,,,,,,,,,January,,,,,,,,,,,,,,,,,,,,1/1/1962,Spotlight on Gene Pitney & NewCastle Trio,1962
1672,Gene Pitney,,,,,,,,,,,,,,,,,,,1,,,,,,,,,,,,,,,,January,,,,,,,,,,,,,,,,,,,Musicor,1/1/1962,Only Love Can Break a Heart,1962
1673,Gene Pitney,,,,,,,,,,,,,,,,,,,1,,,,,,,,,,,,,,,,January,,,,,,,,,,,,,,,,,,,Musicor,1/1/1963,Gene Pitney Sings Just for You,1963
1674,Gene Pitney,,,,,,,,,,,,,,,,,,,1,,,,,,,,,,,,,,,,January,,,,,,,,,,,,,,,,,,,Musicor,1/1/1963,Gene Pitney Sings World Wide Winners,1963
1675,Gene Pitney,,,,,,,,,,,,,,,,,,,1,,,,,,,,,,,,,,,,January,,,,,,,,,,,,,,,,,,,Musicor,1/1/1963,Blue Gene,1963
1676,Gene Pitney,,,,,,,,,,,,,,,,,,,1,,,,,,,,,,,,,,,,January,,,,,,,,,,,,,,,,,,,Musicor,1/1/1964,Gene Pitney Meets the Fair Young Ladies of Folkland,1964
1677,Gene Pitney,,,,,,,,,,,,,,,,,,,1,,,,,,,,,,,,,,,,January,,,,,,,,,,,,,,,,,,,Musicor,1/1/1964,Gene Pitney's Big Sixteen,1964
1678,Gene Pitney,,,,,,,,,,,,,,,,,,,1,,,,,,,,,,,,,,,,January,,,,,,,,,,,,,,,,,,,Musicor,1/1/1964,Gene Italiano,1964
1679,Gene Pitney,,,,,,,,,,,,,,,,,,,1,,,,,,,,,,,,,,,,January,,,,,,,,,,,,,,,,,,,Musicor,1/1/1964,It Hurts to Be in Love and Eleven More Hit Songs,1964
1680,Gene Pitney,,,,,,,,,,,,,,,,,,,1,,,,,,,,,,,,,,,,January,,,,,,,,,,,,,,,,,,,Musicor,1/1/1965,"Gene Pitney's Big Sixteen, Volume Two",1965
1681,Gene Pitney,,,,,,,,,,,,,,,,,,,1,,,,,,,,,,,,,,,,January,,,,,,,,,,,,,,,,,,,Musicor,1/1/1965,For the First Time! Two Great Stars - George Jones and Gene Pitney,1965
1682,Gene Pitney,,,,,,,,,,,,,,,,,,,1,,,,,,,,,,,,,,,,January,,,,,,,,,,,,,,,,,,,Musicor,1/1/1965,I Must Be Seeing Things,1965
1683,Gene Pitney,,,,,,,,,,,,,,,,,,,1,,,,,,,,,,,,,,,,January,,,,,,,,,,,,,,,,,,,Musicor,1/1/1965,It's Country Time Again! (WITH George Jones),1965
1684,Gene Pitney,,,,,,,,,,,,,,,,,,,1,,,,,,,,,,,,,,,,January,,,,,,,,,,,,,,,,,,,,1/1/1965,Looking Through the Eyes of Love,1965
1685,Gene Pitney,,,,,,,,,,,,,,,,,,,1,,,,,,,,,,,,,,,,January,,,,,,,,,,,,,,,,,,,,1/1/1965,The Great Songs of Our Time,1965
1686,Gene Pitney,,,,,,,,,,,,,,,,,,,1,,,,,,,,,,,,,,,,January,,,,,,,,,,,,,,,,,,,,1/1/1966,Español,1966
1687,Gene Pitney,,,,,,,,,,,,,,,,,,,1,,,,,,,,,,,,,,,,January,,,,,,,,,,,,,,,,,,,,1/1/1966,Being Together (with Melba Montgomery),1966
1688,Gene Pitney,,,,,,,,,,,,,,,,,,,1,,,,,,,,,,,,,,,,January,,,,,,,,,,,,,,,,,,,,1/1/1966,Big Sixteen Volume 3,1966
1689,Gene Pitney,,,,,,,,,,,,,,,,,,,1,,,,,,,,,,,,,,,,January,,,,,,,,,,,,,,,,,,,,1/1/1966,Backstage (I'm Lonely),1966
1690,Gene Pitney,,,,,,,,,,,,,,,,,,,1,,,,,,,,,,,,,,,,January,,,,,,,,,,,,,,,,,,,,1/1/1966,Nessuno Mi Può Giudicare,1966
1691,Gene Pitney,,,,,,,,,,,,,,,,,,,1,,,,,,,,,,,,,,,,January,,,,,,,,,,,,,,,,,,,,1/1/1966,Greatest Hits of All Times,1966
1692,Gene Pitney,,,,,,,,,,,,,,,,,,,1,,,,,,,,,,,,,,,,January,,,,,,,,,,,,,,,,,,,,1/1/1966,The Country Side of Gene Pitney,1966
1693,Gene Pitney,,,,,,,,,,,,,,,,,,,1,,,,,,,,,,,,,,,,January,,,,,,,,,,,,,,,,,,,,1/1/1966,Young and Warm and Wonderful,1966
1694,Gene Pitney,,,,,,,,,,,,,,,,,,,1,,,,,,,,,,,,,,,,January,,,,,,,,,,,,,,,,,,,,1/1/1967,Just One Smile,1967
1695,Gene Pitney,,,,,,,,,,,,,,,,,,,1,,,,,,,,,,,,,,,,January,,,,,,,,,,,,,,,,,,,,1/1/1967,Golden Greats,1967
1696,Gene Pitney,,,,,,,,,,,,,,,,,,,1,,,,,,,,,,,,,,,,January,,,,,,,,,,,,,,,,,,,,1/1/1968,The Gene Pitney Story,1968
1697,Gene Pitney,,,,,,,,,,,,,,,,,,,1,,,,,,,,,,,,,,,,January,,,,,,,,,,,,,,,,,,,,1/1/1968,"Español, Volume 2",1968
1698,Gene Pitney,,,,,,,,,,,,,,,,,,,1,,,,,,,,,,,,,,,,January,,,,,,,,,,,,,,,,,,,,1/1/1968,Gene Pitney Sings Burt Bacharach and Others,1968
1699,Gene Pitney,,,,,,,,,,,,,,,,,,,1,,,,,,,,,,,,,,,,January,,,,,,,,,,,,,,,,,,,,1/1/1968,She's a Heartbreaker,1968
1700,Gene Pitney,,,,,,,,,,,,,,,,,,,1,,,,,,,,,,,,,,,,January,,,,,,,,,,,,,,,,,,,,1/1/1969,The Greatest Hits of Gene Pitney,1969
1701,Gene Pitney,,,,,,,,,,,,,,,,,,,1,,,,,,,,,,,,,,,,January,,,,,,,,,,,,,,,,,,,,1/1/1970,This is Gene Pitney Singing The Platters' Golden Platters,1970
1702,Gene Pitney,,,,,,,,,,,,,,,,,,,1,,,,,,,,,,,,,,,,January,,,,,,,,,,,,,,,,,,,,1/1/1970,Super Star,1970
1703,Gene Pitney,,,,,,,,,,,,,,,,,,,1,,,,,,,,,,,,,,,,January,,,,,,,,,,,,,,,,,,,,1/1/1971,Ten Years Later,1971
1704,Gene Pitney,,,,,,,,,,,,,,,,,,,1,,,,,,,,,,,,,,,,January,,,,,,,,,,,,,,,,,,,,1/1/1972,New Sounds of Gene Pitney,1972
1705,Gene Pitney,,,,,,,,,,,,,,,,,,,1,,,,,,,,,,,,,,,,January,,,,,,,,,,,,,,,,,,,,1/1/1972,The Golden Hits of Gene Pitney,1972
1706,Gene Pitney,,,,,,,,,,,,,,,,,,,1,,,,,,,,,,,,,,,,January,,,,,,,,,,,,,,,,,,,,1/1/1975,Pitney '75,1975
1707,Gene Pitney,,,,,,,,,,,,,,,,,,,1,,,,,,,,,,,,,,,,January,,,,,,,,,,,,,,,,,,,,1/1/1990,Backstage: The Greatest Hits and More,1990
1708,Gene Pitney,,,,,,,,,,,,,,,,,,,1,,,,,,,,,,,,,,,,January,,,,,,,,,,,,,,,,,,,,1/1/1990,You're The Reason,1990
1709,Gene Pitney,,,,,,,,,,,,,,,,,,,1,,,,,,,,,,,,,,,,January,,,,,,,,,,,,,,,,,,,,1/1/1961,Anthology,1961
1710,Gene Pitney,,,,,,,,,,,,,,,,,,,1,,,,,,,,,,,,,,,,January,,,,,,,,,,,,,,,,,,,,1/1/1993,Hits and Misses,1993
1711,Gene Pitney,,,,,,,,,,,,,,,,,,,1,,,,,,,,,,,,,,,,January,,,,,,,,,,,,,,,,,,,,1/1/1994,Heartbreaker,1994
1712,Gene Pitney,,,,,,,,,,,,,,,,,,,1,,,,,,,,,,,,,,,,January,,,,,,,,,,,,,,,,,,,,1/1/1994,George Jones & Gene Pitney,1994
1713,Gene Pitney,,,,,,,,,,,,,,,,,,,1,,,,,,,,,,,,,,,,January,,,,,,,,,,,,,,,,,,,,1/1/1995,More Greatest Hits,1995
1714,Gene Pitney,,,,,,,,,,,,,,,,,,,1,,,,,,,,,,,,,,,,January,,,,,,,,,,,,,,,,,,,,1/1/1995,Greatest Hits,1995
1715,Gene Pitney,,,,,,,,,,,,,,,,,,,1,,,,,,,,,,,,,,,,January,,,,,,,,,,,,,,,,,,,,1/1/1996,Great Gene Pitney,1996
1716,Gene Pitney,,,,,,,,,,,,,,,,,,,1,,,,,,,,,,,,,,,,January,,,,,,,,,,,,,,,,,,,,1/1/1997,Very Best of Gene Pitney,1997
1717,Gene Pitney,,,,,,,,,,,,,,,,,,,1,,,,,,,,,,,,,,,,January,,,,,,,,,,,,,,,,,,,,1/1/1998,22 Greatest Hits,1998
1718,Gene Pitney,,,,,,,,,,,,,,,,,,,1,,,,,,,,,,,,,,,,January,,,,,,,,,,,,,,,,,,,,1/1/1999,25 All-Time Greatest Hits,1999
1719,Gene Pitney,,,,,,,,,,,,,,,,,,,1,,,,,,,,,,,,,,,,January,,,,,,,,,,,,,,,,,,,,1/1/1999,Defenitive Collection,1999
1720,Gene Pitney,,,,,,,,,,,,,,,,,,,1,,,,,,,,,,,,,,,,January,,,,,,,,,,,,,,,,,,,,1/1/1999,Many Sides of Gene Pitney/Only Love Can Break a Heart,1999
1721,Gene Pitney,,,,,,,,,,,,,,,,,,,1,,,,,,,,,,,,,,,,January,,,,,,,,,,,,,,,,,,,,1/1/2001,Looking Through (Ultimate Collection),2001
1722,Gene Pitney,,,,,,,,,,,,,,,,,,,1,,,,,,,,,,,,,,,,January,,,,,,,,,,,,,,,,,,,,1/1/2001,His Golden Classics,2001
1723,Gene Pitney,,,,,,,,,,,,,,,,,,,1,,,,,,,,,,,,,,,,January,,,,,,,,,,,,,,,,,,,,1/1/2002,I'm Gonna be Strong,2002
1724,Gene Pitney,,,,,,,,,,,,,,,,,,,1,,,,,,,,,,,,,,,,January,,,,,,,,,,,,,,,,,,,,1/1/2003,Blue Angel: The Bronze Sessions,2003
1725,Gene Pitney,,,,,,,,,,,,,,,,,,,1,,,,,,,,,,,,,,,,January,,,,,,,,,,,,,,,,,,,,1/1/2003,Something's Gotten Hold of My Heart,2003
1726,Gene Pitney,,,,,,,,,,,,,,,,,,,1,,,,,,,,,,,,,,,,January,,,,,,,,,,,,,,,,,,,,1/1/2004,Street Called Hope,2004
1727,Gene Pitney,,,,,,,,,,,,,,,,,,,1,,,,,,,,,,,,,,,,January,,,,,,,,,,,,,,,,,,,,1/1/2004,"Big Twenty: All the UK Top Hits, 1961-1973",2004
1728,Gene Pitney,,,,,,,,,,,,,,,,,,,1,,,,,,,,,,,,,,,,January,,,,,,,,,,,,,,,,,,,,1/1/2005,Love Grows,2005
1729,Gene Pitney,,,,,,,,,,,,,,,,,,,1,,,,,,,,,,,,,,,,January,,,,,,,,,,,,,,,,,,,,1/1/2005,24 Hours From Tulsa,2005
1730,Gene Pitney,,,,,,,,,,,,,,,,,,,1,,,,,,,,,,,,,,,,January,,,,,,,,,,,,,,,,,,,,1/1/2005,Something's Gotten Hold of My Heart,2005
1731,Gene Pitney,,,,,,,,,,,,,,,,,,,1,,,,,,,,,,,,,,,,January,,,,,,,,,,,,,,,,,,,,1/1/2007,Platinum Collection,2007
1732,Gene Pitney,,,,,,,,,,,,,,,,,,,1,,,,,,,,,,,,,,,,January,,,,,,,,,,,,,,,,,,,,1/1/2008,Best of Gene Pitney,2008
1733,Gene Pitney,,,,,,,,,,,,,,,,,,,1,,,,,,,,,,,,,,,,January,,,,,,,,,,,,,,,,,,,,1/1/2011,Sings Just For You/World Wide Winners,2011
1734,Gene Pitney,,,,,,,,,,,,,,,,,,,1,,,,,,,,,,,,,,,,January,,,,,,,,,,,,,,,,,,,,1/1/2012,Country Side of Gene Pitney,2012
1735,Gene Pitney,,,,,,,,,,,,,,,,,,,1,,,,,,,,,,,,,,,,January,,,,,,,,,,,,,,,,,,,,1/1/2013,Blue Gene/Meets the Fair Young Ladies of Folkland,2013
1736,Gene Pitney,,,,,,,,,,,,,,,,,,,1,,,,,,,,,,,,,,,,January,,,,,,,,,,,,,,,,,,,,1/1/2013,I'm Gonna be Strong/Looking Thru the Eyes of Love,2013
1737,Gene Pitney,,,,,,,,,,,,,,,,,,,1,,,,,,,,,,,,,,,,January,,,,,,,,,,,,,,,,,,,,1/1/2013,Cradle of My Arms: Complete Gene Pitney,2013
1738,Gene Pitney,,,,,,,,,,,,,,,,,,,1,,,,,,,,,,,,,,,,January,,,,,,,,,,,,,,,,,,,,1/1/2018,The Collection: The Original Musicor Master Tapes,2018
1739,Gene Vincent,,,,,,,,,,,,,,,,,,,13,,,,,,,,,,,,,,,,August,,,,,,,,,,,,,,,,,,,Capitol,8/13/1956,Bluejean Bop!,1956
1740,Gene Vincent,,,,,,,,,,,,,,,,,,,1,,,,,,,,,,,,,,,,January,,,,,,,,,,,,,,,,,,,Capitol,1/1/1957,Gene Vincent and the Blue Caps,1957
1741,Gene Vincent,,,,,,,,,,,,,,,,,,,1,,,,,,,,,,,,,,,,March,,,,,,,,,,,,,,,,,,,Capitol,3/1/1958,Gene Vincent Rocks! And the Blue Caps Roll,1958
1742,Gene Vincent,,,,,,,,,,,,,,,,,,,1,,,,,,,,,,,,,,,,November,,,,,,,,,,,,,,,,,,,Capitol,11/1/1958,A Gene Vincent Record Date,1958
1743,Gene Vincent,,,,,,,,,,,,,,,,,,,1,,,,,,,,,,,,,,,,June,,,,,,,,,,,,,,,,,,,Capitol,6/1/1959,Sounds Like Gene Vincent,1959
1744,Gene Vincent,,,,,,,,,,,,,,,,,,,1,,,,,,,,,,,,,,,,March,,,,,,,,,,,,,,,,,,,Capitol,3/1/1960,Crazy Times,1960
1745,Gene Vincent,,,,,,,,,,,,,,,,,,,1,,,,,,,,,,,,,,,,January,,,,,,,,,,,,,,,,,,,Capitol,1/1/1963,The Crazy Beat of Gene Vincent,1963
1746,Gene Vincent,,,,,,,,,,,,,,,,,,,1,,,,,,,,,,,,,,,,January,,,,,,,,,,,,,,,,,,,Columbia,1/1/1964,Shakin' Up a Storm,1964
1747,Gene Vincent,,,,,,,,,,,,,,,,,,,1,,,,,,,,,,,,,,,,January,,,,,,,,,,,,,,,,,,,London,1/1/1967,Gene Vincent,1967
1748,Gene Vincent,,,,,,,,,,,,,,,,,,,1,,,,,,,,,,,,,,,,January,,,,,,,,,,,,,,,,,,,Dandelion,1/1/1970,I'm Back and I'm Proud,1970
1749,Gene Vincent,,,,,,,,,,,,,,,,,,,1,,,,,,,,,,,,,,,,January,,,,,,,,,,,,,,,,,,,Kama Sutra,1/1/1970,Gene Vincent,1970
1750,Gene Vincent,,,,,,,,,,,,,,,,,,,1,,,,,,,,,,,,,,,,January,,,,,,,,,,,,,,,,,,,Kama Sutra,1/1/1970,The Day the World Turned Blue,1970
1751,Genesis,,,,,,,,,,,,,,,,,,,28,,,,,,,,,,LP,,,,,,March,,,,,,,,,,,,,,,,170,,,Decca,3/28/1969,From Genesis to Revelation,1969
1752,Genesis,,,,,,,,,,,,,,,,,,,23,,8-track,,,,,,,,LP,,,,,,October,,,,,,,,,,,,,,,98,,,,Impulse!,10/23/1970,Trespass,1970
1753,Genesis,,,,,,,BPI,Silver,,,,,,,,,,,12,,8-track,,,,,,,,LP,,,,,,November,,,,,,,11,,,,,,,,39,,,,Charisma,11/12/1971,Nursery Cryme,1971
1754,Genesis,,,,,,,BPI,Gold,,,,,,,,,,,15,,,,,cassette,,,,,LP,,,,,,September,,,,,45,,15,,,,,,,,12,,,,Charisma,9/15/1972,Foxtrot,1972
1755,Genesis,,,,,,,BPI,Gold,,,,,RIAA,Gold,,,,,5,,8-track,,,cassette,,,,,LP,,,reel-to-reel,,,October,52,,,,,,4,,,,,,,,3,70,,,Charisma,10/5/1973,Selling England by the Pound,1973
1756,Genesis,,,,,,,BPI,Gold,,,,,RIAA,Gold,,,,,22,,8-track,,,cassette,,,,,LP,,,,,,November,80,,,,,,14,,,,34,,,,10,41,,,Atco/Atlantic,11/22/1974,The Lamb Lies Down on Broadway,1974
1757,Genesis,,,,,,,BPI,Gold,,,,,RIAA,Gold,,,,,13,,8-track,,,cassette,,,,,LP,,,,,,February,93,,,,43,,4,,,,4,,17,,3,31,,,Atco/Atlantic,2/13/1976,A Trick of the Tail,1976
1758,Genesis,,,,,,,BPI,Gold,,,,,RIAA,Gold,,,,,17,,8-track,,,cassette,,,,,LP,,,,,,December,57,,,,19,,7,,,12,18,,21,,7,26,,,Atco/Atlantic,12/17/1976,Wind & Wuthering,1976
1759,Genesis,,,,,,,BPI,Gold,,,,,RIAA,Platinum,,,,,31,,8-track,,,cassette,,,,,LP,,,,,,March,12,17,,,2,,6,,,7,10,,22,,3,14,,,Atlantic,3/31/1978,...And Then There Were Three...,1978
1760,Genesis,,,,,,,BPI,Platinum,,,,,RIAA,Platinum,,,,,24,,8-track,,,cassette,,,,,LP,,,,,,March,22,14,,,2,,6,,,4,13,,9,,1,11,,,Atlantic,3/24/1980,Duke,1980
1761,Genesis,ARIA,Gold,,,,,BPI,Gold,,,,,RIAA,Platinum,,,,,18,,8-track,,,cassette,,,,,LP,,,,,,September,18,,,,6,,2,,,4,44,,11,,1,7,,,Atlantic,9/18/1981,Abacab,1981
1762,Genesis,,,,,,,BPI,Platinum,,,,,RIAA,Platinum,,,,,3,,8-track,,,cassette,,,,,LP,,,reel-to-reel,,,October,41,2,,,1,,4,,,2,2,,12,,1,9,,,Atlantic,10/3/1983,Genesis,1983
1763,Genesis,ARIA,Platinum,,,,,BPI,Platinum,,,,,RIAA,Platinum,,,,,6,,8-track,,,cassette,CD,,,,LP,,,,,,June,3,5,,,2,,6,,,3,1,,4,,1,3,,,Atlantic,6/6/1986,Invisible Touch,1986
1764,Genesis,ARIA,Platinum,,,,,BPI,Platinum,,,,,RIAA,Platinum,,,,,11,,,,,cassette,CD,,,,LP,,,,,,November,8,1,,,1,,5,,,1,5,,4,,1,4,,,Atlantic,11/11/1991,We Can't Dance,1991
1765,Genesis,,,,,,,BPI,Gold,,,,,,,,,,,1,,,,,cassette,CD,,,,LP,MiniDisc,,,,,September,,6,,,2,,7,,,2,,,11,,2,54,,,Atlantic,9/1/1997,Calling All Stations,1997
1766,George Harrison,,,,,,,,,,,,,,,,,,,1,,,,,,,,,,,,,,,,November,,,30,,22,,,,,,,,,,,49,,,Apple/EMI,11/1/1968,Wonderwall Music,1968
1767,George Harrison,,,,,,,,,,,,,,,,,,,9,,,,,,,,,,,,,,,,May,,,,,,,,,,,,,,,,191,,,Zapple/EMI,5/9/1969,Electronic Sound,1969
1768,George Harrison,,,,,,,BPI,Gold,,MC,Gold,,RIAA,Platinum,,,,,27,,,,,,,,,,,,,,,,November,1,4,1,,2,,,4,,1,,,1,,1,1,,,Apple/EMI,11/27/1970,All Things Must Pass,1970
1769,George Harrison,,,,,,,,,,,,,RIAA,Gold,,,,,30,,,,,,,,,,,,,,,,May,2,,1,,12,,,9,,4,,,2,,2,1,,,Apple/EMI,5/30/1973,Living in the Material World,1973
1770,George Harrison,,,,,,,BPI,Silver,,,,,RIAA,Gold,,,,,9,,,,,,,,,,,,,,,,December,47,10,42,,45,,,18,,7,,,,,,4,,,Apple/EMI,12/9/1974,Dark Horse,1974
1771,George Harrison,,,,,,,,,,,,,RIAA,Gold,,,,,22,,,,,,,,,,,,,,,,September,36,,63,,,,,9,,8,,,,,16,8,,,Apple/EMI,9/22/1975,Extra Texture (Read All About It),1975
1772,George Harrison,,,,,,,BPI,Silver,,,,,RIAA,Gold,,,,,19,,,,,,,,,,,,,,,,November,27,,10,,,,,23,,17,,,,,35,11,,,Dark Horse,11/19/1976,Thirty Three & 1/3,1976
1773,George Harrison,,,,,,,,,,,,,RIAA,Gold,,,,,20,,,,,,,,,,,,,,,,February,52,,14,,,,,38,,21,,,,,39,14,,,Dark Horse,2/20/1979,George Harrison,1979
1774,George Harrison,,,,,,,,,,,,,,,,,,,1,,,,,,,,,,,,,,,,June,17,15,14,,36,,,31,,2,,,13,,13,11,,,Dark Horse,6/1/1981,Somewhere in England,1981
1775,George Harrison,,,,,,,,,,,,,,,,,,,5,,,,,,,,,,,,,,,,November,,,98,,,,,,,31,,,,,,108,,,Dark Horse,11/5/1982,Gone Troppo,1982
1776,George Harrison,,,,,,,BPI,Gold,,,,,RIAA,Platinum,,,,,2,,,,,,,,,,,,,,,,November,10,26,6,,15,,,28,,8,,,5,,10,8,,,Dark Horse,11/2/1987,Cloud Nine,1987
1777,George Harrison,,,,,,,BPI,Gold,,MC,Gold,,RIAA,Gold,,,,,19,,,,,,,,,,,,,,,,November,,62,24,,17,,,21,,9,,,18,,29,18,,,Dark Horse,11/19/2002,Brainwashed,2002
1778,George Michael,ARIA,Platinum,,,,,BPI,Platinum,,,,,RIAA,Diamond,,SNEP,Platinum,,2,,,,,cassette,CD,,,,LP,MiniDisc,,,,,November,,,,52,,52,,,,,,,,,,1,,,Columbia,11/2/1987,Faith,1987
1779,George Michael,ARIA,Platinum,,,,,BPI,Platinum,,,,,RIAA,Platinum,,SNEP,Platinum,,3,,,,,cassette,CD,digital compact cassette,,,LP,MiniDisc,,,,,September,,,,2,,3,,,,,,,,,,2,,,Columbia,9/3/1990,Listen Without Prejudice Vol. 1,1990
1780,George Michael,ARIA,Platinum,,,,,BPI,Platinum,,,,,RIAA,Platinum,,SNEP,Gold,,13,,,,,cassette,CD,,,,LP,MiniDisc,,,,,May,,,,1,,2,,,,,,,,,,6,,,Virgin,5/13/1996,Older,1996
1781,George Michael,ARIA,Gold,,,,,BPI,Platinum,,,,,,,,SNEP,Gold,,6,,,,,cassette,CD,,,,,MiniDisc,,,,,December,,,,7,,7,,,,,,,,,,157,,,Virgin,12/6/1999,Songs from the Last Century,1999
1782,George Michael,ARIA,Platinum,,,,,BPI,Platinum,,,,,,,,SNEP,Gold,,15,,,,,,CD,,digital download,,,,,,,,March,,,,4,,2,,,,,,,,,,12,,,Sony Music,3/15/2004,Patience,2004
1783,Grandmaster Flash and the Furious Five,,,,,,,,,,,,,,,,,,,1,,,,,,,,,,,,,,,,October,78,,,,,,,,,,14,,,,77,53,,8,Sugar Hill Records,10/1/1982,The Message,1982
1784,Grandmaster Flash and the Furious Five,,,,,,,,,,,,,,,,,,,1,,,,,,,,,,,,,,,,April,,,,,,,,,,,,,,,,189,,,Elektra Records,4/1/1988,On the Strength,1988
1785,The Grateful Dead,,,,,,,,,,,,,,,,,,,17,,,,,,,,,,,,,,,,March,,,,,,,,,,,,,,,,73,,,Warner Bros.,3/17/1967,The Grateful Dead,1967
1786,The Grateful Dead,,,,,,,,,,,,,,,,,,,18,,,,,,,,,,,,,,,,July,,,,,,,,,,,,,,,,87,,,Warner Bros.,7/18/1968,Anthem of the Sun,1968
1787,The Grateful Dead,,,,,,,,,,,,,RIAA,Gold,,,,,20,,,,,,,,,,,,,,,,June,,,,,,,,,,,,,,,,73,,,Warner Bros.,6/20/1969,Aoxomoxoa,1969
1788,The Grateful Dead,,,,,,,,,,,,,RIAA,Gold,,,,,10,,,,,,,,,,,,,,,,November,,,66,,,,,,,,,,,,,64,,,Warner Bros.,11/10/1969,Live/Dead,1969
1789,The Grateful Dead,,,,,,,,,,,,,RIAA,Platinum,,,,,14,,,,,,,,,,,,,,,,June,,,17,,66,,,,,,,,,,69,27,,,Warner Bros.,6/14/1970,Workingman's Dead,1970
1790,The Grateful Dead,,,,,,,BPI,Gold,,,,,RIAA,Platinum,,,,,1,,,,,,,,,,,,,,,,November,34,,43,,100,,,,,,,,,,27,30,,,Warner Bros.,11/1/1970,American Beauty,1970
1791,The Grateful Dead,,,,,,,,,,,,,RIAA,Gold,,,,,24,,,,,,,,,,,,,,,,October,,,28,,,,,,,,,,,,,25,,,Warner Bros.,10/24/1971,Grateful Dead (also known as Skull and Roses or Skull Fuck),1971
1792,The Grateful Dead,,,,,,,,,,,,,RIAA,Platinum,,,,,5,,,,,,,,,,,,,,,,November,,,22,,,,,,,,,,,,,24,,,Warner Bros.,11/5/1972,Europe '72,1972
1793,The Grateful Dead,,,,,,,,,,,,,,,,,,,13,,,,,,,,,,,,,,,,July,,,88,,,,,,,,,,,,,60,,,Warner Bros.,7/13/1973,"History of the Grateful Dead, Volume One (Bear's Choice)",1973
1794,The Grateful Dead,,,,,,,,,,,,,,,,,,,15,,,,,,,,,,,,,,,,October,,,30,,,,,,,,,,,,,18,,,Grateful Dead,10/15/1973,Wake of the Flood,1973
1795,The Grateful Dead,,,,,,,,,,,,,,,,,,,27,,,,,,,,,,,,,,,,June,,,13,,,,,,,,,,,,47,16,,,Grateful Dead,6/27/1974,From the Mars Hotel,1974
1796,The Grateful Dead,,,,,,,,,,,,,,,,,,,1,,,,,,,,,,,,,,,,September,,,50,,,,,,,,,,,,45,12,,,Grateful Dead,9/1/1975,Blues for Allah,1975
1797,The Grateful Dead,,,,,,,,,,,,,,,,,,,26,,,,,,,,,,,,,,,,June,,,96,,,,,,,,,,,,42,56,,,Grateful Dead,6/26/1976,Steal Your Face,1976
1798,The Grateful Dead,,,,,,,,,,,,,RIAA,Gold,,,,,27,,,,,,,,,,,,,,,,July,,,51,,,,,,,,,,,,30,28,,,Arista,7/27/1977,Terrapin Station,1977
1799,The Grateful Dead,,,,,,,,,,,,,RIAA,Gold,,,,,15,,,,,,,,,,,,,,,,November,,,42,,,,,,,,,,,,,41,,,Arista,11/15/1978,Shakedown Street,1978
1800,The Grateful Dead,,,,,,,,,,,,,,,,,,,28,,,,,,,,,,,,,,,,April,,,85,,,,,,,27,,,,,,23,,,Arista,4/28/1980,Go to Heaven,1980
1801,The Grateful Dead,,,,,,,,,,,,,,,,,,,1,,,,,,,,,,,,,,,,April,,,,,,,,,,,,,,,,43,,,Arista,4/1/1981,Reckoning,1981
1802,The Grateful Dead,,,,,,,,,,,,,,,,,,,26,,,,,,,,,,,,,,,,August,,,,,,,,,,,,,,,,29,,,Arista,8/26/1981,Dead Set,1981
1803,The Grateful Dead,,,,,,,,,,,,,RIAA,Platinum,,,,,6,,,,,,,,,,,,,,,,July,,,20,,,,,,,,,,,,57,6,,,Arista,7/6/1987,In the Dark,1987
1804,The Grateful Dead,,,,,,,,,,,,,RIAA,Gold,,,,,30,,,,,,,,,,,,,,,,January,85,,,,55,,,,,16,,,,,38,37,,,Columbia,1/30/1989,Dylan & the Dead,1989
1805,The Grateful Dead,,,,,,,,,,,,,RIAA,Gold,,,,,31,,,,,,,,,,,,,,,,October,,,66,,,,,,,,,,,,,27,,,Arista,10/31/1989,Built to Last,1989
1806,The Grateful Dead,,,,,,,,,,,,,RIAA,Gold,,,,,1,,,,,,,,,,,,,,,,September,,,,,,,,,,,,,,,,43,,,Arista,9/1/1990,Without a Net,1990
1807,Green Day,,,,,,,,,,,,,,,,,,,13,,,,,,,,,,,,,,,,April,,,,,,,,,,,,,,,,,,,Lookout!,4/13/1990,39/Smooth,1990
1808,Green Day,,,,,,,BPI,Gold,,,,,RIAA,Platinum,,,,,17,,,,,cassette,CD,,,,LP,,,,,,December,186,,,,,,,,,,,,,,,,,,Lookout!,12/17/1991,Kerplunk,1991
1809,Green Day,ARIA,Platinum,,,,,BPI,Platinum,,MC,Diamond,,RIAA,Diamond,,,,,1,,,,,cassette,CD,,,,LP,,,,,,February,1,4,1,,4,38,,,,,1,,3,6,13,2,,,Reprise,2/1/1994,Dookie,1994
1810,Green Day,ARIA,Platinum,,,,,BPI,Platinum,,MC,Platinum,,RIAA,Platinum,,,,,10,,,,,cassette,CD,,,,LP,,,,,,October,5,2,2,,12,,,,,,5,,5,8,8,2,,,Reprise,10/10/1995,Insomniac,1995
1811,Green Day,ARIA,Platinum,,,,,BPI,Platinum,,MC,Platinum,,RIAA,Platinum,,,,,14,,,,,cassette,CD,,,,LP,,,,,,October,3,28,4,,31,34,,,,,22,,36,33,11,10,,,Reprise,10/14/1997,Nimrod,1997
1812,Green Day,ARIA,Platinum,,,,,BPI,Platinum,,MC,Platinum,,RIAA,Gold,,,,,3,,,,,cassette,CD,,,,LP,,,,,,October,7,14,2,,21,13,,,,,20,,25,11,4,4,,,Reprise,10/3/2000,Warning,2000
1813,Green Day,ARIA,Platinum,,,,,BPI,Platinum,,MC,Diamond,,RIAA,Platinum,,,,,21,,,,,cassette,CD,,digital download,,LP,,,,,,September,1,1,1,,3,1,,,,,2,,1,1,1,1,,,Reprise,9/21/2004,American Idiot,2004
1814,Green Day,ARIA,Platinum,,,,,BPI,Platinum,,MC,Platinum,,RIAA,Platinum,,,,,15,,,,,,CD,,digital download,,LP,,,,,,May,2,1,1,,1,2,,,,,1,,1,1,1,1,,,Reprise,5/15/2009,21st Century Breakdown,2009
1815,Green Day,,,,,,,BPI,Gold,,MC,Platinum,,,,,,,,25,,,,,,CD,,digital download,,LP,,,,,,September,3,1,3,,3,3,,,,,2,,3,4,2,2,,,Reprise,9/25/2012,Ã‚Â¡Uno!,2012
1816,Green Day,,,,,,,BPI,Gold,,,,,,,,,,,13,,,,,,CD,,digital download,,LP,,,,,,November,10,3,12,,4,11,,,,,5,,10,8,10,9,,,Reprise,11/13/2012,Ã‚Â¡Dos!,2012
1817,Green Day,,,,,,,BPI,Silver,,,,,,,,,,,11,,,,,,CD,,digital download,,LP,,,,,,December,22,8,22,,17,37,,,,,16,,30,14,31,13,,,Reprise,12/11/2012,Ã‚Â¡Tré!,2012
1818,Green Day,,,,,,,BPI,Gold,,,,,,,,,,,7,,,,,cassette,CD,,digital download,,LP,,,,,,October,2,4,1,,2,1,,,,,1,,2,2,1,1,,,Reprise,10/7/2016,Revolution Radio,2016
1819,Green Day,,,,,,,,,,,,,,,,,,,7,,,,,,CD,,digital download,,LP,,,,,,February,1,2,1,,2,4,,,,,5,,19,1,1,4,,,Reprise,2/7/2020,Father of All Motherfuckers,2020
1820,Green Day,,,,,,,BPI,Silver,,,,,,,,,,,19,,,,,cassette,CD,,digital download,,LP,,,,,,January,2,2,4,,2,2,,,,,6,,46,3,1,4,,,Reprise,1/19/2024,Saviors,2024
1821,Guns N' Roses,ARIA,Platinum,,,,,BPI,Platinum,,MC,Diamond,,RIAA,Platinum,,,,,21,,,,,cassette,CD,,,,LP,,,,,,July,,,,,,,,,,,,,,,,1,,,Geffen,7/21/1987,Appetite for Destruction,1987
1822,Guns N' Roses,,,,,,,BPI,Gold,,,,,RIAA,Platinum,,,,,29,,,,,cassette,CD,,,,LP,,,,,,November,,,,,,,,,,,,,,,,2,,,Geffen,11/29/1988,G N' R Lies,1988
1823,Guns N' Roses,ARIA,Platinum,,,,,BPI,Platinum,,MC,Diamond,,RIAA,Platinum,,,,,17,,,,,cassette,CD,,,,LP,,,,,,September,,,,,,,,,,,,,,,,2,,,Geffen,9/17/1991,Use Your Illusion I,1991
1824,Guns N' Roses,ARIA,Platinum,,,,,BPI,Platinum,,MC,Platinum,,RIAA,Platinum,,,,,17,,,,,cassette,CD,,,,LP,,,,,,September,,,,,,,,,,,,,,,,1,,,Geffen,9/17/1991,Use Your Illusion II,1991
1825,Guns N' Roses,ARIA,Platinum,,,,,BPI,Gold,,MC,Platinum,,RIAA,Platinum,,,,,23,,,,,cassette,CD,,,,LP,,,,,,November,,,,,,,,,,,,,,,,4,,,Geffen,11/23/1993,"""The Spaghetti Incident?""",1993
1826,Guns N' Roses,ARIA,Platinum,,,,,BPI,Platinum,,,,,RIAA,Platinum,,,,,23,,,,,,CD,,digital download,,LP,,,,,,November,,,,,,,,,,,,,,,,3,,,"Geffen, Black Frog",11/23/2008,Chinese Democracy,2008
1827,Hall & Oates,,,,,,,,,,,,,,,,,,,1,,,,,,,,,,,,,,,,September,,,,,,,,,,,,,,,,,,,Atlantic,9/1/1972,Whole Oats,1972
1828,Hall & Oates,,,,,,,BPI,Silver,,,,,RIAA,Platinum,,,,,3,,,,,,,,,,,,,,,,November,,,,,,,,,,,,,,,,33,,,Atlantic,11/3/1973,Abandoned Luncheonette,1973
1829,Hall & Oates,,,,,,,,,,,,,,,,,,,1,,,,,,,,,,,,,,,,October,,,91,,,,,,,,,,,,,86,,,Atlantic,10/1/1974,War Babies,1974
1830,Hall & Oates,,,,,,,,,,,,,RIAA,Gold,,,,,18,,,,,,,,,,,,,,,,August,,,35,,,,,,,,,,,,56,17,,50,RCA,8/18/1975,Daryl Hall & John Oates,1975
1831,Hall & Oates,,,,,,,,,,,,,RIAA,Gold,,,,,1,,,,,,,,,,,,,,,,August,23,,11,,,,,,,,,,45,,25,13,,33,RCA,8/1/1976,Bigger Than Both of Us,1976
1832,Hall & Oates,,,,,,,,,,,,,RIAA,Gold,,,,,1,,,,,,,,,,,,,,,,September,60,,54,,,,,,,,,,,,40,30,,,RCA,9/1/1977,Beauty on a Back Street,1977
1833,Hall & Oates,,,,,,,,,,,,,RIAA,Gold,,,,,21,,,,,,,,,,,,,,,,August,69,,52,,,,,,,,,,,,,27,,,RCA,8/21/1978,Along the Red Ledge,1978
1834,Hall & Oates,,,,,,,,,,,,,,,,,,,1,,,,,,,,,,,,,,,,September,74,,79,,,,,,,,,,,,,33,,,RCA,9/1/1979,X-Static,1979
1835,Hall & Oates,,,,,,,,,,MC,Gold,,RIAA,Platinum,,,,,29,,,,,,,,,,,,,,,,July,19,,,,,,,,,,,,,,,17,,,RCA,7/29/1980,Voices,1980
1836,Hall & Oates,,,,,,,BPI,Silver,,MC,Platinum,,RIAA,Platinum,,,,,1,,,,,,,,,,,,,,,,September,27,,14,,,,,,,,9,,17,,8,5,,11,RCA,9/1/1981,Private Eyes,1981
1837,Hall & Oates,ARIA,Platinum,,,,,BPI,Platinum,,MC,Platinum,,RIAA,Platinum,,,,,4,,,,,,,,,,,,,,,,October,3,,1,,,,,,,,3,,8,,24,3,,8,RCA,10/4/1982,H2O,1982
1838,Hall & Oates,,,,,,,BPI,Silver,,MC,Platinum,,RIAA,Platinum,,,,,12,,,,,,,,,,,,,,,,October,20,,12,,,,,,,,12,,16,,28,5,,25,RCA,10/12/1984,Big Bam Boom,1984
1839,Hall & Oates,,,,,,,,,,MC,Gold,,RIAA,Platinum,,,,,1,,,,,,,,,,,,,,,,May,46,,15,,,,,,,,35,,27,,52,24,,30,Arista,5/1/1988,Ooh Yeah!,1988
1840,Hall & Oates,,,,,,,,,,,,,RIAA,Gold,,,,,1,,,,,,,,,,,,,,,,October,137,,39,,,,,,,,,,38,,44,60,,,Arista,10/1/1990,Change of Season,1990
1841,Hall & Oates,,,,,,,,,,,,,,,,,,,17,,,,,,,,,,,,,,,,September,,,,,,,,,,,,,,,179,95,,,Push,9/17/1997,Marigold Sky,1997
1842,Hall & Oates,,,,,,,,,,,,,,,,,,,11,,,,,,,,,,,,,,,,February,,,,,,,,,,,,,54,,37,77,,,"U-Watch, Sanctuary",2/11/2003,Do It for Love,2003
1843,Hall & Oates,,,,,,,,,,,,,,,,,,,26,,,,,,,,,,,,,,,,October,,,,,,,,,,,,,,,86,69,,71,U-Watch,10/26/2004,Our Kind of Soul,2004
1844,Hall & Oates,,,,,,,,,,,,,,,,,,,3,,,,,,,,,,,,,,,,October,,,,,,,,,,,,,,,,,,,U-Watch,10/3/2006,Home for Christmas,2006
1845,Hank Ballard,,,,,,,,,,,,,,,,,,,1,,,,,,,,,,,,,,,,January,,,,,,,,,,,,,,,,,,,King Records,1/1/1964,A Star in Your Eyes,1964
1846,Hank Ballard,,,,,,,,,,,,,,,,,,,1,,,,,,,,,,,,,,,,January,,,,,,,,,,,,,,,,,,,King Records,1/1/1968,You Can't Keep a Good Man Down,1968
1847,Hank Ballard,,,,,,,,,,,,,,,,,,,1,,,,,,,,,,,,,,,,January,,,,,,,,,,,,,,,,,,,Stang Records,1/1/1976,Hanging with Hank,1976
1848,Heart,ARIA,Gold,,,,,,,,MC,Platinum,,RIAA,Platinum,,,,,1,,,,,,,,,,,,,,,,September,9,,20,,,,,,,,,,,,36,7,,,Capitol/Mushroom,9/1/1975,Dreamboat Annie,1975
1849,Heart,,,,,,,,,,MC,Platinum,,RIAA,Platinum,,,,,19,,,,,,,,,,,,,,,,April,66,,13,,,,,,,,,,,,,17,,,Capitol/Mushroom,4/19/1977,Magazine,1977
1850,Heart,,,,,,,,,,MC,Platinum,,RIAA,Platinum,,,,,14,,,,,,,,,,,,,,,,May,22,,2,,,,,,,,,,44,,34,9,,,Portrait/Epic,5/14/1977,Little Queen,1977
1851,Heart,,,,,,,,,,MC,Platinum,,RIAA,Platinum,,,,,7,,,,,,,,,,,,,,,,October,48,,9,,,,,,,,,,,,,17,,,Portrait/Epic,10/7/1978,Dog and Butterfly,1978
1852,Heart,,,,,,,,,,MC,Platinum,,RIAA,Gold,,,,,14,,,,,,,,,,,,,,,,February,78,,24,,,,,,,,,,,,,5,,,Epic,2/14/1980,Bébé le Strange,1980
1853,Heart,,,,,,,,,,,,,,,,,,,5,,,,,,,,,,,,,,,,June,,,21,,,,,,,,,,,,77,25,,,Epic,6/5/1982,Private Audition,1982
1854,Heart,,,,,,,,,,,,,,,,,,,20,,,,,,,,,,,,,,,,August,,,7,,,,,,,,,,,,,39,,,Epic,8/20/1983,Passionworks,1983
1855,Heart,,,,,,,BPI,Gold,,MC,Platinum,,RIAA,Platinum,,,,,6,,,,,,,,,,,,,,,,July,37,,3,,,,,,,,,,22,,19,1,,,Capitol,7/6/1985,Heart,1985
1856,Heart,,,,,,,BPI,Platinum,,MC,Platinum,,RIAA,Platinum,,,,,6,,,,,,,,,,,,,,,,June,10,30,3,,,,,,,4,,,5,,7,2,,,Capitol,6/6/1987,Bad Animals,1987
1857,Heart,ARIA,Gold,,,,,BPI,Gold,,MC,Platinum,,RIAA,Platinum,,,,,25,,,,,,,,,,,,,,,,March,11,7,2,,,,,,,7,,,2,,3,3,,,Capitol,3/25/1990,Brigade,1990
1858,Heart,,,,,,,,,,MC,Gold,,RIAA,Gold,,,,,16,,,,,,,,,,,,,,,,November,55,,36,,,,,,,,,,24,,32,48,,,Capitol,11/16/1993,Desire Walks On,1993
1859,Heart,,,,,,,,,,,,,,,,,,,22,,,,,,,,,,,,,,,,June,,,,,,,,,,,,,,,120,94,,,Sovereign,6/22/2004,Jupiters Darling,2004
1860,Heart,,,,,,,,,,,,,,,,,,,31,,,,,,,,,,,,,,,,August,,,,,,,,,,,,,,,196,10,,,Sony Legacy,8/31/2010,Red Velvet Car,2010
1861,Heart,,,,,,,,,,,,,,,,,,,2,,,,,,,,,,,,,,,,October,,,,,,,,,,,,,,,142,24,,,Sony Legacy,10/2/2012,Fanatic,2012
1862,Heart,,,,,,,,,,,,,,,,,,,8,,,,,,,,,,,,,,,,July,,,,,,,,,,,,,,,77,105,,,Concord,7/8/2016,Beautiful Broken,2016
1863,Ike & Tina Turner,,,,,,,,,,,,,,,,,,,1,,,,,,,,,,,,,,,,February,,,,,,,,,,,,,,,,,,,Sue,2/1/1961,The Soul of Ike & Tina Turner,1961
1864,Ike & Tina Turner,,,,,,,,,,,,,,,,,,,1,,,,,,,,,,,,,,,,March,,,,,,,,,,,,,,,,,,,Sue,3/1/1962,Ike & Tina Turner's Kings of Rhythm Dance,1962
1865,Ike & Tina Turner,,,,,,,,,,,,,,,,,,,1,,,,,,,,,,,,,,,,May,,,,,,,,,,,,,,,,,,,Sue,5/1/1962,Dynamite!,1962
1866,Ike & Tina Turner,,,,,,,,,,,,,,,,,,,1,,,,,,,,,,,,,,,,February,,,,,,,,,,,,,,,,,,,Sue,2/1/1963,Don't Play Me Cheap,1963
1867,Ike & Tina Turner,,,,,,,,,,,,,,,,,,,1,,,,,,,,,,,,,,,,June,,,,,,,,,,,,,,,,,,,Sue,6/1/1963,It's Gonna Work Out Fine,1963
1868,Ike & Tina Turner,,,,,,,,,,,,,,,,,,,1,,,,,,,,,,,,,,,,January,,,,,,,,,,,,,,,,,,,Cenco,1/1/1966,Get It - Get It,1966
1869,Ike & Tina Turner,,,,,,,,,,,,,,,,,,,1,,,,,,,,,,,,,,,,September,,,,,,,,,,,,,,,27,,,,London,9/1/1966,River Deep - Mountain High,1966
1870,Ike & Tina Turner,,,,,,,,,,,,,,,,,,,1,,,,,,,,,,,,,,,,July,,,,,,,,,,,,,,,,,,,Pompeii,7/1/1968,So Fine,1968
1871,Ike & Tina Turner,,,,,,,,,,,,,,,,,,,1,,,,,,,,,,,,,,,,March,,,,,,,,,,,,,,,,91,,43,Blue Thumb,3/1/1969,Outta Season,1969
1872,Ike & Tina Turner,,,,,,,,,,,,,,,,,,,1,,,,,,,,,,,,,,,,July,,,,,,,,,,,,,,,,,,,Pompeii,7/1/1969,"Cussin', Cryin' & Carryin' On",1969
1873,Ike & Tina Turner,,,,,,,,,,,,,,,,,,,1,,,,,,,,,,,,,,,,September,29,,,,,,,,,,,,,,,102,,28,A&M,9/1/1969,River Deep - Mountain High,1969
1874,Ike & Tina Turner,,,,,,,,,,,,,,,,,,,1,,,,,,,,,,,,,,,,October,,,,,,,,,,,,,,,,176,,49,Blue Thumb,10/1/1969,The Hunter,1969
1875,Ike & Tina Turner,,,,,,,,,,,,,,,,,,,1,,,,,,,,,,,,,,,,April,,,,,,,,,,,,,,,,130,,13,Liberty,4/1/1970,Come Together,1970
1876,Ike & Tina Turner,,,,,,,,,,,,,,,,,,,1,,,,,,,,,,,,,,,,November,,,52,,12,,,,,,,,,,,25,,3,Liberty,11/1/1970,Workin' Together,1970
1877,Ike & Tina Turner,,,,,,,,,,,,,,,,,,,1,,,,,,,,,,,,,,,,February,,,,,,,,,,,,,,,,201,,,Capitol,2/1/1971,Her Man. . . His Woman,1971
1878,Ike & Tina Turner,,,,,,,,,,,,,,,,,,,1,,,,,,,,,,,,,,,,November,,,,,,,,,,,,,,,,108,,21,United Artists,11/1/1971,'Nuff Said,1971
1879,Ike & Tina Turner,,,,,,,,,,,,,,,,,,,1,,,,,,,,,,,,,,,,July,,,,,,,,,,,,,,,,160,,28,United Artists,7/1/1972,Feel Good,1972
1880,Ike & Tina Turner,,,,,,,,,,,,,,,,,,,1,,,,,,,,,,,,,,,,January,,,,,,,,,,,,,,,,205,,,United Artists,1/1/1973,Let Me Touch Your Mind,1973
1881,Ike & Tina Turner,,,,,,,,,,,,,,,,,,,1,,,,,,,,,,,,,,,,November,13,4,,,21,,,,,,,,,,,163,,21,United Artists,11/1/1973,Nutbush City Limits,1973
1882,Ike & Tina Turner,,,,,,,,,,,,,,,,,,,1,,,,,,,,,,,,,,,,April,,,,,,,,,,,,,,,,,,,United Artists,4/1/1974,The Gospel According to Ike & Tina,1974
1883,Ike & Tina Turner,,,,,,,,,,,,,,,,,,,1,,,,,,,,,,,,,,,,October,41,,,,,,,,,,,,,,,,,,United Artists,10/1/1974,Sweet Rhode Island Red,1974
1884,Ike & Tina Turner,,,,,,,,,,,,,,,,,,,1,,,,,,,,,,,,,,,,January,,,,,,,,,,,,,,,,,,,United Artists,1/1/1977,Delilah's Power,1977
1885,Ike & Tina Turner,,,,,,,,,,,,,,,,,,,1,,,,,,,,,,,,,,,,January,,,,,,,,,,,,,,,,,,,Fantasy,1/1/1980,The Edge,1980
1886,Isaac Hayes,,,,,,,,,,,,,,,,,,,1,,,,,,,,,,,,,,,,January,,,,,,,,,,,,,,,,102,,25,"Enterprise, Atlantic",1/1/1968,Presenting Isaac Hayes,1968
1887,Isaac Hayes,,,,,,,,,,,,,RIAA,Gold,,,,,1,,,,,,,,,,,,,,,,January,,,9,,,,,,,,,,,,,8,,1,Enterprise,1/1/1969,Hot Buttered Soul,1969
1888,Isaac Hayes,,,,,,,,,,,,,RIAA,Gold,,,,,1,,,,,,,,,,,,,,,,January,,,20,,,,,,,,,,,,,8,,1,Enterprise,1/1/1970,The Isaac Hayes Movement,1970
1889,Isaac Hayes,,,,,,,,,,,,,,,,,,,1,,,,,,,,,,,,,,,,January,,,42,,,,,,,,,,,,,11,,1,Enterprise,1/1/1970,...To Be Continued,1970
1890,Isaac Hayes,,,,,,,,,,,,,,,,,,,1,,,,,,,,,,,,,,,,January,,,12,,,,,,,,,,,,38,10,,1,Enterprise,1/1/1971,Black Moses,1971
1891,Isaac Hayes,,,,,,,,,,,,,RIAA,Gold,,,,,1,,,,,,,,,,,,,,,,January,,,42,,,,,,,,,,,,,16,,2,Enterprise,1/1/1973,Joy,1973
1892,Isaac Hayes,,,,,,,,,,,,,RIAA,Gold,,,,,1,,,,,,,,,,,,,,,,January,79,,,,,,,,,,,,,,,18,,1,"Hot Buttered Soul, ABC",1/1/1975,Chocolate Chip,1975
1893,Isaac Hayes,,,,,,,,,,,,,,,,,,,1,,,,,,,,,,,,,,,,January,,,,,,,,,,,,,,,,85,,19,"Hot Buttered Soul, ABC",1/1/1975,Disco Connection,1975
1894,Isaac Hayes,,,,,,,,,,,,,,,,,,,1,,,,,,,,,,,,,,,,January,,,,,,,,,,,,,42,,,45,,11,"Hot Buttered Soul, ABC",1/1/1976,Groove-A-Thon,1976
1895,Isaac Hayes,,,,,,,,,,,,,,,,,,,1,,,,,,,,,,,,,,,,January,,,,,,,,,,,,,,,,124,,18,"Hot Buttered Soul, ABC",1/1/1976,Juicy Fruit (Disco Freak),1976
1896,Isaac Hayes,,,,,,,,,,,,,,,,,,,1,,,,,,,,,,,,,,,,January,,,87,,,,,,,,,,,,,78,,26,Polydor,1/1/1977,New Horizon,1977
1897,Isaac Hayes,,,,,,,,,,,,,,,,,,,1,,,,,,,,,,,,,,,,January,,,72,,,,,,,,,,,,,75,,15,Polydor,1/1/1978,For the Sake of Love,1978
1898,Isaac Hayes,,,,,,,,,,,,,,,,,,,1,,,,,,,,,,,,,,,,January,,,,,,,,,,,,,,,,,,,Fantasy,1/1/1978,HotBed,1978
1899,Isaac Hayes,,,,,,,,,,,,,RIAA,Gold,,,,,1,,,,,,,,,,,,,,,,January,41,,,,,,,,,,,,,,,39,,9,Polydor,1/1/1979,Don't Let Go,1979
1900,Isaac Hayes,,,,,,,,,,,,,,,,,,,1,,,,,,,,,,,,,,,,January,,,,,,,,,,,,,,,,80,,17,Polydor,1/1/1979,Royal Rappin's (with Millie Jackson),1979
1901,Isaac Hayes,,,,,,,,,,,,,,,,,,,1,,,,,,,,,,,,,,,,January,,,,,,,,,,,,,,,,59,,26,Polydor/PolyGram,1/1/1980,And Once Again,1980
1902,Isaac Hayes,,,,,,,,,,,,,,,,,,,1,,,,,,,,,,,,,,,,January,,,,,,,,,,,,,,,,,,,Polydor/PolyGram,1/1/1981,Lifetime Thing,1981
1903,Isaac Hayes,,,,,,,,,,,,,,,,,,,1,,,,,,,,,,,,,,,,January,,,,,,,,,,,,,,,,,,32,Columbia/CBS,1/1/1986,U-Turn,1986
1904,Isaac Hayes,,,,,,,,,,,,,,,,,,,1,,,,,,,,,,,,,,,,January,,,,,,,,,,,,,,,,,,70,Columbia/CBS,1/1/1988,Love Attack,1988
1905,Isaac Hayes,,,,,,,,,,,,,,,,,,,1,,,,,,,,,,,,,,,,January,,,,,,,,,,,,,,,,,,,Pointblank/Virgin/EMI,1/1/1995,Raw & Refined,1995
1906,Isaac Hayes,,,,,,,,,,,,,,,,,,,1,,,,,,,,,,,,,,,,January,,,,,,,,,,,,,,,,,,75,Pointblank/Virgin/EMI,1/1/1995,Branded,1995
1907,Jackie Wilson,,,,,,,,,,,,,,,,,,,1,,,,,,,,,,,,,,,,January,,,,,,,,,,,,,,,,,,,,1/1/1958,He's So Fine,1958
1908,Jackie Wilson,,,,,,,,,,,,,,,,,,,1,,,,,,,,,,,,,,,,January,,,,,,,,,,,,,,,,,,,,1/1/1959,Lonely Teardrops,1959
1909,Jackie Wilson,,,,,,,,,,,,,,,,,,,1,,,,,,,,,,,,,,,,January,,,,,,,,,,,,,,,,,,,,1/1/1959,So Much,1959
1910,Jackie Wilson,,,,,,,,,,,,,,,,,,,1,,,,,,,,,,,,,,,,January,,,,,,,,,,,,,,,,,,,,1/1/1960,Jackie Sings the Blues,1960
1911,Jackie Wilson,,,,,,,,,,,,,,,,,,,1,,,,,,,,,,,,,,,,January,,,,,,,,,,,,,,,,,,,,1/1/1960,"A Woman, a Lover, a Friend",1960
1912,Jackie Wilson,,,,,,,,,,,,,,,,,,,1,,,,,,,,,,,,,,,,January,,,,,,,,,,,,,,,,,,,,1/1/1961,You Ain't Heard Nothin' Yet,1961
1913,Jackie Wilson,,,,,,,,,,,,,,,,,,,1,,,,,,,,,,,,,,,,January,,,,,,,,,,,,,,,,,,,,1/1/1961,By Special Request,1961
1914,Jackie Wilson,,,,,,,,,,,,,,,,,,,1,,,,,,,,,,,,,,,,January,,,,,,,,,,,,,,,,,,,,1/1/1962,Body and Soul,1962
1915,Jackie Wilson,,,,,,,,,,,,,,,,,,,1,,,,,,,,,,,,,,,,January,,,,,,,,,,,,,,,,,,,,1/1/1962,Jackie Wilson at the Copa,1962
1916,Jackie Wilson,,,,,,,,,,,,,,,,,,,1,,,,,,,,,,,,,,,,January,,,,,,,,,,,,,,,,,,,,1/1/1963,Jackie Wilson Sings the World's Greatest Melodies,1963
1917,Jackie Wilson,,,,,,,,,,,,,,,,,,,1,,,,,,,,,,,,,,,,January,,,,,,,,,,,,,,,,78,,,,1/1/1963,Baby Workout,1963
1918,Jackie Wilson,,,,,,,,,,,,,,,,,,,1,,,,,,,,,,,,,,,,January,,,,,,,,,,,,,,,,,,,,1/1/1963,Shake a Hand (with Linda Hopkins),1963
1919,Jackie Wilson,,,,,,,,,,,,,,,,,,,1,,,,,,,,,,,,,,,,January,,,,,,,,,,,,,,,,,,,,1/1/1964,Somethin' Else!,1964
1920,Jackie Wilson,,,,,,,,,,,,,,,,,,,1,,,,,,,,,,,,,,,,January,,,,,,,,,,,,,,,,,,,,1/1/1965,Soul Time,1965
1921,Jackie Wilson,,,,,,,,,,,,,,,,,,,1,,,,,,,,,,,,,,,,January,,,,,,,,,,,,,,,,,,,,1/1/1965,Spotlight on Jackie Wilson!,1965
1922,Jackie Wilson,,,,,,,,,,,,,,,,,,,1,,,,,,,,,,,,,,,,January,,,,,,,,,,,,,,,,,,,,1/1/1966,Soul Galore,1966
1923,Jackie Wilson,,,,,,,,,,,,,,,,,,,1,,,,,,,,,,,,,,,,January,,,,,,,,,,,,,,,,108,,15,,1/1/1966,Whispers,1966
1924,Jackie Wilson,,,,,,,,,,,,,,,,,,,1,,,,,,,,,,,,,,,,January,,,,,,,,,,,,,,,,163,,28,,1/1/1967,Higher and Higher,1967
1925,Jackie Wilson,,,,,,,,,,,,,,,,,,,1,,,,,,,,,,,,,,,,January,,,,,,,,,,,,,,,,,,,Brunswick,1/1/1968,Manufacturers of Soul (with Count Basie),1968
1926,Jackie Wilson,,,,,,,,,,,,,,,,,,,1,,,,,,,,,,,,,,,,January,,,,,,,,,,,,,,,,,,,,1/1/1968,I Get the Sweetest Feeling,1968
1927,Jackie Wilson,,,,,,,,,,,,,,,,,,,1,,,,,,,,,,,,,,,,January,,,,,,,,,,,,,,,,,,50,,1/1/1969,Do Your Thing,1969
1928,Jackie Wilson,,,,,,,,,,,,,,,,,,,1,,,,,,,,,,,,,,,,January,,,,,,,,,,,,,,,,,,,,1/1/1970,This Love is Real,1970
1929,Jackie Wilson,,,,,,,,,,,,,,,,,,,1,,,,,,,,,,,,,,,,January,,,,,,,,,,,,,,,,,,,,1/1/1971,You Got Me Walkin',1971
1930,Jackie Wilson,,,,,,,,,,,,,,,,,,,1,,,,,,,,,,,,,,,,January,,,,,,,,,,,,,,,,,,,,1/1/1973,Beautiful Day,1973
1931,Jackie Wilson,,,,,,,,,,,,,,,,,,,1,,,,,,,,,,,,,,,,January,,,,,,,,,,,,,,,,,,,,1/1/1976,Nobody But You,1976
1932,Jackson Browne,,,,,,,,,,,,,RIAA,Platinum,,,,,1,,,,,,,,,,,,,,,,January,20,,,,,,,,,,,,,,,53,,,Asylum,1/1/1972,Jackson Browne (a.k.a. Saturate Before Using),1972
1933,Jackson Browne,,,,,,,,,,,,,RIAA,Platinum,,,,,1,,,,,,,,,,,,,,,,October,48,,,,,,,,,,,,,,,43,,,Asylum,10/1/1973,For Everyman,1973
1934,Jackson Browne,,,,,,,,,,,,,RIAA,Platinum,,,,,1,,,,,,,,,,,,,,,,September,63,,,,,,,,,,,,,,,14,,,Asylum,9/1/1974,Late for the Sky,1974
1935,Jackson Browne,,,,,,,BPI,Silver,,,,,RIAA,Platinum,,,,,1,,,,,,,,,,,,,,,,November,18,,,,,,,,,,,,,,26,5,,,Asylum,11/1/1976,The Pretender,1976
1936,Jackson Browne,ARIA,Platinum,,,,,BPI,Gold,,,,,RIAA,Platinum,,,,,1,,,,,,,,,,,,,,,,December,8,,,,,,,,,,,,,,,3,,,Asylum,12/1/1977,Running on Empty,1977
1937,Jackson Browne,ARIA,Platinum,,,,,,,,,,,RIAA,Platinum,,,,,1,,,,,,,,,,,,,,,,June,6,,,,,,,,,,,,,,44,1,,,Asylum,6/1/1980,Hold Out,1980
1938,Jackson Browne,,,,,,,,,,,,,RIAA,Platinum,,,,,1,,,,,,,,,,,,,,,,August,15,,,,,,,,,,,,,,37,8,,,Elektra/Asylum,8/1/1983,Lawyers in Love,1983
1939,Jackson Browne,,,,,,,,,,,,,RIAA,Gold,,,,,1,,,,,,,,,,,,,,,,February,37,,,,,,,,,,,,,,36,23,,,Asylum,2/1/1986,Lives in the Balance,1986
1940,Jackson Browne,,,,,,,,,,,,,,,,,,,1,,,,,,,,,,,,,,,,June,59,,,,,,,,,,,,,,39,45,,,Elektra,6/1/1989,World in Motion,1989
1941,Jackson Browne,,,,,,,,,,,,,RIAA,Gold,,,,,1,,,,,,,,,,,,,,,,October,,,,,,,,,,,,,,,35,40,,,Elektra,10/1/1993,I'm Alive,1993
1942,Jackson Browne,,,,,,,,,,,,,,,,,,,1,,,,,,,,,,,,,,,,February,43,,,,,,,,,,,,,,47,36,,,Elektra,2/1/1996,Looking East,1996
1943,Jackson Browne,,,,,,,,,,,,,,,,,,,1,,,,,,,,,,,,,,,,September,,,,,,,,,,,,,,,53,36,,,Elektra,9/1/2002,The Naked Ride Home,2002
1944,Jackson Browne,,,,,,,,,,,,,,,,,,,1,,,,,,,,,,,,,,,,September,62,,,,,,,,,,,,,,57,20,,,Inside Recordings,9/1/2008,Time the Conqueror,2008
1945,Jackson Browne,,,,,,,,,,,,,,,,,,,1,,,,,,,,,,,,,,,,October,,,,,,,,,,,,,,,31,15,,,Inside Recordings,10/1/2014,Standing in the Breach,2014
1946,Jackson Browne,,,,,,,,,,,,,,,,,,,1,,,,,,,,,,,,,,,,July,,,,,,,,,,,,,,,35,86,,,Inside Recordings,7/1/2021,Downhill from Everywhere,2021
1947,James Brown,,,,,,,,,,,,,,,,,,,1,,,,,,,,,,,,,,,,January,,,,,,,,,,,,,,,,,,,King,1/1/1958,Please Please Please (James Brown and The Famous Flames),1958
1948,James Brown,,,,,,,,,,,,,,,,,,,1,,,,,,,,,,,,,,,,January,,,,,,,,,,,,,,,,,,,King,1/1/1959,Try Me! (James Brown and The Famous Flames),1959
1949,James Brown,,,,,,,,,,,,,,,,,,,1,,,,,,,,,,,,,,,,January,,,,,,,,,,,,,,,,,,,King,1/1/1960,Think! (James Brown and The Famous Flames),1960
1950,James Brown,,,,,,,,,,,,,,,,,,,1,,,,,,,,,,,,,,,,January,,,,,,,,,,,,,,,,,,,King,1/1/1961,The Amazing James Brown (James Brown and The Famous Flames),1961
1951,James Brown,,,,,,,,,,,,,,,,,,,1,,,,,,,,,,,,,,,,September,,,,,,,,,,,,,,,,,,,King,9/1/1962,James Brown and His Famous Flames Tour the U.S.A. (James Brown and The Famous Flames),1962
1952,James Brown,,,,,,,,,,,,,,,,,,,1,,,,,,,,,,,,,,,,September,,,,,,,,,,,,,,,,73,,,King,9/1/1963,Prisoner of Love,1963
1953,James Brown,,,,,,,,,,,,,,,,,,,1,,,,,,,,,,,,,,,,April,,,,,,,,,,,,,,,,61,,,Smash,4/1/1964,Showtime,1964
1954,James Brown,,,,,,,,,,,,,,,,,,,1,,,,,,,,,,,,,,,,January,,,,,,,,,,,,,,,,124,,9,Smash,1/1/1964,Grits & Soul,1964
1955,James Brown,,,,,,,,,,,,,,,,,,,1,,,,,,,,,,,,,,,,September,,,,,,,,,,,,,,,,65,,7,Smash,9/1/1964,Out of Sight,1964
1956,James Brown,,,,,,,,,,,,,,,,,,,1,,,,,,,,,,,,,,,,November,,,,,,,,,,,,,,,,42,,3,Smash,11/1/1965,James Brown Plays James Brown Today & Yesterday,1965
1957,James Brown,,,,,,,,,,,,,,,,,,,1,,,,,,,,,,,,,,,,January,,,,,,,,,,,,,,,,,,,King,1/1/1966,Mighty Instrumentals,1966
1958,James Brown,,,,,,,,,,,,,,,,,,,1,,,,,,,,,,,,,,,,March,,,,,,,,,,,,,,,,101,,27,Smash,3/1/1966,James Brown Plays New Breed (The Boo-Ga-Loo),1966
1959,James Brown,,,,,,,,,,,,,,,,,,,1,,,,,,,,,,,,,,,,November,,,,,,,,,,,,,,,,,,,King,11/1/1966,James Brown Sings Christmas Songs,1966
1960,James Brown,,,,,,,,,,,,,,,,,,,1,,,,,,,,,,,,,,,,November,,,,,,,,,,,,,,,,135,,24,Smash,11/1/1966,Handful of Soul,1966
1961,James Brown,,,,,,,,,,,,,,,,,,,1,,,,,,,,,,,,,,,,March,,,,,,,,,,,,,,,,88,,14,King,3/1/1967,James Brown Sings Raw Soul,1967
1962,James Brown,,,,,,,,,,,,,,,,,,,1,,,,,,,,,,,,,,,,June,,,,,,,,,,,,,,,,164,,27,Smash,6/1/1967,James Brown Plays the Real Thing,1967
1963,James Brown,,,,,,,,,,,,,,,,,,,1,,,,,,,,,,,,,,,,August,,,,,,,,,,,,,,,,35,,5,King,8/1/1967,Cold Sweat (James Brown and The Famous Flames),1967
1964,James Brown,,,,,,,,,,,,,,,,,,,1,,,,,,,,,,,,,,,,March,,,,,,,,,,,,,,,,17,,4,King,3/1/1968,I Can't Stand Myself When You Touch Me,1968
1965,James Brown,,,,,,,,,,,,,,,,,,,1,,,,,,,,,,,,,,,,April,,,,,,,,,,,,,,,,135,,23,King,4/1/1968,I Got the Feelin',1968
1966,James Brown,,,,,,,,,,,,,,,,,,,1,,,,,,,,,,,,,,,,August,,,,,,,,,,,,,,,,150,,28,King,8/1/1968,James Brown Plays Nothing But Soul,1968
1967,James Brown,,,,,,,,,,,,,,,,,,,1,,,,,,,,,,,,,,,,December,,,,,,,,,,,,,,,,,,,King,12/1/1968,Thinking About Little Willie John and a Few Nice Things,1968
1968,James Brown,,,,,,,,,,,,,,,,,,,1,,,,,,,,,,,,,,,,January,,,,,,,,,,,,,,,,,,,King,1/1/1968,A Soulful Christmas,1968
1969,James Brown,,,,,,,,,,,,,,,,,,,1,,,,,,,,,,,,,,,,March,,,,,,,,,,,,,,,,53,,6,King,3/1/1969,Say It Loud - I'm Black and I'm Proud,1969
1970,James Brown,,,,,,,,,,,,,,,,,,,1,,,,,,,,,,,,,,,,May,,,,,,,,,,,,,,,,99,,26,King,5/1/1969,Gettin' Down to It,1969
1971,James Brown,,,,,,,,,,,,,,,,,,,1,,,,,,,,,,,,,,,,August,,,,,,,,,,,,,,,,148,,31,King,8/1/1969,The Popcorn,1969
1972,James Brown,,,,,,,,,,,,,,,,,,,1,,,,,,,,,,,,,,,,August,,,49,,,,,,,,,,,,,26,,3,King,8/1/1969,It's a Mother,1969
1973,James Brown,,,,,,,,,,,,,,,,,,,1,,,,,,,,,,,,,,,,January,,,,,,,,,,,,,,,,43,,5,King,1/1/1970,Ain't It Funky,1970
1974,James Brown,,,,,,,,,,,,,,,,,,,1,,,,,,,,,,,,,,,,April,,,,,,,,,,,,,,,,125,,12,King,4/1/1970,Soul on Top,1970
1975,James Brown,,,,,,,,,,,,,,,,,,,1,,,,,,,,,,,,,,,,June,,,,,,,,,,,,,,,,121,,19,King,6/1/1970,It's a New Day - Let a Man Come In,1970
1976,James Brown,,,,,,,,,,,,,,,,,,,1,,,,,,,,,,,,,,,,January,,,,,,,,,,,,,,,,,,,King,1/1/1970,Hey America,1970
1977,James Brown,,,,,,,,,,,,,,,,,,,1,,,,,,,,,,,,,,,,April,,,,,,,,,,,,,,,,137,,26,King,4/1/1971,Sho Is Funky Down Here,1971
1978,James Brown,,,,,,,,,,,,,,,,,,,1,,,,,,,,,,,,,,,,August,,,,,,,,,,,,,,,,22,,4,Polydor,8/1/1971,Hot Pants,1971
1979,James Brown,,,,,,,,,,,,,,,,,,,9,,,,,,,,,,,,,,,,June,,,,,,,,,,,,,,,,60,,10,Polydor,6/9/1972,There It Is,1972
1980,James Brown,,,,,,,,,,,,,,,,,,,20,,,,,,,,,,,,,,,,November,,,,,,,,,,,,,,,,68,,8,Polydor,11/20/1972,Get on the Good Foot,1972
1981,James Brown,,,,,,,,,,,,,,,,,,,1,,,,,,,,,,,,,,,,February,,,,,,,,,,,,,,,,31,,2,Polydor,2/1/1973,Black Caesar,1973
1982,James Brown,,,,,,,,,,,,,,,,,,,1,,,,,,,,,,,,,,,,September,,,,,,,,,,,,,,,,92,,15,Polydor,9/1/1973,Slaughter's Big Rip-Off,1973
1983,James Brown,,,,,,,,,,,,,RIAA,Gold,,,,,1,,,,,,,,,,,,,,,,December,,,92,,,,,,,,,,,,,34,,1,Polydor,12/1/1973,The Payback,1973
1984,James Brown,,,,,,,,,,,,,,,,,,,28,,,,,,,,,,,,,,,,June,,,78,,,,,,,,,,,,,35,,2,Polydor,6/28/1974,Hell,1974
1985,James Brown,,,,,,,,,,,,,,,,,,,19,,,,,,,,,,,,,,,,December,,,,,,,,,,,,,,,,56,,11,Polydor,12/19/1974,Reality,1974
1986,James Brown,,,,,,,,,,,,,,,,,,,1,,,,,,,,,,,,,,,,May,,,60,,,,,,,,,,,,,103,,24,Polydor,5/1/1975,Sex Machine Today,1975
1987,James Brown,,,,,,,,,,,,,,,,,,,1,,,,,,,,,,,,,,,,September,,,,,,,,,,,,,,,,193,,31,Polydor,9/1/1975,Everybody's Doin' the Hustle & Dead on the Double Bump,1975
1988,James Brown,,,,,,,,,,,,,,,,,,,1,,,,,,,,,,,,,,,,January,,,,,,,,,,,,,,,,198,,35,Polydor,1/1/1976,Hot,1976
1989,James Brown,,,,,,,,,,,,,,,,,,,1,,,,,,,,,,,,,,,,July,,,12,,,,,,,,,,,,,147,,24,Polydor,7/1/1976,Get Up Offa That Thing,1976
1990,James Brown,,,,,,,,,,,,,,,,,,,1,,,,,,,,,,,,,,,,December,,,,,,,,,,,,,,,,126,,20,Polydor,12/1/1976,Bodyheat,1976
1991,James Brown,,,,,,,,,,,,,,,,,,,1,,,,,,,,,,,,,,,,January,,,,,,,,,,,,,,,,,,38,Polydor,1/1/1977,Mutha's Nature,1977
1992,James Brown,,,,,,,,,,,,,,,,,,,1,,,,,,,,,,,,,,,,March,,,,,,,,,,,,,,,,121,,32,Polydor,3/1/1978,Jam 1980's,1978
1993,James Brown,,,,,,,,,,,,,,,,,,,1,,,,,,,,,,,,,,,,December,,,,,,,,,,,,,,,,,,55,Polydor,12/1/1978,Take a Look at Those Cakes,1978
1994,James Brown,,,,,,,,,,,,,,,,,,,1,,,,,,,,,,,,,,,,July,,,,,,,,,,,,,,,,152,,37,Polydor,7/1/1979,The Original Disco Man,1979
1995,James Brown,,,,,,,,,,,,,,,,,,,1,,,,,,,,,,,,,,,,March,,,,,,,,,,,,,,,,,,,Polydor,3/1/1980,People,1980
1996,James Brown,,,,,,,,,,,,,,,,,,,1,,,,,,,,,,,,,,,,January,,,,,,,,,,,,,,,,,,63,TK,1/1/1980,Soul Syndrome,1980
1997,James Brown,,,,,,,,,,,,,,,,,,,1,,,,,,,,,,,,,,,,April,,,,,,,,,,,,,,,,,,,Polydor,4/1/1981,Nonstop!,1981
1998,James Brown,,,,,,,,,,,,,,,,,,,1,,,,,,,,,,,,,,,,January,,,,,,,,,,,,,,,,,,,Augusta Sound,1/1/1983,Bring It On!,1983
1999,James Brown,,,,,,,,,,,,,,,,,,,15,,,,,,,,,,,,,,,,September,,,,,,,,,,,,,,,85,156,,38,Scotti Brothers,9/15/1986,Gravity,1986
2000,James Brown,,,,,,,,,,,,,,,,,,,1,,,,,,,,,,,,,,,,January,,,,,,,,,,,,,,19,27,96,,15,Scotti Brothers,1/1/1988,I'm Real,1988
2001,James Brown,,,,,,,,,,,,,,,,,,,23,,,,,,,,,,,,,,,,July,,,,,,,,,,,,,,35,,,,51,Scotti Brothers,7/23/1991,Love Over-Due,1991
2002,James Brown,,,,,,,,,,,,,,,,,,,9,,,,,,,,,,,,,,,,March,,,,,,,,,,,,,,34,,,,78,Scotti Brothers,3/9/1993,Universal James,1993
2003,James Brown,,,,,,,,,,,,,,,,,,,17,,,,,,,,,,,,,,,,November,,,,,,,,,,,,,,,,,,,Inferno,11/17/1998,I'm Back,1998
2004,James Brown,,,,,,,,,,,,,,,,,,,16,,,,,,,,,,,,,,,,November,,,,,,,,,,,,,,,,,,,Waxworks,11/16/1999,The Merry Christmas Album,1999
2005,James Brown,,,,,,,,,,,,,,,,,,,27,,,,,,,,,,,,,,,,August,,,,,,,,,,,,,,,,,,72,Fome,8/27/2002,The Next Step,2002
2006,James Taylor,,,,,,,,,,,,,,,,,,,6,,8-track,,,,,,,,LP,,,,,,December,,,,,,,,,,,,,,,,62,,,Apple,12/6/1968,James Taylor,1968
2007,James Taylor,,,,,,,BPI,Silver,,,,,RIAA,Platinum,,,,,1,,8-track,,,,,,,,LP,,,,,,February,7,,3,,,,,,,,,,,,6,3,,,Warner Bros.,2/1/1970,Sweet Baby James,1970
2008,James Taylor,,,,,,,,,,,,,RIAA,Platinum,,,,,16,,8-track,,,,,,,,LP,,,,,,March,12,,4,,,,,,,17,,,,,4,2,,,Warner Bros.,3/16/1971,Mud Slide Slim and the Blue Horizon,1971
2009,James Taylor,,,,,,,,,,,,,RIAA,Gold,,,,,1,,8-track,,,,,,,,LP,,,,,,November,13,,7,,,,,,,,,,,,27,4,,,Warner Bros.,11/1/1972,One Man Dog,1972
2010,James Taylor,,,,,,,,,,,,,,,,,,,1,,8-track,,,,,,,,LP,,,,,,June,50,,11,,,,,,,,,,,,,13,,,Warner Bros.,6/1/1974,Walking Man,1974
2011,James Taylor,,,,,,,,,,,,,RIAA,Gold,,,,,1,,8-track,,,,,,,,LP,,,,,,May,60,,,,,,,,,,,,,,,6,,,Warner Bros.,5/1/1975,Gorilla,1975
2012,James Taylor,,,,,,,,,,,,,RIAA,Gold,,,,,1,,8-track,,,,,,,,LP,,,,,,June,65,,17,,,,,,,14,,,,,,16,,,Warner Bros.,6/1/1976,In the Pocket,1976
2013,James Taylor,,,,,,,,,,MC,Platinum,,RIAA,Platinum,,,,,1,,8-track,,,,,,,,LP,,,,,,June,10,,2,,,,,,,,31,,,,,4,,,Columbia,6/1/1977,JT,1977
2014,James Taylor,,,,,,,,,,,,,RIAA,Platinum,,,,,1,,8-track,,,,,,,,LP,,,,,,May,18,,9,,,,,,17,17,50,,,,,10,,,Columbia,5/1/1979,Flag,1979
2015,James Taylor,,,,,,,,,,,,,RIAA,Platinum,,,,,1,,8-track,,,,CD,,,,LP,,,,,,March,23,,40,,,,,,20,20,29,,,,,10,,,Columbia,3/1/1981,Dad Loves His Work,1981
2016,James Taylor,,,,,,,,,,,,,RIAA,Platinum,,,,,1,,,,,cassette,CD,,,,LP,,,,,,October,24,,,,,,,,,,,,,,,34,,,Columbia,10/1/1985,That's Why I'm Here,1985
2017,James Taylor,,,,,,,,,,,,,RIAA,Platinum,,,,,1,,,,,cassette,CD,,,,LP,,,,,,January,26,,37,,,,,,,,,,,,,25,,,Columbia,1/1/1988,Never Die Young,1988
2018,James Taylor,,,,,,,,,,,,,RIAA,Platinum,,,,,24,,,,,cassette,CD,,,,LP,,,,,,September,,,,,,,,,,,,,,,,37,,,Columbia,9/24/1991,New Moon Shine,1991
2019,James Taylor,,,,,,,BPI,Silver,,,,,RIAA,Platinum,,,,,20,,,,,cassette,CD,,,,LP,,,,,,May,68,,52,,,,,,38,38,,,,,52,9,,,Columbia,5/20/1997,Hourglass,1997
2020,James Taylor,,,,,,,,,,,,,RIAA,Platinum,,,,,13,,,,,,CD,,,,LP,,,,,,August,48,,,,,,,,40,33,,,,,39,4,,,Sony BMG,8/13/2002,October Road,2002
2021,James Taylor,,,,,,,,,,,,,RIAA,Platinum,,,,,1,,,,,,CD,,digital download,,,,,,,,November,,,,,,,,,,,,,,,,122,,,Hallmark,11/1/2004,A Christmas Album,2004
2022,James Taylor,,,,,,,,,,,,,RIAA,Gold,,,,,10,,,,,,CD,,digital download,,LP,,,,,,October,,,,,,,,,,,,,,,,16,,,Columbia,10/10/2006,A Christmas Album,2006
2023,James Taylor,,,,,,,BPI,Silver,,,,,,,,,,,30,,,,,,CD,,digital download,,LP,,,,,,September,,,21,,,,,,85,,,,,,23,4,,,Hear Music,9/30/2008,Covers,2008
2024,James Taylor,,,,,,,,,,,,,,,,,,,16,,,,,,CD,,digital download,,LP,,,,,,June,12,,10,,,,,,13,16,,,,,4,1,,,Concord Music,6/16/2015,Before This World,2015
2025,James Taylor,,,,,,,,,,,,,,,,,,,28,,,,,,CD,,digital download,,LP,,,,,,February,23,,1,,,,,,55,,,,,,11,4,,,Fantasy,2/28/2020,American Standard,2020
2026,Janet Jackson,,,,,,,,,,,,,,,,,,,1,,,,,cassette,CD,,,,LP,,,,,,September,,,,,,,,,,,44,,,,,63,,,A&M,9/1/1982,Janet Jackson,1982
2027,Janet Jackson,,,,,,,,,,,,,,,,,,,1,,,,,cassette,CD,,,,LP,,,,,,September,,,,,,,,,,,,,,,,147,,,A&M,9/1/1984,Dream Street,1984
2028,Janet Jackson,,,,,,,BPI,Platinum,,MC,Platinum,,RIAA,Platinum,,,,,4,,,,,cassette,CD,,,,LP,,,,,,February,25,,11,,36,,,57,7,,5,,,28,8,1,,,A&M,2/4/1986,Control,1986
2029,Janet Jackson,ARIA,Platinum,,,,,BPI,Platinum,,MC,Platinum,,RIAA,Platinum,,,,,19,,,,,cassette,CD,,,,LP,,,,,,September,1,,5,,39,,,8,28,,9,,,23,4,1,,,A&M,9/19/1989,Janet Jackson's Rhythm Nation 1814,1989
2030,Janet Jackson,ARIA,Platinum,,,,,BPI,Platinum,,MC,Platinum,,RIAA,Platinum,,SNEP,Gold,,18,,,,,cassette,CD,,,,LP,,,,,,May,1,,1,16,5,,,5,4,,1,,,10,1,1,,,Virgin,5/18/1993,Janet.,1993
2031,Janet Jackson,ARIA,Platinum,,,,,BPI,Platinum,,MC,Platinum,,RIAA,Platinum,,SNEP,Platinum,,7,,,,,cassette,CD,,,,LP,,,,,,October,4,,2,5,5,,,10,3,,8,,,5,6,1,,,Virgin,10/7/1997,The Velvet Rope,1997
2032,Janet Jackson,ARIA,Gold,,,,,BPI,Gold,,MC,Platinum,,RIAA,Platinum,,SNEP,Gold,,24,,,,,cassette,CD,,,,LP,,,,,,April,3,,1,2,3,,,4,4,,6,,,2,2,1,,,Virgin,4/24/2001,All for You,2001
2033,Janet Jackson,,,,,,,BPI,Silver,,MC,Platinum,,RIAA,Platinum,,,,,30,,,,,cassette,CD,,,,LP,,,,,,March,18,,7,35,21,,,10,23,,50,,,34,32,2,,,Virgin,3/30/2004,Damita Jo,2004
2034,Janet Jackson,,,,,,,,,,,,,RIAA,Platinum,,,,,22,,,,,cassette,CD,,digital download,,LP,,,,,,September,55,,4,32,46,,,7,34,,,,,35,63,2,,,Virgin,9/22/2006,20 Y.O.,2006
2035,Janet Jackson,,,,,,,,,,,,,,,,,,,25,,,,,,CD,,digital download,,LP,,,,,,February,16,,3,43,38,,,9,28,,35,,,9,63,1,,,Island,2/25/2008,Discipline,2008
2036,Janet Jackson,,,,,,,,,,,,,,,,,,,2,,,,,,CD,,digital download,,LP,,,,,,October,11,,1,28,34,,,18,12,,,,,28,11,1,,,"Rhythm Nation, BMG",10/2/2015,Unbreakable,2015
2037,Janis Joplin,,,,,,,,,,,,,,,,,,,23,,,,,,,,,,,,,,,,August,,,,,,,,,,,,,,,,60,,,Mainstream,8/23/1967,Big Brother & the Holding Company,1967
2038,Janis Joplin,,,,,,,,,,,,,RIAA,Platinum,,,,,12,,,,,,,,,,,,,,,,August,,,,,,,,,,,,,,,,1,,,Columbia,8/12/1968,Cheap Thrills,1968
2039,Janis Joplin,,,,,,,,,,MC,Gold,,RIAA,Platinum,,,,,11,,,,,,,,,,,,,,,,September,,,,,,,,,,,,,,,,5,,,Columbia,9/11/1969,I Got Dem Ol' Kozmic Blues Again Mama!,1969
2040,Janis Joplin,,,,,,,BPI,Silver,,MC,Platinum,,RIAA,Platinum,,,,,11,,,,,,,,,,,,,,,,January,1,,,,3,,83,,,1,,,,,20,1,,,Columbia,1/11/1971,Pearl,1971
2041,Jay-Z,,,,,,,BPI,Silver,,,,,RIAA,Platinum,,,,,25,,,,,cassette,CD,,digital download,,LP,,,,,,June,,,,,,,,,,,,,,,,23,,,"Roc-A-Fella, Priority",6/25/1996,Reasonable Doubt,1996
2042,Jay-Z,,,,,,,BPI,Silver,,,,,RIAA,Platinum,,,,,4,,,,,cassette,CD,,digital download,,LP,,,,,,November,,,36,,,,,,,,,,,,,3,,,"Roc-A-Fella, Def Jam",11/4/1997,"In My Lifetime, Vol. 1",1997
2043,Jay-Z,,,,,,,BPI,Gold,,MC,Platinum,,RIAA,Platinum,,,,,29,,,,,cassette,CD,,digital download,,LP,,,,,,September,,,13,,76,,,,,,,,34,49,,1,,,"Roc-A-Fella, Def Jam",9/29/1998,Vol. 2... Hard Knock Life,1998
2044,Jay-Z,,,,,,,BPI,Silver,,MC,Gold,,RIAA,Platinum,,,,,28,,,,,cassette,CD,,digital download,,LP,,,,,,December,,,8,,,,,,,,,,,75,,1,,,"Roc-A-Fella, Def Jam",12/28/1999,Vol. 3... Life and Times of S. Carter,1999
2045,Jay-Z,,,,,,,BPI,Silver,,,,,RIAA,Platinum,,,,,31,,,,,cassette,CD,,digital download,,LP,,,,,,October,,,5,,98,,,,,,,,,89,,1,,,"Roc-A-Fella, Def Jam",10/31/2000,The Dynasty: Roc La Familia,2000
2046,Jay-Z,,,,,,,BPI,Gold,,MC,Platinum,,RIAA,Platinum,,,,,11,,,,,cassette,CD,,digital download,,LP,,,,,,September,,,3,73,55,,,,51,36,,,30,59,,1,,,"Roc-A-Fella, Def Jam",9/11/2001,The Blueprint,2001
2047,Jay-Z,,,,,,,BPI,Gold,,MC,Platinum,,RIAA,Platinum,,,,,12,,,,,cassette,CD,,digital download,,LP,,,,,,November,,,8,79,61,,,,66,,,,,52,,1,,,"Roc-A-Fella, Def Jam",11/12/2002,The Blueprint 2: The Gift & The Curse,2002
2048,Jay-Z,,,,,,,BPI,Platinum,,MC,Platinum,,RIAA,Platinum,,,,,14,,,,,,CD,,digital download,,LP,,,,,,November,,,12,66,47,,,,66,18,,,41,29,,1,,,"Roc-A-Fella, Def Jam",11/14/2003,The Black Album,2003
2049,Jay-Z,,,,,,,BPI,Gold,,MC,Platinum,,RIAA,Platinum,,,,,21,,,,,,CD,,digital download,,LP,,,,,,November,,,6,79,76,,,,71,,,,45,17,,1,,,"Roc-A-Fella, Def Jam",11/21/2006,Kingdom Come,2006
2050,Jay-Z,,,,,,,BPI,Silver,,MC,Gold,,RIAA,Platinum,,,,,6,,,,,,CD,,digital download,,LP,,,,,,November,,,3,58,99,,,,64,29,,,,17,,1,,,"Roc-A-Fella, Def Jam",11/6/2007,American Gangster,2007
2051,Jay-Z,ARIA,Gold,,,,,BPI,Platinum,,MC,Platinum,,RIAA,Platinum,,SNEP,Gold,,8,,,,,,CD,,digital download,,LP,,,,,,September,,,1,20,22,,,,12,15,,,44,12,,1,,,"Roc Nation, Atlantic",9/8/2009,The Blueprint 3,2009
2052,Jay-Z,,,,,,,BPI,Gold,,MC,Platinum,,RIAA,Platinum,,,,,9,,,,,,CD,,digital download,,LP,,,,,,July,,,1,12,9,,,,7,2,,,8,1,,1,,,"Roc Nation, Roc-A-Fella",7/9/2013,Magna Carta... Holy Grail,2013
2053,Jay-Z,,,,,,,BPI,Silver,,,,,RIAA,Platinum,,,,,30,,,,,,,,,,,,,,,,June,,,1,43,15,,,,11,11,,,16,5,,1,,,Roc Nation,6/30/2017,4:44,2017
2054,Jeff Beck,,,,,,,,,,,,,RIAA,Gold,,,,,1,,,,,,,,,,,,,,,,January,,,37,,,,,,,,,,,,,15,,,Epic,1/1/1968,Truth,1968
2055,Jeff Beck,,,,,,,,,,,,,RIAA,Gold,,,,,1,,,,,,,,,,,,,,,,January,,,22,,,,,,,,,,,,39,15,,,Epic,1/1/1969,Beck-Ola,1969
2056,Jeff Beck,,,,,,,,,,,,,,,,,,,1,,,,,,,,,,,,,,,,January,,,34,,,,,56,,,,,,,,46,,,Epic,1/1/1971,Rough and Ready,1971
2057,Jeff Beck,,,,,,,,,,,,,RIAA,Gold,,,,,1,,,,,,,,,,,,,,,,January,46,,15,,,,,,,,,,,,,19,,,Epic,1/1/1972,Jeff Beck Group,1972
2058,Jeff Beck,,,,,,,,,,,,,RIAA,Gold,,,,,1,,,,,,,,,,,,,,,,January,45,,10,,,,,22,,,,,,,28,12,,,Epic,1/1/1973,"Beck, Bogert & Appice",1973
2059,Jeff Beck,,,,,,,,,,MC,Gold,,RIAA,Platinum,,,,,1,,,,,,,,,,,,,,,,January,28,,5,,,,,27,,,,,,,,4,,,Epic,1/1/1975,Blow by Blow,1975
2060,Jeff Beck,,,,,,,,,,MC,Gold,,RIAA,Platinum,,,,,1,,,,,,,,,,,,,,,,January,17,,14,,,,,7,,,,,,,38,16,,,Epic,1/1/1976,Wired,1976
2061,Jeff Beck,,,,,,,,,,,,,,,,,,,1,,,,,,,,,,,,,,,,January,95,,34,,,,,15,,,,,36,,38,21,,,Epic,1/1/1980,There & Back,1980
2062,Jeff Beck,,,,,,,,,,,,,,,,,,,1,,,,,,,,,,,,,,,,January,36,,39,,60,,,13,,,,,27,,83,39,,,Epic/CBS,1/1/1985,Flash,1985
2063,Jeff Beck,,,,,,,,,,,,,,,,,,,1,,,,,,,,,,,,,,,,January,97,,75,,,,,9,,,,,,,,49,,,Epic,1/1/1989,Jeff Beck's Guitar Shop,1989
2064,Jeff Beck,,,,,,,,,,,,,,,,,,,1,,,,,,,,,,,,,,,,January,190,,,,,,,51,,,,,,,,171,,,Epic,1/1/1993,Crazy Legs,1993
2065,Jeff Beck,,,,,,,,,,,,,,,,,,,1,,,,,,,,,,,,,,,,January,,,,,,,,19,,,,,,,74,99,,,Epic,1/1/1999,Who Else!,1999
2066,Jeff Beck,,,,,,,,,,,,,,,,,,,1,,,,,,,,,,,,,,,,January,,,,123,96,,,14,,,,,,,,110,,,Epic,1/1/2001,You Had It Coming,2001
2067,Jeff Beck,,,,,,,,,,,,,,,,,,,1,,,,,,,,,,,,,,,,January,,,,92,,,,24,,,,,,,,122,,,Epic,1/1/2003,Jeff,2003
2068,Jeff Beck,,,,,,,,,,,,,,,,,,,1,,,,,,,,,,,,,,,,January,49,,9,74,30,,,9,,,,,35,,21,11,,,Atco,1/1/2010,Emotion & Commotion,2010
2069,Jeff Beck,,,,,,,,,,,,,,,,,,,1,,,,,,,,,,,,,,,,January,38,,95,77,23,,,14,,,,,,,27,41,,,ATCO,1/1/2016,Loud Hailer,2016
2070,Jeff Beck,,,,,,,,,,,,,,,,,,,1,,,,,,,,,,,,,,,,January,,,,,13,,,,,,,,,,38,185,,,Rhino,1/1/2022,18 (with Johnny Depp),2022
2071,Jefferson Airplane,,,,,,,,,,,,,,,,,,,15,,,,,,,,,,,,,,,,August,,,,,,,,,,,,,,,,128,,,RCA Victor,8/15/1966,Jefferson Airplane Takes Off,1966
2072,Jefferson Airplane,,,,,,,,,,,,,RIAA,Platinum,,,,,1,,,,,,,,,,,,,,,,February,,,,,,,,,,,,,,,,3,,,RCA Victor,2/1/1967,Surrealistic Pillow,1967
2073,Jefferson Airplane,,,,,,,,,,,,,,,,,,,1,,,,,,,,,,,,,,,,December,,,,,,,,,,,,,,,,17,,,RCA Victor,12/1/1967,After Bathing at Baxter's,1967
2074,Jefferson Airplane,,,,,,,,,,,,,RIAA,Gold,,,,,1,,,,,,,,,,,,,,,,September,,,,,,,,,,,,,,,,6,,,RCA Victor,9/1/1968,Crown of Creation,1968
2075,Jefferson Airplane,,,,,,,,,,,,,RIAA,Gold,,,,,1,,,,,,,,,,,,,,,,November,,,,,,,,,,,,,,,34,13,,,RCA Victor,11/1/1969,Volunteers,1969
2076,Jefferson Airplane,,,,,,,,,,,,,RIAA,Gold,,,,,1,,,,,,,,,,,,,,,,September,39,,,,,,,,,,,,,,42,11,,,Grunt,9/1/1971,Bark,1971
2077,Jefferson Airplane,,,,,,,,,,,,,RIAA,Gold,,,,,1,,,,,,,,,,,,,,,,June,,,,,,,,,,,,,,,30,20,,,Grunt,6/1/1972,Long John Silver,1972
2078,Jefferson Airplane,,,,,,,,,,,,,,,,,,,1,,,,,,,,,,,,,,,,September,,,,,,,,,,,,,,,,85,,,Epic,9/1/1989,Jefferson Airplane,1989
2079,Jerry Lee Lewis,,,,,,,,,,,,,,,,,,,1,,,,,,,,,,,,,,,,March,,,,,,,,,,,,,,,,,,,Sun,3/1/1958,Jerry Lee Lewis,1958
2080,Jerry Lee Lewis,,,,,,,,,,,,,,,,,,,1,,,,,,,,,,,,,,,,December,,,,,,,,,,,,,,,12,,,,Sun,12/1/1961,Jerry Lee's Greatest!,1961
2081,Jerry Lee Lewis,,,,,,,,,,,,,,,,,,,1,,,,,,,,,,,,,,,,January,,,,,,,,,,,,,,,,40,,,Smash,1/1/1964,Golden Hits of Jerry Lee Lewis (re-recordings),1964
2082,Jerry Lee Lewis,,,,,,,,,,,,,,,,,,,1,,,,,,,,,,,,,,,,January,,,,,,,,,,,,,,,,64,,,Smash,1/1/1965,The Return of Rock,1965
2083,Jerry Lee Lewis,,,,,,,,,,,,,,,,,,,1,,,,,,,,,,,,,,,,January,,,,,,,,,,,,,,,,,39,,Smash,1/1/1965,Country Songs for City Folks/All Country,1965
2084,Jerry Lee Lewis,,,,,,,,,,,,,,,,,,,1,,,,,,,,,,,,,,,,January,,,,,,,,,,,,,,,,145,,,Smash,1/1/1966,Memphis Beat,1966
2085,Jerry Lee Lewis,,,,,,,,,,,,,,,,,,,1,,,,,,,,,,,,,,,,January,,,,,,,,,,,,,,,,,,,Smash,1/1/1967,Soul My Way,1967
2086,Jerry Lee Lewis,,,,,,,,,,,,,,,,,,,1,,,,,,,,,,,,,,,,January,,,,,,,,,,,,,,,,160,3,,Smash,1/1/1968,"Another Place, Another Time",1968
2087,Jerry Lee Lewis,,,,,,,,,,,,,,,,,,,1,,,,,,,,,,,,,,,,January,,,,,,,,,,,,,,,,,12,,Smash,1/1/1969,She Still Comes Around,1969
2088,Jerry Lee Lewis,,,,,,,,,,,,,,,,,,,1,,,,,,,,,,,,,,,,January,,,,,,,,,,,,,,,,127,2,,Smash,1/1/1969,"Sings the Country Music Hall of Fame Hits, Vol. 1",1969
2089,Jerry Lee Lewis,,,,,,,,,,,,,,,,,,,1,,,,,,,,,,,,,,,,January,,,,,,,,,,,,,,,,124,5,,Smash,1/1/1969,"Sings the Country Music Hall of Fame Hits, Vol. 2",1969
2090,Jerry Lee Lewis,,,,,,,,,,,,,,,,,,,1,,,,,,,,,,,,,,,,January,,,,,,,,,,,,,,,,,11,,Sun,1/1/1969,The Golden Cream of the Country,1969
2091,Jerry Lee Lewis,,,,,,,,,,,,,,,,,,,1,,,,,,,,,,,,,,,,January,,,,,,,,,,,,,,,,186,9,,Mercury,1/1/1970,She Even Woke Me Up to Say Goodbye,1970
2092,Jerry Lee Lewis,,,,,,,,,,,,,,,,,,,1,,,,,,,,,,,,,,,,January,,,,,,,,,,,,,,,,213,18,,Mercury,1/1/1971,In Loving Memories: The Jerry Lee Lewis Gospel Album,1971
2093,Jerry Lee Lewis,,,,,,,,,,,,,,,,,,,1,,,,,,,,,,,,,,,,January,,,,,,,,,,,,,,,,190,8,,Mercury,1/1/1971,There Must Be More to Love Than This,1971
2094,Jerry Lee Lewis,,,,,,,,,,,,,,,,,,,1,,,,,,,,,,,,,,,,January,,,,,,,,,,,,,,,,152,11,,Mercury,1/1/1971,Touching Home,1971
2095,Jerry Lee Lewis,,,,,,,,,,,,,,,,,,,1,,,,,,,,,,,,,,,,January,,,,,,,,,,,,,,,,115,3,,Mercury,1/1/1971,Would You Take Another Chance on Me?,1971
2096,Jerry Lee Lewis,,,,,,,,,,,,,,,,,,,1,,,,,,,,,,,,,,,,January,30,,,,,,,,,,,,,,,105,4,,Mercury,1/1/1972,The Killer Rocks On,1972
2097,Jerry Lee Lewis,,,,,,,,,,,,,,,,,,,1,,,,,,,,,,,,,,,,January,,,,,,,,,,,,,,,,201,3,,Mercury,1/1/1972,Who's Gonna Play This Old Piano?,1972
2098,Jerry Lee Lewis,,,,,,,,,,,,,,,,,,,1,,,,,,,,,,,,,,,,January,36,,12,,,,,,,,,,,,,37,4,,Mercury,1/1/1973,The Session...Recorded in London with Great Artists,1973
2099,Jerry Lee Lewis,,,,,,,,,,,,,,,,,,,1,,,,,,,,,,,,,,,,January,,,,,,,,,,,,,,,,,6,,Mercury,1/1/1973,Sometimes a Memory Ain't Enough,1973
2100,Jerry Lee Lewis,,,,,,,,,,,,,,,,,,,1,,,,,,,,,,,,,,,,January,,,,,,,,,,,,,,,,,6,,Mercury,1/1/1973,Southern Roots: Back Home to Memphis,1973
2101,Jerry Lee Lewis,,,,,,,,,,,,,,,,,,,1,,,,,,,,,,,,,,,,January,,,,,,,,,,,,,,,,,25,,Mercury,1/1/1974,I-40 Country,1974
2102,Jerry Lee Lewis,,,,,,,,,,,,,,,,,,,1,,,,,,,,,,,,,,,,January,,,,,,,,,,,,,,,,,16,,Mercury,1/1/1975,Boogie Woogie Country Man,1975
2103,Jerry Lee Lewis,,,,,,,,,,,,,,,,,,,1,,,,,,,,,,,,,,,,January,,,,,,,,,,,,,,,,,33,,Mercury,1/1/1975,Odd Man In,1975
2104,Jerry Lee Lewis,,,,,,,,,,,,,,,,,,,1,,,,,,,,,,,,,,,,January,,,,,,,,,,,,,,,,,18,,Mercury,1/1/1976,Country Class,1976
2105,Jerry Lee Lewis,,,,,,,,,,,,,,,,,,,1,,,,,,,,,,,,,,,,January,,,,,,,,,,,,,,,,,21,,Mercury,1/1/1977,Country Memories,1977
2106,Jerry Lee Lewis,,,,,,,,,,,,,,,,,,,1,,,,,,,,,,,,,,,,January,,,,,,,,,,,,,,,,,40,,Mercury,1/1/1979,Jerry Lee Keeps Rockin',1979
2107,Jerry Lee Lewis,,,,,,,,,,,,,,,,,,,1,,,,,,,,,,,,,,,,January,,,,,,,,,,,,,,,,186,23,,Elektra,1/1/1979,Jerry Lee Lewis,1979
2108,Jerry Lee Lewis,,,,,,,,,,,,,,,,,,,1,,,,,,,,,,,,,,,,January,,,,,,,,,,,,,,,,,32,,Elektra,1/1/1980,When Two Worlds Collide,1980
2109,Jerry Lee Lewis,,,,,,,,,,,,,,,,,,,1,,,,,,,,,,,,,,,,January,,,,,,,,,,,,,,,,,35,,Elektra,1/1/1980,Killer Country,1980
2110,Jerry Lee Lewis,,,,,,,,,,,,,,,,,,,1,,,,,,,,,,,,,,,,January,,,,,,,,,,,,,,,,,62,,MCA,1/1/1982,My Fingers Do the Talkin',1982
2111,Jerry Lee Lewis,,,,,,,,,,,,,,,,,,,1,,,,,,,,,,,,,,,,January,,,,,,,,,,,,,,,,,,,MCA,1/1/1984,I Am What I Am,1984
2112,Jerry Lee Lewis,,,,,,,,,,,,,,,,,,,1,,,,,,,,,,,,,,,,January,,,,,,,,,,,,,,,,31,,,Sire,1/1/1995,Young Blood,1995
2113,Jerry Lee Lewis,,,,,,,,,,,,,,,,,,,1,,,,,,,,,,,,,,,,January,46,,34,,,,,,,,,,,,,26,4,,Artists First,1/1/2006,Last Man StandingA (duets album),2006
2114,Jerry Lee Lewis,,,,,,,,,,,,,,,,,,,1,,,,,,,,,,,,,,,,January,,,30,,,,,,,,,,,,,30,,,Verve,1/1/2010,Mean Old Man (duets album),2010
2115,Jerry Lee Lewis,,,,,,,,,,,,,,,,,,,1,,,,,,,,,,,,,,,,January,,,,,,,,,,,,,,,,140,27,,Vanguard,1/1/2014,Rock & Roll TimeB,2014
2116,The Jimi Hendrix Experience,,,,,,,BPI,Gold,,,,,RIAA,Platinum,,,,,1,,,,,,,,,,,,,,,,January,,,,,,,,,,,,,,,2,5,,,Reprise,1/1/1967,Are You Experienced,1967
2117,The Jimi Hendrix Experience,,,,,,,BPI,Gold,,,,,RIAA,Platinum,,,,,1,,,,,,,,,,,,,,,,January,,,,,,,,,,,,,,,5,3,,,Reprise,1/1/1967,Axis: Bold as Love,1967
2118,The Jimi Hendrix Experience,,,,,,,BPI,Gold,,,,,RIAA,Platinum,,,,,1,,,,,,,,,,,,,,,,January,,,,,,,,,,,,,,,6,1,,,Reprise,1/1/1968,Electric Ladyland,1968
2119,Jimmy Cliff,,,,,,,,,,,,,,,,,,,1,,,,,,,,,,,,,,,,January,,,,,,,,,,,,,,,,,,,,1/1/1967,Hard Road to Travel,1967
2120,Jimmy Cliff,,,,,,,,,,,,,,,,,,,1,,,,,,,,,,,,,,,,January,,,,,,,,,,,,,,,,,,,,1/1/1968,Jimmy Cliff in Brazil,1968
2121,Jimmy Cliff,,,,,,,,,,,,,,,,,,,1,,,,,,,,,,,,,,,,January,,,,,,,,,,,,,,,,,,,Trojan A&M,1/1/1969,Jimmy Cliff,1969
2122,Jimmy Cliff,,,,,,,,,,,,,,,,,,,1,,,,,,,,,,,,,,,,January,,,,,,,,,,,,,,,,,,,,1/1/1971,Wild World,1971
2123,Jimmy Cliff,,,,,,,,,,,,,,,,,,,1,,,,,,,,,,,,,,,,January,,,,,,,,,,,,,,,,,,,,1/1/1971,Goodbye Yesterday,1971
2124,Jimmy Cliff,,,,,,,,,,,,,,,,,,,1,,,,,,,,,,,,,,,,January,,,,,,,,,,,,,,,,,,,Island,1/1/1971,Another Cycle,1971
2125,Jimmy Cliff,,,,,,,,,,,,,,,,,,,1,,,,,,,,,,,,,,,,January,,,,,,,,,,,,,5,,,140,,,Island,1/1/1972,The Harder They Come,1972
2126,Jimmy Cliff,,,,,,,,,,,,,,,,,,,1,,,,,,,,,,,,,,,,January,,,,,,,,,,,,,,,,,,,,1/1/1973,Unlimited,1973
2127,Jimmy Cliff,,,,,,,,,,,,,,,,,,,1,,,,,,,,,,,,,,,,January,,,,,,,,,,,,,,,,,,,,1/1/1973,Struggling Man,1973
2128,Jimmy Cliff,,,,,,,,,,,,,,,,,,,1,,,,,,,,,,,,,,,,January,,,,,,,,,,,,,,,,,,,,1/1/1974,Music Maker,1974
2129,Jimmy Cliff,,,,,,,,,,,,,,,,,,,1,,,,,,,,,,,,,,,,January,,,,,,,,,,,,,,,,,,,,1/1/1975,Brave Warrior,1975
2130,Jimmy Cliff,,,,,,,,,,,,,,,,,,,1,,,,,,,,,,,,,,,,January,,,,,,,,,,,,,,,,195,,,,1/1/1975,Follow My Mind,1975
2131,Jimmy Cliff,,,,,,,,,,,,,,,,,,,1,,,,,,,,,,,,,,,,January,,,,,,,,,,,,,,,,,,,Warner Bros.,1/1/1978,Give Thankx,1978
2132,Jimmy Cliff,,,,,,,,,,,,,,,,,,,1,,,,,,,,,,,,,,,,January,,,,,,,,,,,,,,,,,,,,1/1/1980,I Am the Living,1980
2133,Jimmy Cliff,,,,,,,,,,,,,,,,,,,1,,,,,,,,,,,,,,,,January,,,,,,,,,,,,,,,,,,,,1/1/1981,Give the People What They Want,1981
2134,Jimmy Cliff,,,,,,,,,,,,,,,,,,,1,,,,,,,,,,,,,,,,January,,,,,,,,,29,,,,,,,186,,,Columbia,1/1/1982,Special,1982
2135,Jimmy Cliff,,,,,,,,,,,,,,,,SNEP,Gold,,1,,,,,,,,,,,,,,,,January,,,,17,,,,,29,,25,,,,,,,,Columbia,1/1/1983,The Power and the Glory,1983
2136,Jimmy Cliff,,,,,,,,,,,,,,,,,,,1,,,,,,,,,,,,,,,,January,,,,,,,,,,,,,,,,,,,CBS Records,1/1/1985,Cliff Hanger,1985
2137,Jimmy Cliff,,,,,,,,,,,,,,,,,,,1,,,,,,,,,,,,,,,,January,,,,,,,,,,,,,,,,,,,,1/1/1986,Club Paradise,1986
2138,Jimmy Cliff,,,,,,,,,,,,,,,,,,,1,,,,,,,,,,,,,,,,January,,,,,,,,,,,,,,,,,,,Columbia,1/1/1987,Hanging Fire,1987
2139,Jimmy Cliff,,,,,,,,,,,,,,,,,,,1,,,,,,,,,,,,,,,,January,,,,,,,,,,,,,,,,,,,,1/1/1987,Shout for Freedom,1987
2140,Jimmy Cliff,,,,,,,,,,,,,,,,,,,1,,,,,,,,,,,,,,,,January,,,,,,,,,,,,,,,,,,,,1/1/1989,Images,1989
2141,Jimmy Cliff,,,,,,,,,,,,,,,,,,,1,,,,,,,,,,,,,,,,January,,,,,,,,,,,,,,,,,,,,1/1/1989,Save Our Planet Earth,1989
2142,Jimmy Cliff,,,,,,,,,,,,,,,,,,,1,,,,,,,,,,,,,,,,January,,,,,,,,,,,,,,,,,,,,1/1/1992,Breakout,1992
2143,Jimmy Cliff,,,,,,,,,,,,,,,,SNEP,Gold,,1,,,,,,,,,,,,,,,,January,,,,8,,,,,,,,,,,,,,,,1/1/1996,Higher & Higher,1996
2144,Jimmy Cliff,,,,,,,,,,,,,,,,,,,1,,,,,,,,,,,,,,,,January,,,,,,,,,,,,,,,,,,,,1/1/1998,Journey of a Lifetime,1998
2145,Jimmy Cliff,,,,,,,,,,,,,,,,,,,1,,,,,,,,,,,,,,,,January,,,,,,,,,,,,,,,,,,,Eureka,1/1/1999,Humanitarian,1999
2146,Jimmy Cliff,,,,,,,,,,,,,,,,,,,1,,,,,,,,,,,,,,,,January,,,,,,,,,,,,,,,,,,,,1/1/2002,Fantastic Plastic People,2002
2147,Jimmy Cliff,,,,,,,,,,,,,,,,,,,1,,,,,,,,,,,,,,,,January,,,,,,,,,,,,,,57,,,,,,1/1/2002,We All Are One: The Best of Jimmy Cliff,2002
2148,Jimmy Cliff,,,,,,,,,,,,,,,,,,,1,,,,,,,,,,,,,,,,January,,,,139,,,,,,,,,,,,,,,,1/1/2004,Black Magic,2004
2149,Jimmy Cliff,,,,,,,,,,,,,,,,,,,1,,,,,,,,,,,,,,,,January,,,,,,,,,,,,,,,,,,,,1/1/2011,Sacred Fire EP,2011
2150,Jimmy Cliff,,,,,,,,,,,,,,,,,,,1,,,,,,,,,,,,,,,,January,,,,,,,,,,,,,,71,83,76,,,Universal/Sunpower/Hip-O,1/1/2012,Rebirth,2012
2151,Jimmy Cliff,,,,,,,,,,,,,,,,,,,1,,,,,,,,,,,,,,,,January,,,,,,,,,,,,,,,,,,,,1/1/2022,Refugees,2022
2152,Jimmy Reed,,,,,,,,,,,,,,,,,,,1,,,,,,,,,,,,,,,,January,,,,,,,,,,,,,,,,,,,Vee-Jay,1/1/1958,I'm Jimmy Reed,1958
2153,Jimmy Reed,,,,,,,,,,,,,,,,,,,1,,,,,,,,,,,,,,,,January,,,,,,,,,,,,,,,,,,,,1/1/1959,Rockin' with Reed,1959
2154,Jimmy Reed,,,,,,,,,,,,,,,,,,,1,,,,,,,,,,,,,,,,January,,,,,,,,,,,,,,,,,,,,1/1/1960,Found Love,1960
2155,Jimmy Reed,,,,,,,,,,,,,,,,,,,1,,,,,,,,,,,,,,,,January,,,,,,,,,,,,,,,,,,,,1/1/1960,Now Appearing,1960
2156,Jimmy Reed,,,,,,,,,,,,,,,,,,,1,,,,,,,,,,,,,,,,January,,,,,,,,,,,,,,,,,,,Vee-Jay,1/1/1961,Jimmy Reed at Carnegie Hall,1961
2157,Jimmy Reed,,,,,,,,,,,,,,,,,,,1,,,,,,,,,,,,,,,,January,,,,,,,,,,,,,,,,,,,,1/1/1962,The Best of Jimmy Reed(compilation),1962
2158,Jimmy Reed,,,,,,,,,,,,,,,,,,,1,,,,,,,,,,,,,,,,January,,,,,,,,,,,,,,,,,,,,1/1/1962,Just Jimmy Reed,1962
2159,Jimmy Reed,,,,,,,,,,,,,,,,,,,1,,,,,,,,,,,,,,,,January,,,,,,,,,,,,,,,,,,,,1/1/1963,T'ain't No Big Thing but He Is...Jimmy Reed,1963
2160,Jimmy Reed,,,,,,,,,,,,,,,,,,,1,,,,,,,,,,,,,,,,January,,,,,,,,,,,,,,,,,,,,1/1/1963,Jimmy Reed Sings the Best of the Blues,1963
2161,Jimmy Reed,,,,,,,,,,,,,,,,,,,1,,,,,,,,,,,,,,,,January,,,,,,,,,,,,,,,,,,,Vee-Jay,1/1/1963,Jimmy Reed Plays 12 String Guitar Blues,1963
2162,Jimmy Reed,,,,,,,,,,,,,,,,,,,1,,,,,,,,,,,,,,,,January,,,,,,,,,,,,,,,,,,,,1/1/1964,Jimmy Reed with More of the Best,1964
2163,Jimmy Reed,,,,,,,,,,,,,,,,,,,1,,,,,,,,,,,,,,,,January,,,,,,,,,,,,,,,,,,,,1/1/1964,Jimmy Reed at Soul City(compilation),1964
2164,Jimmy Reed,,,,,,,,,,,,,,,,,,,1,,,,,,,,,,,,,,,,January,,,,,,,,,,,,,,,,,,,,1/1/1965,The Legend - The Man(compilation),1965
2165,Jimmy Reed,,,,,,,,,,,,,,,,,,,1,,,,,,,,,,,,,,,,January,,,,,,,,,,,,,,,,,,,BluesWay,1/1/1967,The New Jimmy Reed Album,1967
2166,Jimmy Reed,,,,,,,,,,,,,,,,,,,1,,,,,,,,,,,,,,,,January,,,,,,,,,,,,,,,,,,,BluesWay,1/1/1967,Soulin',1967
2167,Jimmy Reed,,,,,,,,,,,,,,,,,,,1,,,,,,,,,,,,,,,,January,,,,,,,,,,,,,,,,,,,BluesWay,1/1/1968,Big Boss Man,1968
2168,Jimmy Reed,,,,,,,,,,,,,,,,,,,1,,,,,,,,,,,,,,,,January,,,,,,,,,,,,,,,,,,,BluesWay,1/1/1969,Down in Virginia,1969
2169,Jimmy Reed,,,,,,,,,,,,,,,,,,,1,,,,,,,,,,,,,,,,January,,,,,,,,,,,,,,,,,,,,1/1/1970,As Jimmy Is(AKAHard Walking Hanna),1970
2170,Jimmy Reed,,,,,,,,,,,,,,,,,,,1,,,,,,,,,,,,,,,,January,,,,,,,,,,,,,,,,,,,,1/1/1971,Let the Bossman Speak!(AKACold Chills),1971
2171,Jimmy Reed,,,,,,,,,,,,,,,,,,,1,,,,,,,,,,,,,,,,January,,,,,,,,,,,,,,,,,,,,1/1/1972,History of Jimmy Reed (compilation),1972
2172,Jimmy Reed,,,,,,,,,,,,,,,,,,,1,,,,,,,,,,,,,,,,January,,,,,,,,,,,,,,,,,,,BluesWay,1/1/1973,I Ain't from Chicago,1973
2173,Jimmy Reed,,,,,,,,,,,,,,,,,,,1,,,,,,,,,,,,,,,,January,,,,,,,,,,,,,,,,,,,,1/1/1974,Blues is My Business,1974
2174,Jimmy Reed,,,,,,,,,,,,,,,,,,,1,,,,,,,,,,,,,,,,January,,,,,,,,,,,,,,,,,,,,1/1/1976,Jimmy Reed is Back(compilation),1976
2175,Jimmy Reed,,,,,,,,,,,,,,,,,,,1,,,,,,,,,,,,,,,,January,,,,,,,,,,,,,,,,,,,Charly,1/1/1980,Upside Your Head,1980
2176,Jimmy Reed,,,,,,,,,,,,,,,,,,,1,,,,,,,,,,,,,,,,January,,,,,,,,,,,,,,,,,,,Charly,1/1/1981,High and Lonesome,1981
2177,Jimmy Reed,,,,,,,,,,,,,,,,,,,1,,,,,,,,,,,,,,,,January,,,,,,,,,,,,,,,,,,,Charly,1/1/1981,Got Me Dizz,1981
2178,Jimmy Reed,,,,,,,,,,,,,,,,,,,1,,,,,,,,,,,,,,,,January,,,,,,,,,,,,,,,,,,,Charley,1/1/1985,I'm the Man Down There,1985
2179,Jimmy Reed,,,,,,,,,,,,,,,,,,,1,,,,,,,,,,,,,,,,January,,,,,,,,,,,,,,,,,,,Vee Jay,1/1/1993,"Speak the Lyrics to Me, Mama Reed",1993
2180,Joan Baez,,,,,,,BPI,Silver,,,,,RIAA,Gold,,,,,1,,,,,,,,,,,,,,,,October,,,,,38,,,,,,,,,,9,20,,,Vanguard,10/1/1960,Joan Baez,1960
2181,Joan Baez,,,,,,,,,,,,,RIAA,Gold,,,,,1,,,,,,,,,,,,,,,,September,,,,,,,,,,,,,,,,21,,,Vanguard,9/1/1961,"Joan Baez, Vol. 2",1961
2182,Joan Baez,,,,,,,,,,,,,,,,,,,1,,,,,,,,,,,,,,,,October,,,,,,,,,,,,,,,3,12,,,Vanguard,10/1/1964,Joan Baez/5,1964
2183,Joan Baez,,,,,,,,,,,,,,,,,,,1,,,,,,,,,,,,,,,,October,,,,,30,,,,,,,,,,5,10,,,Vanguard,10/1/1965,"Farewell, Angelina",1965
2184,Joan Baez,,,,,,,,,,,,,,,,,,,1,,,,,,,,,,,,,,,,October,,,,,,,,,,,,,,,,,,,Vanguard,10/1/1966,Noà«l,1966
2185,Joan Baez,,,,,,,,,,,,,,,,,,,1,,,,,,,,,,,,,,,,August,,,,,,,,,,16,,,,,,38,,,Vanguard,8/1/1967,Joan,1967
2186,Joan Baez,,,,,,,,,,,,,,,,,,,1,,,,,,,,,,,,,,,,June,,,,,,,,,,,,,,,,84,,,Vanguard,6/1/1968,Baptism: A Journey Through Our Time,1968
2187,Joan Baez,,,,,,,,,,,,,RIAA,Gold,,,,,1,,,,,,,,,,,,,,,,December,,,,,,,,,,,,,,,,30,,,Vanguard,12/1/1968,Any Day Now,1968
2188,Joan Baez,,,,,,,,,,,,,,,,,,,1,,,,,,,,,,,,,,,,June,,,33,,,,,,,,,,,,,36,,,Vanguard,6/1/1969,David's Album,1969
2189,Joan Baez,,,,,,,,,,,,,,,,,,,1,,,,,,,,,,,,,,,,March,,,35,,,,,,,,,,,,,80,,,Vanguard,3/1/1970,One Day at a Time,1970
2190,Joan Baez,,,,,,,,,,,,,RIAA,Gold,,,,,1,,,,,,,,,,,,,,,,August,36,,12,,,,,,,26,,,,,,11,,,Vanguard,8/1/1971,Blessed Are...,1971
2191,Joan Baez,,,,,,,,,,,,,,,,,,,1,,,,,,,,,,,,,,,,April,,,41,,,,,,,,,,,,,48,,,A&M,4/1/1972,Come from the Shadows,1972
2192,Joan Baez,,,,,,,,,,,,,,,,,,,1,,,,,,,,,,,,,,,,March,,,,,,,,,,,,,,,,138,,,A&M,3/1/1973,"Where Are You Now, My Son?",1973
2193,Joan Baez,,,,,,,,,,,,,,,,,,,1,,,,,,,,,,,,,,,,July,,,,,,,,,,,,,,,,,,,A&M,7/1/1974,Gracias a la Vida,1974
2194,Joan Baez,,,,,,,,,,,,,RIAA,Gold,,,,,1,,,,,,,,,,,,,,,,April,62,,28,,,,,,,,,,,,,11,,,A&M,4/1/1975,Diamonds & Rust,1975
2195,Joan Baez,,,,,,,,,,,,,,,,,,,1,,,,,,,,,,,,,,,,November,,,55,,,,,,,,,,,,,62,,,A&M,11/1/1976,Gulf Winds,1976
2196,Joan Baez,,,,,,,,,,,,,,,,,,,1,,,,,,,,,,,,,,,,July,,,69,,,,,,,,,,,,,54,,,CBS,7/1/1977,Blowin' Away,1977
2197,Joan Baez,,,,,,,,,,,,,,,,,,,1,,,,,,,,,,,,,,,,April,,,,,,,,,,,,,,,,113,,,CBS,4/1/1979,Honest Lullaby,1979
2198,Joan Baez,,,,,,,,,,,,,,,,,,,1,,,,,,,,,,,,,,,,July,,,,,,,,,,,,,,,,,,,Gold Castle,7/1/1987,Recently,1987
2199,Joan Baez,,,,,,,,,,,,,,,,,,,1,,,,,,,,,,,,,,,,November,,,,,,,,,,,,,,,,,,,Gold Castle,11/1/1989,Speaking of Dreams,1989
2200,Joan Baez,,,,,,,,,,,,,,,,,,,1,,,,,,,,,,,,,,,,October,,,,,,,,,,,,,,,,,,,Virgin,10/1/1992,Play Me Backwards,1992
2201,Joan Baez,,,,,,,,,,,,,,,,,,,23,,,,,,,,,,,,,,,,September,,,,,,,,,,,,,,,,,,,Guardian,9/23/1997,Gone from Danger,1997
2202,Joan Baez,,,,,,,,,,,,,,,,,,,9,,,,,,,,,,,,,,,,September,,,,,,,,,,,,,,,,,,,Koch,9/9/2003,Dark Chords on a Big Guitar,2003
2203,Joan Baez,,,,,,,,,,,,,,,,,,,9,,,,,,,,,,,,,,,,September,,,,,95,,,,,,,,,,100,128,,,Proper,9/9/2008,Day After Tomorrow,2008
2204,Joan Baez,,,,,,,,,,,,,,,,,,,1,,,,,,,,,,,,,,,,March,,,,,8,,,,,,,,,,47,88,,,Proper,3/1/2018,Whistle Down the Wind,2018
2205,Joan Jett & the Blackhearts,,,,,,,,,,,,,,,,,,,17,,,,,,,,,,,,,,,,May,45,,,,,,,,,,,,,,,51,,,Blackheart,5/17/1980,Bad Reputation,1980
2206,Joan Jett & the Blackhearts,ARIA,Platinum,,,,,,,,MC,Platinum,,RIAA,Platinum,,,,,23,,,,,,,,,,,,,,,,November,10,14,,,,,,,,38,1,,4,,25,2,,,Boardwalk,11/23/1981,I Love Rock 'n Roll,1981
2207,Joan Jett & the Blackhearts,,,,,,,,,,,,,RIAA,Gold,,,,,1,,,,,,,,,,,,,,,,January,85,,,,,,,,,19,,,29,,,20,,,Blackheart/MCA,1/1/1983,Album,1983
2208,Joan Jett & the Blackhearts,,,,,,,,,,,,,,,,,,,1,,,,,,,,,,,,,,,,October,,,,,,,,,,,,,,,,67,,,Blackheart/MCA,10/1/1984,Glorious Results of a Misspent Youth,1984
2209,Joan Jett & the Blackhearts,,,,,,,,,,,,,,,,,,,9,,,,,,,,,,,,,,,,December,,,,,,,,,,,,,,,,105,,,Blackheart/CBS,12/9/1986,Good Music,1986
2210,Joan Jett & the Blackhearts,,,,,,,,,,MC,Gold,,RIAA,Platinum,,,,,23,,,,,,,,,,,,,,,,May,,,,,,,,,,,31,,16,,,19,,,Blackheart/CBS,5/23/1988,Up Your Alley,1988
2211,Joan Jett & the Blackhearts,,,,,,,,,,,,,,,,,,,16,,,,,,,,,,,,,,,,January,88,,,,,,,,,,16,,22,,,36,,,Blackheart/CBS,1/16/1990,The Hit List,1990
2212,Joan Jett & the Blackhearts,,,,,,,,,,,,,,,,,,,20,,,,,,,,,,,,,,,,August,,,,,,,,,,,,,,,,,,,Blackheart/CBS,8/20/1991,Notorious,1991
2213,Joan Jett & the Blackhearts,,,,,,,,,,,,,,,,,,,14,,,,,,,,,,,,,,,,June,142,,,,,,,,,,,,,,,,,,Warner Bros.,6/14/1994,Pure and Simple,1994
2214,Joan Jett & the Blackhearts,,,,,,,,,,,,,,,,,,,27,,,,,,,,,,,,,,,,April,,,,,,,,,,,,,,,,,,,Blackheart,4/27/2004,Naked,2004
2215,Joan Jett & the Blackhearts,,,,,,,,,,,,,,,,,,,13,,,,,,,,,,,,,,,,June,,,,,,,,,,,,,,,56,,,,Blackheart,6/13/2006,Sinner,2006
2216,Joan Jett & the Blackhearts,,,,,,,,,,,,,,,,,,,30,,,,,,,,,,,,,,,,September,102,,,,,,,,,,,,,,,47,,,Blackheart,9/30/2013,Unvarnished,2013
2217,Joe Cocker,,,,,,,,,,,,,RIAA,Gold,,,,,1,,,,,,,,,,,,,,,,January,,,40,,,,,,,,,,,,29,35,,,A&M,1/1/1969,With a Little Help from My Friends,1969
2218,Joe Cocker,,,,,,,,,,,,,RIAA,Gold,,,,,1,,,,,,,,,,,,,,,,January,,,10,,,,,,,,,,,,29,11,,,A&M,1/1/1969,Joe Cocker!,1969
2219,Joe Cocker,,,,,,,,,,,,,,,,,,,1,,,,,,,,,,,,,,,,January,11,,28,8,50,,4,,,,,,,,,30,,,A&M,1/1/1972,Joe Cocker (a.k.a. Something to Say),1972
2220,Joe Cocker,,,,,,,,,,,,,,,,,,,1,,,,,,,,,,,,,,,,January,11,,9,,,,12,,,,,,,,,11,,,A&M,1/1/1974,I Can Stand a Little Rain,1974
2221,Joe Cocker,,,,,,,,,,,,,,,,,,,1,,,,,,,,,,,,,,,,January,39,,38,,,,,,,,,,,,,42,,,A&M,1/1/1975,Jamaica Say You Will,1975
2222,Joe Cocker,,,,,,,,,,,,,,,,,,,1,,,,,,,,,,,,,,,,January,35,,21,,,,,,,,,,,,,70,,,A&M,1/1/1976,Stingray,1976
2223,Joe Cocker,,,,,,,,,,,,,,,,,,,1,,,,,,,,,,,,,,,,January,12,,61,,,,,,47,,25,,,,,76,,,Asylum,1/1/1978,Luxury You Can Afford,1978
2224,Joe Cocker,,,,,,,,,,,,,,,,SNEP,Gold,,1,,,,,,,,,,,,,,,,January,14,,21,10,46,,,,15,,14,,,,,105,,,Island,1/1/1982,Sheffield Steel,1982
2225,Joe Cocker,,,,BMVI,Gold,,,,,,,,,,,,,,1,,,,,,,,,,,,,,,,January,17,,,,7,,,,8,,30,,20,,100,133,,,Capitol,1/1/1984,Civilized Man,1984
2226,Joe Cocker,ARIA,Platinum,,,,,,,,,,,,,,,,,1,,,,,,,,,,,,,,,,January,9,,75,,4,,2,,20,,48,,20,,,50,,,EMI,1/1/1986,Cocker,1986
2227,Joe Cocker,,,,,,,,,,,,,,,,SNEP,Gold,,1,,,,,,,,,,,,,,,,January,24,,40,21,2,,14,,14,,32,,15,,,89,,,Capitol,1/1/1987,Unchain My Heart,1987
2228,Joe Cocker,,,,,,,,,,,,,,,,,,,1,,,,,,,,,,,,,,,,January,34,,60,,2,,4,,15,,20,,21,,,52,,,Capitol,1/1/1989,One Night of Sin,1989
2229,Joe Cocker,ARIA,Gold,,,,,BPI,Silver,,,,,,,,SNEP,Gold,,1,,,,,,,,,,,,,,,,January,19,,60,19,6,,9,,18,,3,,27,,25,111,,,Capitol,1/1/1991,Night Calls,1991
2230,Joe Cocker,,,,,,,BPI,Gold,,,,,,,,SNEP,Gold,,1,,,,,,,,,,,,,,,,January,23,,,6,3,,20,,2,,15,,7,,9,,,,550 Music Capitol,1/1/1994,Have a Little Faith,1994
2231,Joe Cocker,,,,,,,,,,,,,,,,SNEP,Gold,,1,,,,,,,,,,,,,,,,January,69,,,10,5,,,,15,,29,,35,,49,,,,550 Music,1/1/1996,Organic,1996
2232,Joe Cocker,ARIA,Platinum,,,,,,,,,,,,,,SNEP,Platinum,,1,,,,,,,,,,,,,,,,January,90,,,5,3,,,,2,,27,,37,,94,,,,CMC International,1/1/1997,Across from Midnight,1997
2233,Joe Cocker,,,,,,,,,,,,,,,,SNEP,Gold,,1,,,,,,,,,,,,,,,,January,,,,12,3,,,,30,,,,50,,63,,,,Eagle,1/1/1999,No Ordinary World,1999
2234,Joe Cocker,,,,,,,,,,,,,,,,SNEP,Gold,,1,,,,,,,,,,,,,,,,January,84,,,13,3,,15,,34,,,,,,51,,,,EMI,1/1/2002,Respect Yourself,2002
2235,Joe Cocker,,,,,,,,,,,,,,,,,,,1,,,,,,,,,,,,,,,,January,65,,,20,14,,26,,39,,32,,,,,61,,,"EMI, Parlophone",1/1/2004,Heart & Soul,2004
2236,Joe Cocker,,,,,,,BPI,Silver,,,,,,,,,,,1,,,,,,,,,,,,,,,,January,141,,,29,8,,76,,38,,,,,,9,,,,EMI,1/1/2007,Hymn for My Soul (US - 2008),2007
2237,Joe Cocker,,,,,,,,,,,,,,,,,,,1,,,,,,,,,,,,,,,,January,71,,,34,1,,34,,41,,,,52,,61,,,,Savoy Label Group,1/1/2010,Hard Knock,2010
2238,Joe Cocker,,,,,,,,,,,,,,,,,,,1,,,,,,,,,,,,,,,,January,109,,,128,5,,,,32,,,,,,17,,,,Columbia,1/1/2012,Fire It Up,2012
2239,John Lee Hooker,,,,,,,,,,,,,,,,,,,1,,,,,,,,,,,,,,,,January,,,,,,,,,,,,,,,34,,,,Chess,1/1/1967,House of the Blues,1967
2240,John Lee Hooker,,,,,,,,,,,,,,,,,,,1,,,,,,,,,,,,,,,,January,,,,,,,,,,,,,,,,73,,,Liberty,1/1/1971,Hooker 'n Heat,1971
2241,John Lee Hooker,,,,,,,,,,,,,,,,,,,1,,,,,,,,,,,,,,,,January,,,,,,,,,,,,,,,,126,,,ABC,1/1/1971,Endless Boogie,1971
2242,John Lee Hooker,,,,,,,,,,,,,,,,,,,1,,,,,,,,,,,,,,,,January,,,,,,,,,,,,,,,,130,,,ABC,1/1/1972,Never Get Out of These Blues Alive,1972
2243,John Lee Hooker,,,,,,,,,,,,,,,,,,,1,,,,,,,,,,,,,,,,January,,,,,17,,,,,,6,,38,15,3,62,,,Chameloen,1/1/1989,The Healer,1989
2244,John Lee Hooker,,,,,,,,,,,,,,,,,,,1,,,,,,,,,,,,,,,,January,,25,,,13,,,,,,9,,16,10,3,101,,,Point Blank,1/1/1991,Mr. Lucky,1991
2245,John Lee Hooker,,,,,,,,,,,,,,,,,,,1,,,,,,,,,,,,,,,,January,,,,,35,,,,,,37,,41,20,15,,,,Point Blank,1/1/1992,Boom Boom,1992
2246,John Lee Hooker,,,,,,,,,,,,,,,,,,,1,,,,,,,,,,,,,,,,January,,26,,,27,,,,,,38,,18,13,23,136,,,Point Blank,1/1/1995,Chill Out,1995
2247,John Lee Hooker,,,,,,,,,,,,,,,,,,,1,,,,,,,,,,,,,,,,January,,48,,,31,,,,,,18,,35,39,63,163,,,Point Blank,1/1/1997,Don't Look Back,1997
2248,John Lee Hooker,,,,,,,,,,,,,,,,,,,1,,,,,,,,,,,,,,,,January,,,,,31,,,,,,15,,54,44,,,,,,1/1/1998,The Best of Friends,1998
2249,John Lee Hooker,,,,,,,,,,,,,,,,,,,1,,,,,,,,,,,,,,,,January,,,,,,,,,,,,,,,,,,,,1/1/2002,Winning Combinations: John Lee Hooker & Muddy Waters,2002
2250,John Lee Hooker,,,,,,,,,,,,,,,,,,,1,,,,,,,,,,,,,,,,January,,,,,,,,,,,,,,,,,,,,1/1/2003,Face to Face,2003
2251,John Lee Hooker,,,,,,,,,,,,,,,,,,,1,,,,,,,,,,,,,,,,January,,,,,,,,,,,,,,,,,,,,1/1/2007,Hooker (box set),2007
2252,John Lee Hooker,,,,,,,,,,,,,,,,,,,1,,,,,,,,,,,,,,,,January,,,,,,,,,,,,,,,,,,,,1/1/2015,Two Sides of John Lee Hooker,2015
2253,John Lee Hooker,,,,,,,,,,,,,,,,,,,1,,,,,,,,,,,,,,,,January,,,,,,,,,,,,,,,,,,,,1/1/2018,Early Recordings: Detroit and Beyond,2018
2254,John Lee Hooker,,,,,,,,,,,,,,,,,,,1,,,,,,,,,,,,,,,,January,,,,,,,,,,,,,,,,,,,,1/1/2020,Live at Montreux: 1983 & 1990,2020
2255,John Lennon,,,,,,,,,,,,,,,,,,,29,,,,,,,,,,,,,,,,November,,,,,,,,,,,,,,,,124,,,Apple,11/29/1968,Unfinished Music No. 1: Two Virgins (with Yoko Ono),1968
2256,John Lennon,,,,,,,,,,,,,,,,,,,9,,,,,,,,,,,,,,,,May,,,,,,,,,,,,,,,,174,,,Zapple,5/9/1969,Unfinished Music No. 2: Life with the Lions (with Yoko Ono),1969
2257,John Lennon,,,,,,,,,,,,,,,,,,,7,,,,,,,,,,,,,,,,November,,,,,,,,,,,,,,,,178,,,Apple,11/7/1969,Wedding Album (with Yoko Ono),1969
2258,John Lennon,,,,,,,BPI,Silver,,,,,RIAA,Gold,,,,,11,,,,,,,,,,,,,,,,December,3,,2,,7,,8,5,1,4,,,,,8,6,,,Apple,12/11/1970,John Lennon/Plastic Ono Band,1970
2259,John Lennon,,,,,,,BPI,Gold,,,,,RIAA,Platinum,,,,,9,,,,,,,,,,,,,,,,September,1,,2,5,10,,1,1,1,1,,,,,1,1,,,Apple,9/9/1971,Imagine,1971
2260,John Lennon,,,,,,,,,,,,,,,,,,,12,,,,,,,,,,,,,,,,June,10,,77,,,,6,15,,2,,,,,11,48,,,Apple,6/12/1972,Some Time in New York City (with Yoko Ono),1972
2261,John Lennon,,,,,,,BPI,Gold,,,,,RIAA,Gold,,,,,29,,,,,,,,,,,,,,,,October,8,,28,,6,,14,6,7,7,,,,,13,9,,,Apple,10/29/1973,Mind Games,1973
2262,John Lennon,,,,,,,BPI,Silver,,,,,RIAA,Gold,,,,,29,,,,,,,,,,,,,,,,September,4,,1,,41,,11,14,16,3,,,,,6,1,,,Apple,9/29/1974,Walls and Bridges,1974
2263,John Lennon,,,,,,,BPI,Gold,,,,,RIAA,Gold,,,,,17,,,,,,,,,,,,,,,,February,5,,5,3,37,,12,15,,9,,,,,6,6,,,Apple,2/17/1975,Rock 'n' Roll,1975
2264,John Lennon,ARIA,Platinum,,,,,BPI,Platinum,,,,,RIAA,Platinum,,SNEP,Platinum,,17,,,,,,,,,,,,,,,,November,1,,1,2,2,,6,2,4,1,,,,,1,1,,,Geffen,11/17/1980,Double Fantasy (with Yoko Ono),1980
2265,John Lennon,,,,,,,BPI,Gold,,MC,Gold,,RIAA,Gold,,,,,27,,,,,,,,,,,,,,,,January,4,,15,10,20,,16,3,4,7,,,,,3,11,,,Polydor,1/27/1984,Milk and Honey (posthumous; with Yoko Ono),1984
2266,John Mellencamp,,,,,,,,,,,,,,,,,,,1,,,,,,,,,,,,,,,,October,,,,,,,,,,,,,,,,,,,MCA,10/1/1976,Chestnut Street Incident,1976
2267,John Mellencamp,,,,,,,,,,,,,,,,,,,6,,,,,,,,,,,,,,,,March,19,,19,,,,,,,,,,,,,,,,Riva,3/6/1978,A Biography,1978
2268,John Mellencamp,,,,,,,,,,,,,RIAA,Gold,,,,,27,,,,,,,,,,,,,,,,July,77,,77,,,,,,,,,,,,,64,,,Riva,7/27/1979,John Cougar,1979
2269,John Mellencamp,,,,,,,,,,,,,RIAA,Platinum,,,,,15,,,,,,,,,,,,,,,,September,,,,,,,,,,,,,,,,37,,,Riva,9/15/1980,Nothin' Matters and What If It Did,1980
2270,John Mellencamp,,,,,,,,,,MC,Platinum,,RIAA,Platinum,,,,,12,,,,,,,,,,,,,,,,April,18,,1,,,,,,,,,,30,,37,1,,,Riva,4/12/1982,American Fool,1982
2271,John Mellencamp,,,,,,,,,,,,,,,,,,,27,,,,,,,,,,,,,,,,January,,,,,,,,,,,,,,,,,,,MainMan,1/27/1983,The Kid Inside,1983
2272,John Mellencamp,,,,,,,,,,MC,Platinum,,RIAA,Platinum,,,,,23,,,,,,,,,,,,,,,,October,57,,9,,,,,,,,,,24,,92,9,,,Riva,10/23/1983,Uh-Huh,1983
2273,John Mellencamp,ARIA,Platinum,,,,,,,,MC,Platinum,,RIAA,Platinum,,,,,31,,,,,,,,,,,,,,,,July,2,,2,,,,,,,,14,,9,,,2,,,Riva,7/31/1985,Scarecrow,1985
2274,John Mellencamp,ARIA,Platinum,,,,,,,,MC,Platinum,,RIAA,Platinum,,,,,24,,,,,,,,,,,,,,,,August,2,,1,,41,,,,,16,3,,6,10,31,6,,,Mercury,8/24/1987,The Lonesome Jubilee,1987
2275,John Mellencamp,ARIA,Platinum,,,,,,,,MC,Platinum,,RIAA,Platinum,,,,,9,,,,,,,,,,,,,,,,May,1,,3,,27,,,,,12,6,,6,11,25,7,,,Mercury,5/9/1989,Big Daddy,1989
2276,John Mellencamp,ARIA,Platinum,,,,,,,,MC,Platinum,,RIAA,Platinum,,,,,8,,,,,,,,,,,,,,,,October,3,,8,,44,,,,,,40,,19,16,39,17,,,Mercury,10/8/1991,Whenever We Wanted,1991
2277,John Mellencamp,,,,,,,,,,MC,Platinum,,RIAA,Platinum,,,,,7,,,,,,,,,,,,,,,,September,7,,6,,48,,,,,,,,8,18,37,7,,,Mercury,9/7/1993,Human Wheels,1993
2278,John Mellencamp,,,,,,,,,,MC,Platinum,,RIAA,Platinum,,,,,21,,,,,,,,,,,,,,,,June,6,,17,,,,,,,,,,24,32,,13,,,Mercury,6/21/1994,Dance Naked,1994
2279,John Mellencamp,ARIA,Gold,,,,,,,,MC,Platinum,,RIAA,Platinum,,,,,10,,,,,,,,,,,,,,,,September,11,,11,,53,,,,,,36,,26,37,82,9,,,Mercury,9/10/1996,Mr. Happy Go Lucky,1996
2280,John Mellencamp,,,,,,,,,,,,,RIAA,Gold,,,,,6,,,,,,,,,,,,,,,,October,41,,37,,,,,,,,,,,48,108,41,,,Columbia,10/6/1998,John Mellencamp,1998
2281,John Mellencamp,,,,,,,,,,,,,,,,,,,17,,,,,,,,,,,,,,,,August,131,,,,,,,,,,,,,,,99,,,Mercury,8/17/1999,Rough Harvest,1999
2282,John Mellencamp,,,,,,,,,,,,,RIAA,Gold,,,,,16,,,,,,,,,,,,,,,,October,131,,,,99,,,,,,,,,,,15,,,Columbia,10/16/2001,Cuttin' Heads,2001
2283,John Mellencamp,,,,,,,,,,,,,,,,,,,3,,,,,,,,,,,,,,,,June,159,,,,,,,,,,,,,,,31,,,Columbia,6/3/2003,Trouble No More,2003
2284,John Mellencamp,,,,,,,,,,,,,,,,,,,23,,,,,,,,,,,,,,,,January,145,,,,,,,,,,,,,,,5,,,Universal South Records,1/23/2007,Freedom's Road,2007
2285,John Mellencamp,,,,,,,,,,,,,,,,,,,15,,,,,,,,,,,,,,,,July,21,,,,,,,,,,,,53,,162,7,,,Hear Music,7/15/2008,"Life, Death, Love and Freedom",2008
2286,John Mellencamp,,,,,,,,,,,,,,,,,,,17,,,,,,,,,,,,,,,,August,83,,,,62,,,,,29,,,33,83,138,10,,,Rounder,8/17/2010,No Better Than This,2010
2287,John Mellencamp,,,,,,,,,,,,,,,,,,,23,,,,,,,,,,,,,,,,September,,,,,84,,,,,,,,,58,169,18,,,Republic,9/23/2014,Plain Spoken,2014
2288,John Mellencamp,,,,,,,,,,,,,,,,,,,28,,,,,,,,,,,,,,,,April,,,,,52,,,,,,,,,28,78,11,,,Republic,4/28/2017,Sad Clowns & Hillbillies,2017
2289,John Mellencamp,,,,,,,,,,,,,,,,,,,7,,,,,,,,,,,,,,,,December,,,,,,,,,,,,,,70,,7,,,Republic,12/7/2018,Other People's Stuff,2018
2290,John Mellencamp,,,,,,,,,,,,,,,,,,,21,,,,,,,,,,,,,,,,January,,,,,,,,,,,,,,,,196,,,Republic,1/21/2022,Strictly a One-Eyed Jack,2022
2291,John Mellencamp,,,,,,,,,,,,,,,,,,,16,,,,,,,,,,,,,,,,June,,,,,,,,,,,,,,,,,,,Republic,6/16/2023,Orpheus Descending,2023
2292,Johnny Cash,,,,,,,,,,,,,,,,,,,14,,,,,,,,,,,,,,,,October,,,,,,,,,,,,,,,,,,,Sun,10/14/1957,Johnny Cash with His Hot and Blue Guitar!,1957
2293,Johnny Cash,,,,,,,,,,,,,,,,,,,3,,,,,,,,,,,,,,,,November,,,,,,,,,,,,,,,,19,,,Columbia,11/3/1958,The Fabulous Johnny Cash,1958
2294,Johnny Cash,,,,,,,,,,,,,,,,,,,2,,,,,,,,,,,,,,,,March,,,,,,,,,,,,,,,,,,,Columbia,3/2/1959,Hymns by Johnny Cash,1959
2295,Johnny Cash,,,,,,,,,,,,,,,,,,,6,,,,,,,,,,,,,,,,July,,,,,,,,,,,,,,,,,,,Columbia,7/6/1959,Songs of Our Soil,1959
2296,Johnny Cash,,,,,,,,,,,,,,,,,,,2,,,,,,,,,,,,,,,,May,,,,,,,,,,,,,,,,,,,Columbia,5/2/1960,"Now, There Was a Song!",1960
2297,Johnny Cash,,,,,,,,,,,,,,,,,,,1,,,,,,,,,,,,,,,,August,,,,,,,,,,,,,,,,,,,Columbia,8/1/1960,Ride This Train,1960
2298,Johnny Cash,,,,,,,,,,,,,,,,,,,2,,,,,,,,,,,,,,,,April,,,,,,,,,,,,,,,,,,,Columbia,4/2/1962,Hymns from the Heart,1962
2299,Johnny Cash,,,,,,,,,,,,,,,,,,,4,,,,,,,,,,,,,,,,June,,,,,,,,,,,,,,,,,,,Columbia,6/4/1962,The Sound of Johnny Cash,1962
2300,Johnny Cash,,,,,,,,,,,,,,,,,,,7,,,,,,,,,,,,,,,,January,,,,,,,,,,,,,,,,80,,,Columbia,1/7/1963,"Blood, Sweat and Tears",1963
2301,Johnny Cash,,,,,,,,,,,,,,,,,,,11,,,,,,,,,,,,,,,,November,,,,,,,,,,,,,,,,7,,,Columbia,11/11/1963,The Christmas Spirit,1963
2302,Johnny Cash,,,,,,,,,,,,,,,,,,,6,,,,,,,,,,,,,,,,April,,,,,,,,,,,,,,,,7,,,Columbia,4/6/1964,Keep on the Sunny Side (with the Carter Family),1964
2303,Johnny Cash,,,,,,,BPI,Silver,,,,,RIAA,Gold,,,,,22,,,,,,,,,,,,,,,,June,,,,,,,,,,,,,,,,53,1,,Columbia,6/22/1964,I Walk the Line,1964
2304,Johnny Cash,,,,,,,,,,,,,,,,,,,26,,,,,,,,,,,,,,,,October,,,,,,,,,,,,,,,,47,2,,Columbia,10/26/1964,Bitter Tears: Ballads of the American Indian,1964
2305,Johnny Cash,,,,,,,,,,,,,,,,,,,22,,,,,,,,,,,,,,,,February,,,,,,,,,,,,,,,,49,3,,Columbia,2/22/1965,Orange Blossom Special,1965
2306,Johnny Cash,,,,,,,,,,,,,,,,,,,2,,,,,,,,,,,,,,,,August,,,,,,,,,,,,,,,,,,,Columbia,8/2/1965,Johnny Cash Sings the Ballads of the True West,1965
2307,Johnny Cash,,,,,,,,,,,,,,,,,,,2,,,,,,,,,,,,,,,,May,,,,,,,,,,,,,,,28,88,5,,Columbia,5/2/1966,Everybody Loves a Nut,1966
2308,Johnny Cash,,,,,,,,,,,,,,,,,,,10,,,,,,,,,,,,,,,,October,,,,,,,,,,,,,,,,,10,,Columbia,10/10/1966,Happiness Is You,1966
2309,Johnny Cash,,,,,,,,,,,,,,,,,,,7,,,,,,,,,,,,,,,,August,,,,,,,,,,,,,,,,194,5,,Columbia,8/7/1967,Carryin' On with Johnny Cash and June Carter (with June Carter),1967
2310,Johnny Cash,,,,,,,,,,,,,,,,,,,15,,,,,,,,,,,,,,,,January,,,,,,,,,,,,,,,40,,9,,Columbia,1/15/1968,From Sea to Shining Sea,1968
2311,Johnny Cash,,,,,,,,,,,,,,,,,,,6,,,,,,,,,,,,,,,,January,,,,,,,,,,,,,,,,54,6,,Columbia,1/6/1969,The Holy Land,1969
2312,Johnny Cash,,,,,,,,,,,,,RIAA,Gold,,,,,26,,,,,,,,,,,,,,,,January,9,,3,,,,,,,,,,,,6,6,1,,Columbia,1/26/1970,"Hello, I'm Johnny Cash",1970
2313,Johnny Cash,,,,,,,,,,,,,,,,,,,31,,,,,,,,,,,,,,,,May,,,43,,,,,,,,,,,,18,56,1,,Columbia,5/31/1971,Man in Black,1971
2314,Johnny Cash,,,,,,,,,,,,,,,,,,,3,,,,,,,,,,,,,,,,April,,,,,,,,,,,,,,,8,112,2,,Columbia,4/3/1972,A Thing Called Love,1972
2315,Johnny Cash,,,,,,,,,,,,,,,,,,,7,,,,,,,,,,,,,,,,August,,,,,,,,,,,,,,,,176,3,,Columbia,8/7/1972,America: A 200-Year Salute in Story and Song,1972
2316,Johnny Cash,,,,,,,,,,,,,,,,,,,4,,,,,,,,,,,,,,,,December,,,,,,,,,,,,,,,,,,,Columbia,12/4/1972,The Johnny Cash Family Christmas,1972
2317,Johnny Cash,,,,,,,,,,,,,,,,,,,15,,,,,,,,,,,,,,,,January,,,,,,,,,,,,,,,,188,5,,Columbia,1/15/1973,Any Old Wind That Blows,1973
2318,Johnny Cash,,,,,,,,,,,,,,,,,,,3,,,,,,,,,,,,,,,,September,,,,,,,,,,,,,,,,,32,,Columbia,9/3/1973,Johnny Cash and His Woman (with June Carter Cash),1973
2319,Johnny Cash,,,,,,,,,,,,,,,,,,,6,,,,,,,,,,,,,,,,May,,,,,,,,,,,,,,,,,16,,Columbia,5/6/1974,Ragged Old Flag,1974
2320,Johnny Cash,,,,,,,,,,,,,,,,,,,23,,,,,,,,,,,,,,,,September,,,,,,,,,,,,,,,,,48,,Columbia,9/23/1974,The Junkie and the Juicehead Minus Me,1974
2321,Johnny Cash,,,,,,,,,,,,,,,,,,,1,,,,,,,,,,,,,,,,January,,,,,,,,,,,,,,,,,,,Columbia,1/1/1975,The Johnny Cash Children's Album,1975
2322,Johnny Cash,,,,,,,,,,,,,,,,,,,2,,,,,,,,,,,,,,,,January,,,,,,,,,,,,,,,,,,,Columbia,1/2/1975,Johnny Cash Sings Precious Memories,1975
2323,Johnny Cash,,,,,,,,,,,,,,,,,,,28,,,,,,,,,,,,,,,,April,,,,,,,,,,,,,,,,,,,Columbia,4/28/1975,John R. Cash,1975
2324,Johnny Cash,,,,,,,,,,,,,,,,,,,29,,,,,,,,,,,,,,,,September,,,,,,,,,,,,,,,,,38,,Columbia,9/29/1975,Look at Them Beans,1975
2325,Johnny Cash,,,,,,,,,,,,,,,,,,,17,,,,,,,,,,,,,,,,May,,,,,,,,,,,,,,,49,185,2,,Columbia,5/17/1976,One Piece at a Time,1976
2326,Johnny Cash,,,,,,,,,,,,,,,,,,,1,,,,,,,,,,,,,,,,January,,,,,,,,,,,,,,,,,29,,Columbia,1/1/1977,The Last Gunfighter Ballad,1977
2327,Johnny Cash,,,,,,,,,,,,,,,,,,,27,,,,,,,,,,,,,,,,June,,,,,,,,,,,,,,,,,31,,Columbia,6/27/1977,The Rambler,1977
2328,Johnny Cash,,,,,,,,,,,,,,,,,,,10,,,,,,,,,,,,,,,,April,,,,,,,,,,,,,,,,,23,,Columbia,4/10/1978,I Would Like to See You Again,1978
2329,Johnny Cash,,,,,,,,,,,,,,,,,,,13,,,,,,,,,,,,,,,,November,,,,,,,,,,,,,,,,,,,Columbia,11/13/1978,Gone Girl,1978
2330,Johnny Cash,,,,,,,,,,,,,,,,,,,13,,,,,,,,,,,,,,,,August,,,,,,,,,,,,,,,,,28,,Columbia,8/13/1979,Silver,1979
2331,Johnny Cash,,,,,,,,,,,,,,,,,,,1,,,,,,,,,,,,,,,,October,,,10,,,,,,,,,,,,,,43,,Cachet,10/1/1979,A Believer Sings the Truth,1979
2332,Johnny Cash,,,,,,,,,,,,,,,,,,,1,,,,,,,,,,,,,,,,January,,,,,,,,,,,,,,,,,,,Cachet,1/1/1979,Sings with the BC Goodpasture Christian School,1979
2333,Johnny Cash,,,,,,,,,,,,,,,,,,,22,,,,,,,,,,,,,,,,September,,,,,,,,,,,,,,,,,,,Columbia,9/22/1980,Rockabilly Blues,1980
2334,Johnny Cash,,,,,,,,,,,,,,,,,,,3,,,,,,,,,,,,,,,,November,,,,,,,,,,,,,,,,,,,Columbia,11/3/1980,Classic Christmas,1980
2335,Johnny Cash,,,,,,,,,,,,,,,,,,,1,,,,,,,,,,,,,,,,June,54,,,,,,,,,,,,,,,,24,,Columbia,6/1/1981,The Baron,1981
2336,Johnny Cash,,,,,,,,,,,,,,,,,,,6,,,,,,,,,,,,,,,,September,,,,,,,,,,,,,,,,,,,Columbia,9/6/1982,The Adventures of Johnny Cash,1982
2337,Johnny Cash,,,,,,,,,,,,,,,,,,,29,,,,,,,,,,,,,,,,August,,,,,,,,,,,,,,,,,,,Columbia,8/29/1983,Johnny 99,1983
2338,Johnny Cash,ARIA,Platinum,,,,,,,,,,,RIAA,Platinum,,,,,6,,,,,,,,,,,,,,,,May,5,,,,,,,,,,,,,,,92,1,,Columbia,5/6/1985,"Highwayman (with Waylon Jennings, Willie Nelson, and Kris Kristofferson)",1985
2339,Johnny Cash,,,,,,,,,,,,,,,,,,,28,,,,,,,,,,,,,,,,October,,,,,,,,,,,,,,,,,,,Columbia,10/28/1985,Rainbow,1985
2340,Johnny Cash,,,,,,,,,,,,,,,,,,,19,,,,,,,,,,,,,,,,May,,,,,,,,,,,,,,,,,13,,Columbia,5/19/1986,Heroes (with Waylon Jennings),1986
2341,Johnny Cash,,,,,,,,,,,,,,,,,,,26,,,,,,,,,,,,,,,,May,,,,,,,,,,,,,,,,87,15,,America,5/26/1986,"Class of '55: Memphis Rock and Roll Homecoming (with Carl Perkins, Jerry Lee Lewis, and Roy Orbison)",1986
2342,Johnny Cash,,,,,,,,,,,,,,,,,,,21,,,,,,,,,,,,,,,,July,,,,,,,,,,,,,,,,,,,Word,7/21/1986,Believe in Him,1986
2343,Johnny Cash,,,,,,,,,,,,,,,,,,,13,,,,,,,,,,,,,,,,April,,,,,,,,,,,,,,,,,36,,Mercury,4/13/1987,Johnny Cash Is Coming to Town,1987
2344,Johnny Cash,,,,,,,,,,,,,,,,,,,19,,,,,,,,,,,,,,,,September,,,,,,,,,,,,,,,,,,,Mercury,9/19/1988,Classic Cash: Hall of Fame Series,1988
2345,Johnny Cash,,,,,,,,,,,,,,,,,,,10,,,,,,,,,,,,,,,,October,,,,,,,,,,,,,,,,,48,,Mercury,10/10/1988,Water from the Wells of Home,1988
2346,Johnny Cash,,,,,,,,,,,,,,,,,,,22,,,,,,,,,,,,,,,,January,,,,,,,,,,,,,,,,,48,,Mercury,1/22/1990,Boom Chicka Boom,1990
2347,Johnny Cash,ARIA,Gold,,,,,,,,,,,,,,,,,27,,,,,,,,,,,,,,,,February,9,,,,,,,,,,,,,,,79,4,,Columbia,2/27/1990,"Highwayman 2 (with Waylon Jennings, Willie Nelson, and Kris Kristofferson)",1990
2348,Johnny Cash,,,,,,,,,,,,,,,,,,,19,,,,,,,,,,,,,,,,February,,,,,,,,,,,,,,,,,70,,Mercury,2/19/1991,The Mystery of Life,1991
2349,Johnny Cash,,,,,,,,,,,,,,,,,,,20,,,,,,,,,,,,,,,,September,,,,,,,,,,,,,,,,,52,,Delta,9/20/1991,Country Christmas,1991
2350,Johnny Cash,,,,,,,BPI,Silver,,,,,,,,,,,26,,,,,,,,,,,,,,,,April,,,72,,,,,,,,,,,,,110,23,,American Recordings,4/26/1994,American Recordings,1994
2351,Johnny Cash,,,,,,,,,,,,,,,,,,,4,,,,,,,,,,,,,,,,April,,,,,,,,,,,,,,,,,42,,Liberty,4/4/1995,"The Road Goes On Forever (with Waylon Jennings, Willie Nelson, and Kris Kristofferson)",1995
2352,Johnny Cash,,,,,,,,,,,,,,,,,,,5,,,,,,,,,,,,,,,,November,,,,,,,,,,,,,,,,170,26,,American Recordings,11/5/1996,American II: Unchained,1996
2353,Johnny Cash,,,,,,,BPI,Gold,,,,,,,,,,,17,,,,,,,,,,,,,,,,October,,,,,,,,,,,,,,,,88,11,,American Recordings,10/17/2000,American III: Solitary Man,2000
2354,Johnny Cash,,,,,,,BPI,Platinum,,MC,Platinum,,RIAA,Platinum,,,,,5,,,,,,,,,,,,,,,,November,,,,,,,,,,,,,,,40,22,2,,American Recordings,11/5/2002,American IV: The Man Comes Around,2002
2355,Johnny Cash,,,,,,,,,,,,,,,,,,,6,,,,,,,,,,,,,,,,April,,,,,,,,,,,,,,,,194,27,,American Recordings,4/6/2004,My Mother's Hymn Book,2004
2356,Johnny Cash,,,,,,,BPI,Gold,,MC,Gold,,RIAA,Gold,,,,,4,,,,,,,,,,,,,,,,July,25,,4,,,,,,,,,,,,9,1,1,,American Recordings,7/4/2006,American V: A Hundred Highways,2006
2357,Johnny Cash,,,,,,,BPI,Silver,,,,,,,,,,,23,,,,,,,,,,,,,,,,February,22,,4,,,,,,,,,,,,9,3,2,,American Recordings,2/23/2010,American VI: Ain't No Grave,2010
2358,Johnny Cash,,,,,,,BPI,Silver,,,,,,,,,,,21,,,,,,,,,,,,,,,,March,4,,2,,,,,,,,,,,,4,3,1,,"Columbia, Legacy Recordings",3/21/2014,Out Among the Stars,2014
2359,Johnny Cash,,,,,,,,,,,,,,,,,,,28,,,,,,,,,,,,,,,,June,64,,,,,,,,,,,,,,42,92,23,,"Mercury Nashville, UMe",6/28/2024,Songwriter,2024
2360,Joni Mitchell,,,,,,,,,,,,,,,,,,,23,,,,,,,,,,,,,,,,March,,,,,,,,,,,,,,,,189,,,Reprise,3/23/1968,Song to a Seagull,1968
2361,Joni Mitchell,,,,,,,BPI,Gold,,,,,RIAA,Gold,,,,,1,,,,,,,,,,,,,,,,May,,,22,,,,,,,,,,,,,31,,,Reprise,5/1/1969,Clouds,1969
2362,Joni Mitchell,,,,,,,BPI,Gold,,,,,RIAA,Platinum,,,,,1,,,,,,,,,,,,,,,,April,32,,16,,,,,,,,,,,,8,27,,,Reprise,4/1/1970,Ladies of the Canyon,1970
2363,Joni Mitchell,ARIA,Gold,,,,,BPI,Platinum,,,,,RIAA,Platinum,,,,,22,,,,,,,,,,,,,,,,June,,,9,,,,,,,24,,,,,3,15,,,Reprise,6/22/1971,Blue,1971
2364,Joni Mitchell,,,,,,,BPI,Silver,,,,,RIAA,Gold,,,,,1,,,,,,,,,,,,,,,,November,19,,5,,,,,,,,,,,,,11,,,Asylum,11/1/1972,For the Roses,1972
2365,Joni Mitchell,,,,,,,BPI,Gold,,,,,RIAA,Platinum,,,,,17,,,,,,,,,,,,,,,,January,34,,1,,,,,,,18,,,,,14,2,,,Asylum,1/17/1974,Court and Spark,1974
2366,Joni Mitchell,,,,,,,BPI,Silver,,,,,RIAA,Gold,,,,,1,,,,,,,,,,,,,,,,November,62,,7,,,,,,,,,,,,14,4,,,Asylum,11/1/1975,The Hissing of Summer Lawns,1975
2367,Joni Mitchell,ARIA,Gold,,,,,BPI,Silver,,,,,RIAA,Gold,,,,,22,,,,,,,,,,,,,,,,November,38,,22,,,,,,,,,,,,11,13,,,Asylum,11/22/1976,Hejira,1976
2368,Joni Mitchell,,,,,,,BPI,Silver,,,,,RIAA,Gold,,,,,13,,,,,,,,,,,,,,,,December,39,,28,,,,,,,,,,,,20,25,,,Asylum,12/13/1977,Don Juan's Reckless Daughter,1977
2369,Joni Mitchell,,,,,,,BPI,Silver,,,,,,,,,,,13,,,,,,,,,,,,,,,,June,44,,37,,,,,,,,27,,48,,24,17,,,Asylum,6/13/1979,Mingus,1979
2370,Joni Mitchell,,,,,,,,,,,,,,,,,,,1,,,,,,,,,,,,,,,,October,51,,33,,,,,,,14,10,,50,,32,25,,,Geffen,10/1/1982,Wild Things Run Fast,1982
2371,Joni Mitchell,,,,,,,,,,,,,,,,,,,1,,,,,,,,,,,,,,,,October,86,,44,,,,,,,,30,,27,,57,63,,,Geffen,10/1/1985,Dog Eat Dog,1985
2372,Joni Mitchell,,,,,,,,,,MC,Gold,,,,,,,,23,,,,,,,,,,,,,,,,March,44,,23,,,,,,,,18,,37,,26,45,,,Geffen,3/23/1988,Chalk Mark in a Rain Storm,1988
2373,Joni Mitchell,,,,,,,,,,,,,,,,,,,18,,,,,,,,,,,,,,,,February,55,,30,,,,,,,,40,,43,,25,41,,,Geffen,2/18/1991,Night Ride Home,1991
2374,Joni Mitchell,,,,,,,,,,MC,Gold,,,,,,,,25,,,,,,,,,,,,,,,,October,,,24,,,,,,,,,,,,53,47,,,Reprise,10/25/1994,Turbulent Indigo,1994
2375,Joni Mitchell,,,,,,,,,,,,,,,,,,,29,,,,,,,,,,,,,,,,September,,,86,,,,,,,25,,,,,57,75,,,Reprise,9/29/1998,Taming the Tiger,1998
2376,Joni Mitchell,,,,,,,BPI,Gold,,,,,,,,,,,20,,,,,,,,,,,,,,,,March,,,19,,,,,,,20,,,,,50,66,,,Reprise,3/20/2000,Both Sides Now,2000
2377,Joni Mitchell,,,,,,,,,,,,,,,,,,,19,,,,,,,,,,,,,,,,November,,,,,,,,,,,,,,,,,,,Nonesuch,11/19/2002,Travelogue,2002
2378,Joni Mitchell,,,,,,,,,,,,,,,,,,,25,,,,,,,,,,,,,,,,September,71,,13,,,,,,,10,,,25,,36,14,,,Hear Music,9/25/2007,Shine,2007
2379,Journey,,,,,,,,,,,,,,,,,,,1,,,,,,,,,,,,,,,,April,,,,,,,,72,,,,,,,,138,,,Columbia,4/1/1975,Journey,1975
2380,Journey,,,,,,,,,,,,,,,,,,,1,,,,,cassette,CD,,,,LP,,,,,,January,,,,,,,,58,,,,,,,,100,,,"ColumbiaFormats: LP, cassette, CD",1/1/1976,Look into the Future,1976
2381,Journey,,,,,,,,,,,,,,,,,,,9,,,,,cassette,CD,,,,LP,,,,,,February,,,,,,,,,,,,,47,,,85,,,Columbia,2/9/1977,Next,1977
2382,Journey,,,,,,,,,,MC,Gold,,RIAA,Platinum,,,,,30,,,,,cassette,CD,,,,LP,,,,,,January,,,22,,,,,238,,,,,37,,,21,,,Columbia,1/30/1978,Infinity,1978
2383,Journey,,,,,,,,,,MC,Gold,,RIAA,Platinum,,,,,23,,,,,cassette,CD,,,,LP,,,,,,March,,,37,,,,,70,,,,,36,,100,20,,,Columbia,3/23/1979,Evolution,1979
2384,Journey,,,,,,,,,,,,,RIAA,Platinum,,,,,29,,,,,cassette,CD,,,,LP,,,,,,February,,,48,,,,,61,,,,,,,,8,,,Columbia,2/29/1980,Departure,1980
2385,Journey,,,,,,,,,,MC,Platinum,,RIAA,Diamond,,,,,20,,,,,cassette,CD,,,,LP,,,,,,July,,,6,,59,,,26,,,,,,,32,1,,,Columbia,7/20/1981,Escape,1981
2386,Journey,,,,,,,,,,MC,Platinum,,RIAA,Platinum,,,,,1,,,,,cassette,CD,,,,LP,,,,,,February,,,10,,30,,,3,,12,,,21,,6,2,,,Columbia,2/1/1983,Frontiers,1983
2387,Journey,,,,,,,,,,MC,Gold,,RIAA,Platinum,,,,,21,,,,,cassette,CD,,,,LP,,,,,,April,,,39,,53,,,4,,,,,16,26,22,4,,,Columbia,4/21/1986,Raised on Radio,1986
2388,Journey,,,,,,,,,,MC,Gold,,RIAA,Platinum,,,,,22,,,,,cassette,CD,,,,,,,,,,October,,,16,,44,,,6,,,,,24,,84,3,,,Columbia,10/22/1996,Trial by Fire,1996
2389,Journey,,,,,,,,,,,,,,,,,,,3,,,,,cassette,CD,,,,,,,,,,April,,,,,75,,,19,,,,,,,193,56,,,Columbia,4/3/2001,Arrival,2001
2390,Journey,,,,,,,,,,,,,,,,,,,4,,,,,,CD,,digital download,,,,,,,,October,,,,,70,,,20,,,,,39,,,170,,,Sanctuary,10/4/2005,Generations,2005
2391,Journey,,,,,,,,,,,,,RIAA,Platinum,,,,,3,,,,,,CD,,digital download,,,,,,,,June,,,,,35,,,17,,,,,28,89,68,5,,,Nomota,6/3/2008,Revelation,2008
2392,Journey,,,,,,,,,,,,,,,,,,,24,,,,,,CD,,digital download,,LP,,,,,,May,,,,,14,,,19,,,,,24,24,33,13,,,Nomota,5/24/2011,Eclipse,2011
2393,Journey,,,,,,,,,,,,,,,,,,,8,,,,,,CD,,digital download,,LP,,,,,,July,,,,,7,,,22,,,,,,2,87,88,,,BMG,7/8/2022,Freedom,2022
2394,Kate Bush,ARIA,Platinum,,,,,BPI,Platinum,,MC,Platinum,,,,,,,,17,,8-track,,,cassette,CD,,digital download,,LP,,,,streaming,,February,3,,95,3,21,,,,,4,2,,8,,3,,,,EMI,2/17/1978,The Kick Inside,1978
2395,Kate Bush,ARIA,Platinum,,,,,BPI,Platinum,,MC,Platinum,,,,,,,,10,,8-track,,,cassette,CD,,digital download,,LP,,,,streaming,,November,12,,,,25,,,,,5,5,,16,,6,,,,EMI,11/10/1978,Lionheart,1978
2396,Kate Bush,,,,,,,BPI,Gold,,MC,Platinum,,,,,SNEP,Gold,,8,,,,,cassette,CD,,digital download,,LP,,,,streaming,,September,7,,44,1,5,,,,,2,31,,16,,1,,,,EMI,9/8/1980,Never for Ever,1980
2397,Kate Bush,,,,,,,BPI,Silver,,,,,,,,,,,13,,,,,cassette,CD,,digital download,,LP,,,,streaming,,September,22,,29,8,23,,,,,12,,,45,,3,157,,,EMI,9/13/1982,The Dreaming,1982
2398,Kate Bush,,,,,,,BPI,Platinum,,MC,Platinum,,,,,SNEP,Gold,,16,,,,,cassette,CD,,digital download,,LP,,,,streaming,,September,6,,7,9,2,,,,,12,17,,9,,1,12,,,EMI,9/16/1985,Hounds of Love,1985
2399,Kate Bush,,,,,,,BPI,Platinum,,MC,Gold,,RIAA,Gold,,SNEP,Gold,,16,,,,,cassette,CD,digital compact cassette,digital download,,LP,MiniDisc,,,streaming,,October,30,,17,38,10,,,,,7,27,,17,,2,43,,,EMI / Columbia,10/16/1989,The Sensual World,1989
2400,Kate Bush,,,,,,,BPI,Platinum,,MC,Gold,,,,,,,,1,,,,,cassette,CD,,digital download,,LP,MiniDisc,,,streaming,VHS,November,17,,13,14,18,,,,,,30,,16,,2,28,,,EMI,11/1/1993,The Red Shoes,1993
2401,Kate Bush,,,,,,,BPI,Platinum,,MC,Platinum,,,,,SNEP,Gold,,7,,,,,cassette,CD,,digital download,,LP,,,,streaming,,November,25,,,12,3,,,,,4,22,,7,,3,48,,,EMI / Columbia,11/7/2005,Aerial,2005
2402,Kate Bush,,,,,,,BPI,Gold,,,,,,,,,,,16,,,,,,CD,,digital download,,LP,,,,streaming,,May,41,,66,31,11,,,,,2,38,,12,,2,,,,Fish People / EMI,5/16/2011,Director's Cut,2011
2403,Kate Bush,,,,,,,BPI,Gold,,,,,,,,,,,21,,,,,,CD,,digital download,,LP,,,,streaming,,November,22,,39,21,7,,,,,13,39,,13,,5,83,,,Fish People / EMI,11/21/2011,50 Words for Snow,2011
2404,Kiss,,,,,,,,,,MC,Gold,,RIAA,Gold,,,,,1,,,,,,,,,,,,,,,,February,,,82,,,,,,,,38,,,,,87,,,Casablanca,2/1/1974,Kiss,1974
2405,Kiss,,,,,,,,,,,,,RIAA,Gold,,,,,1,,,,,,,,,,,,,,,,October,98,,91,,,,,,,,,,,,,100,,,Casablanca,10/1/1974,Hotter Than Hell,1974
2406,Kiss,,,,,,,,,,,,,RIAA,Gold,,,,,1,,,,,,,,,,,,,,,,March,,,26,,,,,,,,,,,,,32,,,Casablanca,3/1/1975,Dressed to Kill,1975
2407,Kiss,,,,,,,,,,,,,RIAA,Platinum,,,,,1,,,,,,,,,,,,,,,,March,6,,6,,16,,,,68,25,16,,4,,22,11,,,Casablanca,3/1/1976,Destroyer,1976
2408,Kiss,,,,,,,,,,,,,RIAA,Platinum,,,,,1,,,,,,,,,,,,,,,,November,16,,7,,39,,,,,,,,9,,,11,,,Casablanca,11/1/1976,Rock and Roll Over,1976
2409,Kiss,,,,,,,,,,MC,Platinum,,RIAA,Platinum,,,,,1,,,,,,,,,,,,,,,,June,13,,3,,18,,,,,,,,6,,,4,,,Casablanca,6/1/1977,Love Gun,1977
2410,Kiss,ARIA,Platinum,,,,,,,,MC,Platinum,,RIAA,Platinum,,,,,1,,,,,,,,,,,,,,,,May,2,,6,,13,,,,1,34,2,,17,,50,9,,,Casablanca,5/1/1979,Dynasty,1979
2411,Kiss,ARIA,Platinum,,,,,,,,MC,Gold,,RIAA,Platinum,,,,,1,,,,,,,,,,,,,,,,May,3,,12,,4,,,,13,1,1,,17,,48,35,,,Casablanca,5/1/1980,Unmasked,1980
2412,Kiss,ARIA,Gold,,,,,,,,,,,RIAA,Gold,,,,,1,,,,,,,,,,,,,,,,November,11,,,,10,,,,39,7,,,19,,51,75,,,Casablanca,11/1/1981,"Music from ""The Elder""",1981
2413,Kiss,,,,,,,,,,,,,RIAA,Gold,,,,,1,,,,,,,,,,,,,,,,October,33,,,,42,,,,34,31,,,22,,22,45,,,Casablanca,10/1/1982,Creatures of the Night,1982
2414,Kiss,,,,,,,,,,MC,Gold,,RIAA,Platinum,,,,,1,,,,,,,,,,,,,,,,September,36,,46,,18,,,,14,7,,,3,,7,24,,,Mercury,9/1/1983,Lick It Up,1983
2415,Kiss,,,,,,,,,,MC,Platinum,,RIAA,Platinum,,,,,1,,,,,,,,,,,,,,,,September,40,,41,,25,,,,17,14,,,8,,11,19,,,Mercury,9/1/1984,Animalize,1984
2416,Kiss,,,,,,,,,,MC,Gold,,RIAA,Gold,,,,,1,,,,,,,,,,,,,,,,September,89,,54,,43,,,,34,11,,,3,,12,20,,,Mercury,9/1/1985,Asylum,1985
2417,Kiss,,,,,,,BPI,Gold,,MC,Platinum,,RIAA,Platinum,,,,,1,,,,,,,,,,,,,,,,September,24,,21,,44,,,,44,8,,,11,,4,18,,,Mercury,9/1/1987,Crazy Nights,1987
2418,Kiss,,,,,,,,,,MC,Platinum,,RIAA,Gold,,,,,1,,,,,,,,,,,,,,,,October,30,,46,,46,,,,,8,,,29,,35,29,,,Mercury,10/1/1989,Hot in the Shade,1989
2419,Kiss,,,,,,,,,,MC,Gold,,RIAA,Gold,,,,,1,,,,,,,,,,,,,,,,May,5,,11,,16,,,,46,4,,,10,,10,6,,,Mercury,5/1/1992,Revenge,1992
2420,Kiss,,,,,,,,,,,,,,,,,,,1,,,,,,,,,,,,,,,,October,54,,32,,36,,,,66,23,,,29,,,27,,,Mercury,10/1/1997,Carnival of Souls: The Final Sessions,1997
2421,Kiss,,,,,,,,,,MC,Gold,,RIAA,Gold,,,,,1,,,,,,,,,,,,,,,,September,1,,2,,5,,,,51,4,,,1,,47,3,,,Mercury,9/1/1998,Psycho Circus,1998
2422,Kiss,,,,,,,,,,,,,,,,,,,1,,,,,,,,,,,,,,,,October,22,,2,,4,,,,13,2,,,3,,24,2,,,Kiss Records,10/1/2009,Sonic Boom,2009
2423,Kiss,,,,,,,,,,,,,,,,,,,1,,,,,,,,,,,,,,,,October,7,,3,,6,,,,17,2,,,4,,21,3,,,Universal,10/1/2012,Monster,2012
2424,Kiss,,,,,,,,,,MC,Gold,,RIAA,Platinum,,,,,1,,,,,,,,,,,,,,,,September,,,,,,,,,,,,,,,,22,,,Casablanca,9/1/1978,Gene Simmons,1978
2425,Kiss,,,,,,,,,,MC,Gold,,RIAA,Platinum,,,,,1,,,,,,,,,,,,,,,,September,,,,,,,,,,,,,,,,26,,,Casablanca,9/1/1978,Ace Frehley,1978
2426,Kiss,,,,,,,,,,MC,Gold,,RIAA,Platinum,,,,,1,,,,,,,,,,,,,,,,September,,,,,,,,,,,,,,,,43,,,Casablanca,9/1/1978,Peter Criss,1978
2427,Kiss,,,,,,,,,,MC,Gold,,RIAA,Platinum,,,,,1,,,,,,,,,,,,,,,,September,,,,,,,,,,,,,,,,40,,,Casablanca,9/1/1978,Paul Stanley,1978
2428,Kool & the Gang,,,,,,,,,,,,,,,,,,,1,,,,,,,,,,,,,,,,January,,,,,,,,,,,,,,,,,,43,De-Lite,1/1/1969,Kool and the Gang,1969
2429,Kool & the Gang,,,,,,,,,,,,,,,,,,,1,,,,,,,,,,,,,,,,January,,,,,,,,,,,,,,,,,,25,De-Lite,1/1/1972,Music Is the Message,1972
2430,Kool & the Gang,,,,,,,,,,,,,,,,,,,1,,,,,,,,,,,,,,,,January,,,,,,,,,,,,,,,,142,,34,De-Lite,1/1/1972,Good Times,1972
2431,Kool & the Gang,,,,,,,,,,,,,RIAA,Gold,,,,,1,,,,,,,,,,,,,,,,January,,,53,,,,,,,,,,,,,33,,6,De-Lite,1/1/1973,Wild and Peaceful,1973
2432,Kool & the Gang,,,,,,,,,,,,,RIAA,Gold,,,,,1,,,,,,,,,,,,,,,,January,,,93,,,,,,,,,,,,,63,,16,De-Lite,1/1/1974,Light of Worlds,1974
2433,Kool & the Gang,,,,,,,,,,,,,,,,,,,1,,,,,,,,,,,,,,,,January,,,,,,,,,,,,,,,,48,,5,De-Lite,1/1/1975,Spirit of the Boogie,1975
2434,Kool & the Gang,,,,,,,,,,,,,,,,,,,1,,,,,,,,,,,,,,,,January,,,,,,,,,,,,,,,,68,,9,De-Lite,1/1/1976,Love & Understanding,1976
2435,Kool & the Gang,,,,,,,,,,,,,,,,,,,1,,,,,,,,,,,,,,,,January,,,,,,,,,,,,,,,,110,,9,De-Lite,1/1/1976,Open Sesame,1976
2436,Kool & the Gang,,,,,,,,,,,,,,,,,,,1,,,,,,,,,,,,,,,,January,,,,,,,,,,,,,,,,142,,33,De-Lite,1/1/1977,The Force,1977
2437,Kool & the Gang,,,,,,,,,,,,,,,,,,,1,,,,,,,,,,,,,,,,January,,,,,,,,,,,,,,,,,,71,De-Lite,1/1/1978,Everybody's Dancin',1978
2438,Kool & the Gang,,,,,,,,,,,,,RIAA,Platinum,,,,,1,,,,,,,,,,,,,,,,January,,,56,,,,,,43,,,,,,,13,,1,De-Lite,1/1/1979,Ladies' Night,1979
2439,Kool & the Gang,,,,,,,,,,MC,Gold,,RIAA,Platinum,,,,,1,,,,,,,,,,,,,,,,January,72,,7,,,,,,13,,20,,,,,10,,2,De-Lite,1/1/1980,Celebrate!,1980
2440,Kool & the Gang,,,,,,,BPI,Gold,,,,,RIAA,Platinum,,,,,1,,,,,,,,,,,,,,,,January,,,,,,,,,28,,13,,,,,12,,1,De-Lite,1/1/1981,Something Special,1981
2441,Kool & the Gang,,,,,,,,,,,,,RIAA,Gold,,,,,1,,,,,,,,,,,,,,,,January,,,,,25,,,,,,41,,,,,29,,5,De-Lite,1/1/1982,As One,1982
2442,Kool & the Gang,,,,,,,BPI,Silver,,,,,RIAA,Gold,,,,,1,,,,,,,,,,,,,,,,January,,,,,19,,,,17,,32,,,,,29,,5,De-Lite,1/1/1983,In the Heart,1983
2443,Kool & the Gang,,,,,,,BPI,Silver,,MC,Platinum,,RIAA,Platinum,,,,,1,,,,,,,,,,,,,,,,January,45,,24,,26,,,,13,,41,,,,,13,,3,De-Lite,1/1/1984,Emergency,1984
2444,Kool & the Gang,,,,,,,,,,MC,Gold,,RIAA,Gold,,,,,1,,,,,,,,,,,,,,,,January,71,,75,,14,,,,,,49,,,,,25,,9,Mercury,1/1/1986,Forever,1986
2445,Kool & the Gang,,,,,,,,,,,,,,,,,,,1,,,,,,,,,,,,,,,,January,103,,,,28,,,,,,,,,,,,,52,Mercury,1/1/1989,Sweat,1989
2446,Kool & the Gang,,,,,,,,,,,,,,,,,,,1,,,,,,,,,,,,,,,,January,,,,,94,,,,,,,,,,,,,,JRS,1/1/1992,Unite,1992
2447,Kool & the Gang,,,,,,,,,,,,,,,,,,,1,,,,,,,,,,,,,,,,January,,,,,,,,,,,,,,,,,,,Curb,1/1/1996,State of Affairs,1996
2448,Kool & the Gang,,,,,,,,,,,,,,,,,,,1,,,,,,,,,,,,,,,,January,,,,,,,,,,,,,,,,,,,Eagle Music,1/1/2001,Gangland,2001
2449,Kool & the Gang,,,,,,,,,,,,,,,,,,,1,,,,,,,,,,,,,,,,January,,,,,26,,,,,,,,,,,,,,Virgin/EMI,1/1/2004,The Hits: Reloaded,2004
2450,Kool & the Gang,,,,,,,,,,,,,,,,SNEP,Platinum,,1,,,,,,,,,,,,,,,,January,,,,,,,,,,,,,,,,,,31,New Door,1/1/2007,Still Kool,2007
2451,Kool & the Gang,,,,,,,,,,,,,,,,,,,1,,,,,,,,,,,,,,,,January,,,,,,,,,,,,,,,,,,,ATO,1/1/2013,Kool for the Holidays,2013
2452,Kool & the Gang,,,,,,,,,,,,,,,,,,,1,,,,,,,,,,,,,,,,January,,,,,,,,,,,,,,,,,,,Omnivore,1/1/2021,Perfect Union,2021
2453,Kool & the Gang,,,,,,,,,,,,,,,,,,,1,,,,,,,,,,,,,,,,January,,,,,,,,,,,,,,,,,,,Astana BFD The Orchard,1/1/2023,People Just Wanna Have Fun,2023
2454,Laura Nyro,,,,,,,,,,,,,,,,,,,1,,,,,,,,,,,,,,,,January,,,,,,,,,,,,,,,,,97,,,1/1/1967,More Than a New Discovery,1967
2455,Laura Nyro,,,,,,,,,,,,,,,,,,,1,,,,,,,,,,,,,,,,January,,,,,,,,,,,,,,,,,181,,,1/1/1968,Ali and the Thirteenth Confession,1968
2456,Laura Nyro,,,,,,,,,,,,,,,,,,,1,,,,,,,,,,,,,,,,January,,,,,,,,,,,,,,,,,32,,,1/1/1969,New York Tendaberry,1969
2457,Laura Nyro,,,,,,,,,,,,,,,,,,,1,,,,,,,,,,,,,,,,January,,,,,,,,,,,,,,,,,51,,,1/1/1970,Christmas and the Beads of Sweat,1970
2458,Laura Nyro,,,,,,,,,,,,,,,,,,,1,,,,,,,,,,,,,,,,January,,,,,,,,,,,,,,,,,46,,,1/1/1971,Gonna Take a Miracle,1971
2459,Laura Nyro,,,,,,,,,,,,,,,,,,,1,,,,,,,,,,,,,,,,January,,,,,,,,,,,,,,,,,60,,,1/1/1976,Smile,1976
2460,Laura Nyro,,,,,,,,,,,,,,,,,,,1,,,,,,,,,,,,,,,,January,,,,,,,,,,,,,,,,,,,,1/1/1978,Nested,1978
2461,Laura Nyro,,,,,,,,,,,,,,,,,,,1,,,,,,,,,,,,,,,,January,,,,,,,,,,,,,,,,,182,,,1/1/1984,Mother's Spiritual,1984
2462,Laura Nyro,,,,,,,,,,,,,,,,,,,1,,,,,,,,,,,,,,,,January,,,,,,,,,,,,,,,,,â€”,,,1/1/1993,Walk the Dog and Light the Light,1993
2463,Laura Nyro,,,,,,,,,,,,,,,,,,,1,,,,,,,,,,,,,,,,January,,,,,,,,,,,,,,,,,â€”,,,1/1/2001,Angel in the Dart,2001
2464,LaVern Baker,,,,,,,,,,,,,,,,,,,1,,,,,,,,,,,,,,,,January,,,,,,,,,,,,,,,,,,,,1/1/1956,LaVern,1956
2465,LaVern Baker,,,,,,,,,,,,,,,,,,,1,,,,,,,,,,,,,,,,January,,,,,,,,,,,,,,,,,,,,1/1/1957,LaVern Baker,1957
2466,LaVern Baker,,,,,,,,,,,,,,,,,,,1,,,,,,,,,,,,,,,,January,,,,,,,,,,,,,,,,,,,,1/1/1958,LaVern Baker Sings Bessie Smith,1958
2467,LaVern Baker,,,,,,,,,,,,,,,,,,,1,,,,,,,,,,,,,,,,January,,,,,,,,,,,,,,,,,,,,1/1/1959,Precious Memories: LaVern Baker Sings Gospel,1959
2468,LaVern Baker,,,,,,,,,,,,,,,,,,,1,,,,,,,,,,,,,,,,January,,,,,,,,,,,,,,,,,,,,1/1/1959,Blues Ballads,1959
2469,LaVern Baker,,,,,,,,,,,,,,,,,,,1,,,,,,,,,,,,,,,,January,,,,,,,,,,,,,,,,,,,,1/1/1961,Saved,1961
2470,LaVern Baker,,,,,,,,,,,,,,,,,,,1,,,,,,,,,,,,,,,,January,,,,,,,,,,,,,,,,,,,,1/1/1962,Richard Rodgers No Strings. An After Theatre Version,1962
2471,LaVern Baker,,,,,,,,,,,,,,,,,,,1,,,,,,,,,,,,,,,,January,,,,,,,,,,,,,,,,,,,,1/1/1963,See See Rider,1963
2472,LaVern Baker,,,,,,,,,,,,,,,,,,,1,,,,,,,,,,,,,,,,January,,,,,,,,,,,,,,,,,,,,1/1/1970,Let Me Belong to You,1970
2473,LaVern Baker,,,,,,,,,,,,,,,,,,,1,,,,,,,,,,,,,,,,January,,,,,,,,,,,,,,,,,,,,1/1/1992,Woke Up This Mornin,1992
2474,Led Zeppelin,ARIA,Platinum,,,,,BPI,Platinum,,,,,RIAA,Platinum,,,,,12,,,,,,,,,,,,,,,,January,1,18,11,,11,,,,14,14,,,11,,6,10,,,Atlantic,1/12/1969,Led Zeppelin,1969
2475,Led Zeppelin,ARIA,Platinum,,,,,BPI,Platinum,,,,,RIAA,Diamond,,,,,22,,,,,,,,,,,,,,,,October,1,25,1,,1,,,8,1,2,,,4,,1,1,,,Atlantic,10/22/1969,Led Zeppelin II,1969
2476,Led Zeppelin,ARIA,Platinum,,,,,BPI,Platinum,,,,,RIAA,Platinum,,,,,5,,,,,,,,,,,,,,,,October,1,24,1,,3,,,8,3,3,,,14,,1,1,,,Atlantic,10/5/1970,Led Zeppelin III,1970
2477,Led Zeppelin,ARIA,Platinum,,,,,BPI,Platinum,,,,,RIAA,Diamond,,,,,8,,,,,,,,,,,,,,,,November,2,12,1,,5,,,2,7,3,,,8,,1,2,,,Atlantic,11/8/1971,Led Zeppelin IV,1971
2478,Led Zeppelin,ARIA,Platinum,,,,,BPI,Platinum,,,,,RIAA,Diamond,,,,,28,,,,,,,,,,,,,,,,March,1,3,1,,8,,,3,3,4,,,15,,1,1,,,Atlantic,3/28/1973,Houses of the Holy,1973
2479,Led Zeppelin,ARIA,Platinum,,,,,BPI,Platinum,,,,,RIAA,Diamond,,,,,24,,,,,,,,,,,,,,,,February,2,2,1,,4,,,13,7,4,,,7,,1,1,,,Swan Song,2/24/1975,Physical Graffiti,1975
2480,Led Zeppelin,,,,,,,BPI,Platinum,,,,,RIAA,Platinum,,,,,31,,,,,,,,,,,,,,,,March,4,16,16,,6,,,2,5,4,,,5,,1,1,,,Swan Song,3/31/1976,Presence,1976
2481,Led Zeppelin,ARIA,Platinum,,,,,BPI,Platinum,,,,,RIAA,Platinum,,,,,22,,,,,,,,,,,,,,,,August,3,15,1,,9,,,2,20,14,,,6,,1,1,,,Swan Song,8/22/1979,In Through the Out Door,1979
2482,Led Zeppelin,,,,,,,BPI,Silver,,,,,RIAA,Platinum,,,,,26,,,,,,,,,,,,,,,,November,9,17,3,,5,,,16,9,7,,,18,,4,6,,,Swan Song,11/26/1982,Coda,1982
2483,Leonard Cohen,ARIA,Platinum,,,,,BPI,Gold,,,,,RIAA,Gold,,,,,27,,,,,,,,,,,,,,,,December,81,,,,,40,,,4,36,,,35,,13,83,,,Columbia,12/27/1967,Songs of Leonard Cohen,1967
2484,Leonard Cohen,,,,,,,BPI,Silver,,,,,,,,,,,24,,,,,,,,,,,,,,,,March,,,10,,,87,,,12,,,,,,2,63,,,Columbia,3/24/1969,Songs from a Room,1969
2485,Leonard Cohen,,,,,,,,,,,,,,,,,,,19,,,,,,,,,,,,,,,,March,8,,63,,24,,,,2,11,,,,,4,145,,,Columbia,3/19/1971,Songs of Love and Hate,1971
2486,Leonard Cohen,,,,,,,BPI,Silver,,,,,,,,,,,11,,,,,,,,,,,,,,,,August,86,2,,,17,,,,18,,,,,,24,,,,Columbia,8/11/1974,New Skin for the Old Ceremony,1974
2487,Leonard Cohen,,,,,,,,,,,,,,,,,,,13,,,,,,,,,,,,,,,,November,85,,,,,,,,,20,,,15,,35,,,,"Warner/Spector, Columbia",11/13/1977,Death of a Ladies' Man,1977
2488,Leonard Cohen,,,,,,,,,,,,,,,,,,,27,,,,,,,,,,,,,,,,September,,24,,,56,,,,,,,,,,,,,,Columbia,9/27/1979,Recent Songs,1979
2489,Leonard Cohen,,,,,,,BPI,Silver,,,,,,,,,,,11,,,,,,,,,,,,,,,,December,52,18,60,,43,99,,,,3,,,12,,52,,,,Columbia,12/11/1984,Various Positions,1984
2490,Leonard Cohen,ARIA,Gold,,,,,BPI,Gold,,MC,Platinum,,,,,,,,2,,,,,,,,,,,,,,,,February,,22,34,,32,43,,,16,1,,,6,,48,,,,Columbia,2/2/1988,I'm Your Man,1988
2491,Leonard Cohen,,,,,,,BPI,Silver,,MC,Platinum,,,,,,,,24,,,,,,,,,,,,,,,,November,,5,7,,79,,,,56,3,,,5,,36,,,,Columbia,11/24/1992,The Future,1992
2492,Leonard Cohen,,,,,,,BPI,Gold,,MC,Platinum,,,,,,,,9,,,,,,,,,,,,,,,,October,67,5,4,,16,7,,,18,1,,,3,,26,143,,,Columbia,10/9/2001,Ten New Songs,2001
2493,Leonard Cohen,,,,,,,BPI,Silver,,,,,,,,,,,26,,,,,,,,,,,,,,,,October,98,13,5,,19,5,,,34,2,,,8,,34,131,,,Columbia,10/26/2004,Dear Heather,2004
2494,Leonard Cohen,,,,,,,BPI,Gold,,MC,Platinum,,,,,,,,31,,,,,,,,,,,,,,,,January,2,2,1,,4,2,,,1,1,,,2,,2,3,,,Columbia,1/31/2012,Old Ideas,2012
2495,Leonard Cohen,,,,,,,,,,MC,Platinum,,,,,,,,22,,,,,,,,,,,,,,,,September,6,1,1,,4,2,,,1,1,,,5,,5,15,,,Columbia,9/22/2014,Popular Problems,2014
2496,Leonard Cohen,ARIA,Gold,,,,,BPI,Gold,,MC,Platinum,,,,,,,,21,,,,,,,,,,,,,,,,October,2,1,1,,2,1,,,1,1,,,1,,4,7,,,Columbia,10/21/2016,You Want It Darker,2016
2497,Leonard Cohen,,,,,,,,,,,,,,,,,,,22,,,,,,,,,,,,,,,,November,11,2,1,,5,6,,,5,2,,,6,,7,61,,,Columbia,11/22/2019,Thanks for the Dance,2019
2498,Linda Ronstadt,,,,,,,,,,,,,,,,,,,1,,,,,,,,,,LP,,,,,,April,,,,,,,,,,,,,,,,,,,Capitol,4/1/1968,"Linda Ronstadt, Stone Poneys and Friends, Vol. III (with Stone Poneys)",1968
2499,Linda Ronstadt,,,,,,,,,,,,,,,,,,,1,,,,,,,,,,LP,,,,,,March,,,,,,,,,,,,,,,,,,,Capitol,3/1/1969,Hand Sown ... Home Grown,1969
2500,Linda Ronstadt,,,,,,,,,,,,,,,,,,,13,,,,,,,,,,LP,,,,,,April,34,,59,,,,,,,,,,,,,103,,,Capitol,4/13/1970,Silk Purse,1970
2501,Linda Ronstadt,,,,,,,,,,,,,,,,,,,17,,,,,,,,,,LP,,,,,,January,,,,,,,,87,,,,,,,,163,,,Capitol,1/17/1972,Linda Ronstadt,1972
2502,Linda Ronstadt,,,,,,,,,,,,,RIAA,Gold,,,,,1,,,,,cassette,,,,,LP,,,,,,October,46,,57,,,,,161,,,,,,,,45,,,Asylum,10/1/1973,Don't Cry Now,1973
2503,Linda Ronstadt,,,,,,,,,,,,,RIAA,Platinum,,,,,19,,,,,cassette,,,,,LP,,,,,,November,35,,7,,,,,,,,,,,,,1,,,Asylum/Capitol,11/19/1974,Heart Like a Wheel,1974
2504,Linda Ronstadt,,,,,,,,,,,,,RIAA,Platinum,,,,,15,,,,,cassette,,,,,LP,,,,,,September,76,,13,,,,,151,,,,,,,,4,,,Asylum,9/15/1975,Prisoner in Disguise,1975
2505,Linda Ronstadt,,,,,,,BPI,Silver,,,,,RIAA,Platinum,,,,,9,,,,,cassette,,,,,LP,,,,,,August,28,,3,,,,,74,14,,,,,,32,3,,,Asylum,8/9/1976,Hasten Down the Wind,1976
2506,Linda Ronstadt,ARIA,Platinum,,,,,,,,MC,Platinum,,RIAA,Platinum,,,,,6,,,,,cassette,,,,,LP,,,,,,September,1,,1,,,,,38,8,,2,,46,,15,1,,,Asylum,9/6/1977,Simple Dreams,1977
2507,Linda Ronstadt,ARIA,Platinum,,,,,BPI,Silver,,,,,RIAA,Platinum,,,,,19,,,,,cassette,,,,,LP,,,,,,September,3,,9,,,,,23,19,,3,,37,,39,1,,,Asylum,9/19/1978,Living in the USA,1978
2508,Linda Ronstadt,ARIA,Platinum,,,,,,,,,,,RIAA,Platinum,,,,,18,,,,,cassette,,,,,LP,,,,,,February,6,,11,,,,,12,37,34,22,,,,65,3,,,Asylum,2/18/1980,Mad Love,1980
2509,Linda Ronstadt,,,,,,,,,,,,,RIAA,Gold,,,,,27,,,,,cassette,,,,,LP,,,,,,September,26,,48,,,,,28,,27,,,,,,31,,,Asylum,9/27/1982,Get Closer,1982
2510,Linda Ronstadt,,,,,,,,,,MC,Platinum,,RIAA,Platinum,,,,,12,,,,,cassette,,,,,LP,,,,,,September,11,,18,,,,,29,,,21,,,,31,3,,,Asylum,9/12/1983,What's New,1983
2511,Linda Ronstadt,,,,,,,,,,,,,RIAA,Platinum,,,,,16,,,,,cassette,CD,,,,LP,,,,,,November,32,,35,,,,,,,,38,,,,100,13,,,Asylum,11/16/1984,Lush Life,1984
2512,Linda Ronstadt,,,,,,,,,,,,,RIAA,Platinum,,,,,22,,,,,cassette,CD,,,,LP,,,,,,September,43,,72,,,,,34,,,,,,,,46,,,Asylum,9/22/1986,For Sentimental Reasons,1986
2513,Linda Ronstadt,,,,,,,,,,,,,RIAA,Platinum,,,,,2,,,,,cassette,CD,,,,LP,,,,,,March,4,,1,,,,,,22,,6,,,,60,6,,,Warner Bros.,3/2/1987,Trio (with Emmylou Harris and Dolly Parton),1987
2514,Linda Ronstadt,,,,,,,,,,,,,RIAA,Platinum,,,,,13,,,,,cassette,CD,,,,LP,,,,,,November,,,42,,,,,,,,,,,,,54,,,Asylum,11/13/1987,Canciones de Mi Padre,1987
2515,Linda Ronstadt,ARIA,Platinum,,,,,BPI,Gold,,MC,Platinum,,RIAA,Platinum,,,,,2,,,,,cassette,CD,,,,LP,,,,,,October,11,,6,,,,,65,13,,41,,,,43,7,,,Elektra,10/2/1989,"Cry Like a Rainstorm, Howl Like the Wind (featuring Aaron Neville)",1989
2516,Linda Ronstadt,,,,,,,,,,,,,,,,,,,19,,,,,cassette,CD,,,,,,,,,,November,,,,,,,,,,,,,,,,88,,,Elektra,11/19/1991,Mas Canciones,1991
2517,Linda Ronstadt,,,,,,,,,,,,,,,,,,,15,,,,,cassette,CD,,,,,,,,,,September,,,,,,,,79,,,,,,,,193,,,Elektra,9/15/1992,Frenesà­,1992
2518,Linda Ronstadt,,,,,,,,,,,,,,,,,,,23,,,,,cassette,CD,,,,,,,,,,November,98,,50,,,,,,,,,,,,,92,,,Elektra,11/23/1993,Winter Light,1993
2519,Linda Ronstadt,,,,,,,,,,,,,,,,,,,14,,,,,cassette,CD,,,,,,,,,,March,,,,,,,,,,,,,,,,75,,,Elektra,3/14/1995,Feels Like Home,1995
2520,Linda Ronstadt,,,,,,,,,,,,,,,,,,,25,,,,,cassette,CD,,,,,,,,,,June,,,,,,,,,,,,,,,,78,,,Elektra,6/25/1996,Dedicated to the One I Love,1996
2521,Linda Ronstadt,,,,,,,,,,,,,,,,,,,23,,,,,cassette,CD,,,,,,,,,,June,,,,,,,,,,,,,,,,160,,,Elektra,6/23/1998,We Ran,1998
2522,Linda Ronstadt,,,,,,,,,,,,,RIAA,Gold,,,,,9,,,,,cassette,CD,,,,,,,,,,February,66,,,,,,,,69,,,,,,,62,,,Asylum,2/9/1999,Trio II (with Emmylou Harris and Dolly Parton),1999
2523,Linda Ronstadt,,,,,,,,,,,,,,,,,,,24,,,,,cassette,CD,,,,,,,,,,August,,,,,,,,,,35,,,41,,,73,,,Asylum,8/24/1999,Western Wall: The Tucson Sessions (with Emmylou Harris),1999
2524,Linda Ronstadt,,,,,,,,,,,,,,,,,,,17,,,,,,CD,,,,,,,,,,October,,,,,,,,,,,,,,,,179,,,Elektra,10/17/2000,A Merry Little Christmas,2000
2525,Linda Ronstadt,,,,,,,,,,,,,,,,,,,9,,,,,,CD,,,,,,,,,,November,,,,,,,,,,,,,,,,166,,,Verve,11/9/2004,Hummin' to Myself,2004
2526,Linda Ronstadt,,,,,,,,,,,,,,,,,,,25,,,,,,CD,,,,,,,,,,June,,,,,,,,,,,,,,,,146,,,Vanguard,6/25/2006,Adieu False Heart (with Ann Savoy),2006
2527,Lionel Richie,,,,,,,BPI,Platinum,,MC,Platinum,,RIAA,Platinum,,,,,6,,,,,,,,,,,,,,,,October,18,,5,,,,,,21,,3,,41,,9,3,,1,Motown,10/6/1982,Lionel Richie,1982
2528,Lionel Richie,,,,BMVI,Gold,,BPI,Platinum,,MC,Diamond,,RIAA,Diamond,,SNEP,Gold,,14,,,,,,,,,,,,,,,,October,1,,1,,2,,,,1,3,1,,2,3,1,1,,1,Motown,10/14/1983,Can't Slow Down,1983
2529,Lionel Richie,,,,,,,BPI,Platinum,,MC,Platinum,,RIAA,Platinum,,SNEP,Gold,,5,,,,,,,,,,,,,,,,August,2,,3,,5,,,,2,1,3,,2,2,2,1,,3,Motown,8/5/1986,Dancing on the Ceiling,1986
2530,Lionel Richie,,,,,,,BPI,Silver,,,,,RIAA,Gold,,SNEP,Gold,,16,,,,,,,,,,,,,,,,April,32,,25,,26,,,,6,29,31,,21,10,11,28,,15,Mercury,4/16/1996,Louder Than Words,1996
2531,Lionel Richie,,,,,,,,,,,,,,,,,,,23,,,,,,,,,,,,,,,,June,174,,,,15,,,,71,,,,,9,31,152,,77,Mercury,6/23/1998,Time,1998
2532,Lionel Richie,,,,BMVI,Platinum,,BPI,Platinum,,,,,,,,,,,16,,,,,,,,,,,,,,,,October,,,,,3,,,,10,24,,,45,6,6,62,,54,Island,10/16/2000,Renaissance,2000
2533,Lionel Richie,,,,,,,BPI,Gold,,,,,,,,,,,4,,,,,,,,,,,,,,,,May,44,,,,10,,,,21,,,,,8,5,47,,22,Island,5/4/2004,Just for You,2004
2534,Lionel Richie,,,,,,,BPI,Gold,,,,,RIAA,Gold,,,,,12,,,,,,,,,,,,,,,,September,,,33,,8,,,,20,,,,,9,15,6,,3,Island,9/12/2006,Coming Home,2006
2535,Lionel Richie,,,,,,,,,,,,,,,,,,,4,,,,,,,,,,,,,,,,December,,,,,,,,,,,,,,,,,,,Island,12/4/2006,Sounds of the Season,2006
2536,Lionel Richie,,,,,,,BPI,Silver,,,,,,,,,,,17,,,,,,,,,,,,,,,,February,,,,,9,,,,22,,,,,28,10,24,,9,Island,2/17/2009,Just Go,2009
2537,Lionel Richie,ARIA,Gold,,,,,BPI,Gold,,MC,Platinum,,RIAA,Platinum,,,,,5,,,,,,,,,,,,,,,,March,2,,1,,7,,,,7,26,6,,10,31,7,1,,,Mercury Nashville,3/5/2012,Tuskegee,2012
2538,Little Anthony and the Imperials,,,,,,,,,,,,,,,,,,,1,,,,,,,,,,,,,,,,January,,,,,,,,,,,,,,,,,,,End,1/1/1959,"We Are the Imperials, featuring Little Anthony",1959
2539,Little Anthony and the Imperials,,,,,,,,,,,,,,,,,,,1,,,,,,,,,,,,,,,,January,,,,,,,,,,,,,,,,,,,End,1/1/1961,Shades of the 40s,1961
2540,Little Anthony and the Imperials,,,,,,,,,,,,,,,,,,,1,,,,,,,,,,,,,,,,January,,,,,,,,,,,,,,,,135,,,DCP,1/1/1964,I'm on the Outside Looking In,1964
2541,Little Anthony and the Imperials,,,,,,,,,,,,,,,,,,,1,,,,,,,,,,,,,,,,January,,,,,,,,,,,,,,,,74,,5,DCP,1/1/1965,Goin' Out of My Head,1965
2542,Little Anthony and the Imperials,,,,,,,,,,,,,,,,,,,1,,,,,,,,,,,,,,,,January,,,,,,,,,,,,,,,,97,,9,DCP,1/1/1965,The Best of Little Anthony & the Imperials,1965
2543,Little Anthony and the Imperials,,,,,,,,,,,,,,,,,,,1,,,,,,,,,,,,,,,,January,,,,,,,,,,,,,,,,,,,Veep,1/1/1966,Payin' Our Dues,1966
2544,Little Anthony and the Imperials,,,,,,,,,,,,,,,,,,,1,,,,,,,,,,,,,,,,January,,,,,,,,,,,,,,,,,,,Veep,1/1/1967,Reflections,1967
2545,Little Anthony and the Imperials,,,,,,,,,,,,,,,,,,,1,,,,,,,,,,,,,,,,January,,,,,,,,,,,,,,,,,,,Veep,1/1/1967,Movie Grabbers,1967
2546,Little Anthony and the Imperials,,,,,,,,,,,,,,,,,,,1,,,,,,,,,,,,,,,,January,,,,,,,,,,,,,,,,,,,Veep,1/1/1968,"The Best of Anthony & the Imperials, Volume 2",1968
2547,Little Anthony and the Imperials,,,,,,,,,,,,,,,,,,,1,,,,,,,,,,,,,,,,January,,,,,,,,,,,,,,,,172,,,United Artists,1/1/1969,"Out of Sight, Out of Mind",1969
2548,Little Anthony and the Imperials,,,,,,,,,,,,,,,,,,,1,,,,,,,,,,,,,,,,January,,,,,,,,,,,,,,,,,,,Avco,1/1/1973,On A New Street,1973
2549,Little Anthony and the Imperials,,,,,,,,,,,,,,,,,,,1,,,,,,,,,,,,,,,,January,,,,,,,,,,,,,,,,,,,Avco,1/1/1975,Hold On,1975
2550,Little Richard,,,,,,,,,,,,,,,,,,,1,,,,,,,,,,,,,,,,March,,,,,,,,,,,,,,,,13,,,Specialty,3/1/1957,Here's Little Richard,1957
2551,Little Richard,,,,,,,,,,,,,,,,,,,1,,,,,,,,,,,,,,,,January,,,,,,,,,,,,,,,,76,,,Specialty,1/1/1958,Little Richard,1958
2552,Little Richard,,,,,,,,,,,,,,,,,,,1,,,,,,,,,,,,,,,,March,,,,,,,,,,,,,,,,,,,Specialty,3/1/1958,The Fabulous Little Richard,1958
2553,Little Richard,,,,,,,,,,,,,,,,,,,1,,,,,,,,,,,,,,,,January,,,,,,,,,,,,,,,,,,,End,1/1/1960,"Pray Along with Little Richard, Volume 1",1960
2554,Little Richard,,,,,,,,,,,,,,,,,,,1,,,,,,,,,,,,,,,,January,,,,,,,,,,,,,,,,,,,End,1/1/1960,Pray Along with Little Richard (Vol 2),1960
2555,Little Richard,,,,,,,,,,,,,,,,,,,1,,,,,,,,,,,,,,,,November,,,,,,,,,,,,,,,,,,,Mercury,11/1/1961,The King of the Gospel Singers,1961
2556,Little Richard,,,,,,,,,,,,,,,,,,,1,,,,,,,,,,,,,,,,August,,,,,,,,,,,,,,,,136,,,Vee-Jay,8/1/1964,Little Richard Is Back (And There's A Whole Lotta Shakin' Goin' On!),1964
2557,Little Richard,,,,,,,,,,,,,,,,,,,1,,,,,,,,,,,,,,,,January,,,,,,,,,,,,,,,,,,,Vee-Jay,1/1/1965,Little Richard's Greatest Hits,1965
2558,Little Richard,,,,,,,,,,,,,,,,,,,1,,,,,,,,,,,,,,,,January,,,,,,,,,,,,,,,,,,,Okeh,1/1/1967,The Explosive Little Richard,1967
2559,Little Richard,,,,,,,,,,,,,,,,,,,1,,,,,,,,,,,,,,,,August,,,,,,,,,,,,,,,,,,,Reprise,8/1/1970,The Rill Thing,1970
2560,Little Richard,,,,,,,,,,,,,,,,,,,1,,,,,,,,,,,,,,,,January,,,,,,,,,,,,,,,,193,,,Reprise,1/1/1971,The King of Rock and Roll,1971
2561,Little Richard,,,,,,,,,,,,,,,,,,,1,,,,,,,,,,,,,,,,January,,,,,,,,,,,,,,,,,,,Reprise,1/1/1972,The Second Coming,1972
2562,Little Richard,,,,,,,,,,,,,,,,,,,1,,,,,,,,,,,,,,,,January,,,,,,,,,,,,,,,,,,,United,1/1/1974,Right Now!,1974
2563,Little Richard,,,,,,,,,,,,,,,,,,,1,,,,,,,,,,,,,,,,January,,,,,,,,,,,,,,,,,,,K-Tel,1/1/1976,Little Richard Live,1976
2564,Little Richard,,,,,,,,,,,,,,,,,,,1,,,,,,,,,,,,,,,,January,,,,,,,,,,,,,,,,,,,Word,1/1/1979,God's Beautiful City,1979
2565,Little Richard,,,,,,,,,,,,,,,,,,,1,,,,,,,,,,,,,,,,January,,,,,,,,,,,,,,,,,,,WEA Records,1/1/1986,Lifetime Friend,1986
2566,Little Richard,,,,,,,,,,,,,,,,,,,1,,,,,,,,,,,,,,,,January,,,,,,,,,,,,,,,,,,,Disney,1/1/1992,Shake It All About,1992
2567,Little Richard,,,,,,,,,,,,,,,,,,,1,,,,,,,,,,,,,,,,January,,,,,,,,,,,,,,,,,,,Eastworld,1/1/1992,Little Richard Meets Masayoshi Takanaka,1992
2568,Little Richard,,,,,,,,,,,,,,,,,,,1,,,,,,,,,,,,,,,,January,,,,,,,,,,,,,,,,,,,Reprise; later released by Rhino Handmade.,1/1/2005,Southern Child,2005
2569,Lloyd Price,,,,,,,,,,,,,,,,,,,1,,,,,,,,,,,,,,,,January,,,,,,,,,,,,,,,,,,,ABC-Paramount,1/1/1959,The Exciting Lloyd Price,1959
2570,Lloyd Price,,,,,,,,,,,,,,,,,,,1,,,,,,,,,,,,,,,,January,,,,,,,,,,,,,,,,,,,,1/1/1959,Mr. Personality,1959
2571,Lloyd Price,,,,,,,,,,,,,,,,,,,1,,,,,,,,,,,,,,,,January,,,,,,,,,,,,,,,,,,,,1/1/1959,Mr. Personality Sings the Blues,1959
2572,Lloyd Price,,,,,,,,,,,,,,,,,,,1,,,,,,,,,,,,,,,,January,,,,,,,,,,,,,,,,,,,,1/1/1960,The Fantastic Lloyd Price,1960
2573,Lloyd Price,,,,,,,,,,,,,,,,,,,1,,,,,,,,,,,,,,,,January,,,,,,,,,,,,,,,,,,,,1/1/1961,Cookin',1961
2574,Lloyd Price,,,,,,,,,,,,,,,,,,,1,,,,,,,,,,,,,,,,January,,,,,,,,,,,,,,,,,,,,1/1/1961,Sings the Million-Sellers,1961
2575,Lloyd Price,,,,,,,,,,,,,,,,,,,1,,,,,,,,,,,,,,,,January,,,,,,,,,,,,,,,,,,,,1/1/1963,This Is My Band,1963
2576,Lloyd Price,,,,,,,,,,,,,,,,,,,1,,,,,,,,,,,,,,,,January,,,,,,,,,,,,,,,,,,,,1/1/1963,Misty,1963
2577,Lloyd Price,,,,,,,,,,,,,,,,,,,1,,,,,,,,,,,,,,,,January,,,,,,,,,,,,,,,,,,,,1/1/1965,Lloyd Swings for Sammy,1965
2578,Lloyd Price,,,,,,,,,,,,,,,,,,,1,,,,,,,,,,,,,,,,January,,,,,,,,,,,,,,,,,,,,1/1/1969,Now!,1969
2579,Lloyd Price,,,,,,,,,,,,,,,,,,,1,,,,,,,,,,,,,,,,January,,,,,,,,,,,,,,,,,,,,1/1/1972,To the Roots and Back,1972
2580,Lloyd Price,,,,,,,,,,,,,,,,,,,1,,,,,,,,,,,,,,,,January,,,,,,,,,,,,,,,,,,,,1/1/1976,Music-Music,1976
2581,Lloyd Price,,,,,,,,,,,,,,,,,,,1,,,,,,,,,,,,,,,,January,,,,,,,,,,,,,,,,,,,,1/1/1978,The Nominee,1978
2582,Lloyd Price,,,,,,,,,,,,,,,,,,,1,,,,,,,,,,,,,,,,January,,,,,,,,,,,,,,,,,,,,1/1/1998,Body with No Body,1998
2583,Lloyd Price,,,,,,,,,,,,,,,,,,,1,,,,,,,,,,,,,,,,January,,,,,,,,,,,,,,,,,,,,1/1/2002,Christmas Classics,2002
2584,Lloyd Price,,,,,,,,,,,,,,,,,,,1,,,,,,,,,,,,,,,,January,,,,,,,,,,,,,,,,,,,,1/1/2012,I'm Feeling Good!,2012
2585,Lou Reed,,,,,,,,,,,,,,,,,,,1,,,,,,,,,,,,,,,,January,,,,,,,,,,,,,,,,189,,,RCA,5/1/1972,Lou Reed,1972
2586,Lou Reed,ARIA,Gold,,,,,BPI,Platinum,,,,,RIAA,Gold,,,,,1,,,,,,,,,,,,,,,,January,12,,12,,,,,,6,,,,,,13,29,,,RCA,11/1/1972,Transformer,1972
2587,Lou Reed,,,,,,,BPI,Silver,,,,,,,,,,,1,,,,,,,,,,,,,,,,January,59,,51,,,,,,,,,,,,7,98,,,RCA,10/1/1973,Berlin,1973
2588,Lou Reed,,,,,,,,,,,,,,,,,,,1,,,,,,,,,,,,,,,,January,14,,22,,,,,,15,,,,,,,10,,,RCA,9/1/1974,Sally Can't Dance,1974
2589,Lou Reed,,,,,,,,,,,,,,,,,,,1,,,,,,,,,,,,,,,,January,,,,,,,,,,,,,,,,,,,RCA,7/1/1975,Metal Machine Music,1975
2590,Lou Reed,,,,,,,,,,,,,,,,,,,1,,,,,,,,,,,,,,,,January,25,,,,,,,,4,,16,,23,,52,41,,,RCA,1/1/1976,Coney Island Baby,1976
2591,Lou Reed,,,,,,,,,,,,,,,,,,,1,,,,,,,,,,,,,,,,January,68,,91,,,,,,19,,,,40,,,64,,,Arista,11/1/1976,Rock and Roll Heart,1976
2592,Lou Reed,,,,,,,,,,,,,,,,,,,1,,,,,,,,,,,,,,,,January,24,,,,,,,,,,9,,,,,89,,,Arista,2/1/1978,Street Hassle,1978
2593,Lou Reed,,,,,,,,,,,,,,,,,,,1,,,,,,,,,,,,,,,,January,58,,,,,,,,,,13,,44,,,130,,,Arista,5/1/1979,The Bells,1979
2594,Lou Reed,,,,,,,,,,,,,,,,,,,1,,,,,,,,,,,,,,,,January,,,,,,,,,,,27,,35,,,158,,,Arista,4/1/1980,Growing Up in Public,1980
2595,Lou Reed,,,,,,,,,,,,,,,,,,,1,,,,,,,,,,,,,,,,January,,,,,52,,,,28,,35,,17,,,169,,,RCA,2/1/1982,The Blue Mask,1982
2596,Lou Reed,,,,,,,,,,,,,,,,,,,1,,,,,,,,,,,,,,,,January,,,,,,,,,,,,,36,,,159,,,RCA,3/1/1983,Legendary Hearts,1983
2597,Lou Reed,,,,,,,,,,,,,,,,,,,1,,,,,,,,,,,,,,,,January,56,,96,,,,,,,,25,,30,,92,56,,,RCA,4/1/1984,New Sensations,1984
2598,Lou Reed,,,,,,,,,,,,,,,,,,,1,,,,,,,,,,,,,,,,January,47,,54,,,,,,,,31,,14,,69,47,,,RCA,4/1/1986,Mistrial,1986
2599,Lou Reed,ARIA,Platinum,,,,,BPI,Gold,,,,,RIAA,Gold,,,,,1,,,,,,,,,,,,,,,,January,25,,44,,19,,,,11,12,17,,9,,14,40,,,Sire,1/1/1989,New York,1989
2600,Lou Reed,,,,,,,,,,,,,,,,,,,1,,,,,,,,,,,,,,,,January,100,,,,28,,,,14,,42,,43,,22,103,,,Sire,4/1/1990,Songs for Drella (with John Cale),1990
2601,Lou Reed,,,,,,,,,,,,,,,,,,,1,,,,,,,,,,,,,,,,January,56,,56,,17,,,,11,10,20,,9,,6,80,,,Sire,1/1/1992,Magic and Loss,1992
2602,Lou Reed,,,,,,,,,,,,,,,,,,,1,,,,,,,,,,,,,,,,January,109,,46,,18,,,,26,17,,,23,,26,110,,,Warner Bros.,2/1/1996,Set the Twilight Reeling,1996
2603,Lou Reed,,,,,,,,,,,,,,,,,,,1,,,,,,,,,,,,,,,,January,121,,,48,24,,,,68,20,,,,,54,183,,,Reprise Records,4/1/2000,Ecstasy,2000
2604,Lou Reed,,,,,,,,,,,,,,,,,,,1,,,,,,,,,,,,,,,,January,,,,60,45,,,,50,,,,,,,,,,Sire,1/1/2003,The Raven,2003
2605,Lou Reed,,,,,,,,,,,,,,,,,,,1,,,,,,,,,,,,,,,,January,,,,,,,,,,,,,,,,,,,Sounds True,4/1/2007,Hudson River Wind Meditations,2007
2606,Lou Reed,,,,,,,,,,,,,,,,,,,1,,,,,,,,,,,,,,,,January,33,,25,23,6,,,,17,11,12,,9,,36,36,,,Warner Bros.,10/1/2011,Lulu (with Metallica),2011
2607,Lynyrd Skynyrd,,,,,,,BPI,Silver,,,,,RIAA,Platinum,,,,,13,,,,,cassette,CD,,,,LP,,,,,,August,,,47,,,,,,,,,,,,,27,,,MCA Records,8/13/1973,(Pronounced 'L?h-'nérd 'Skin-'nérd),1973
2608,Lynyrd Skynyrd,,,,,,,,,,,,,RIAA,Platinum,,,,,15,,,,,cassette,CD,,,,LP,,,,,,April,,,9,,,,,,,,,,,,,12,,,MCA Records,4/15/1974,Second Helping,1974
2609,Lynyrd Skynyrd,,,,,,,,,,,,,RIAA,Platinum,,,,,24,,,,,cassette,CD,,,,LP,,,,,,March,91,,17,,,,,,,,,,,,43,9,,,MCA Records,3/24/1975,Nuthin' Fancy,1975
2610,Lynyrd Skynyrd,,,,,,,,,,,,,RIAA,Gold,,,,,2,,,,,cassette,CD,,,,LP,,,,,,February,,,1,,,,,,,,,,50,,34,20,,,MCA Records,2/2/1976,Gimme Back My Bullets,1976
2611,Lynyrd Skynyrd,,,,,,,,,,MC,Gold,,RIAA,Platinum,,,,,17,,,,,cassette,CD,,,,LP,,,,,,October,68,,3,,,,,,,,,,,,13,5,,,MCA Records,10/17/1977,Street Survivors,1977
2612,Lynyrd Skynyrd,,,,,,,,,,,,,,,,,,,11,,,,,cassette,CD,,,,LP,,,,,,June,,,39,,,,,,,,,,44,,,64,,,Atlantic Records,6/11/1991,Lynyrd Skynyrd 1991,1991
2613,Lynyrd Skynyrd,,,,,,,,,,,,,,,,,,,16,,,,,cassette,CD,,,,LP,,,,,,February,,,23,,80,,,,,,,,33,18,,64,,,Atlantic Records,2/16/1993,The Last Rebel,1993
2614,Lynyrd Skynyrd,,,,,,,,,,,,,,,,,,,9,,,,,,CD,,,,LP,,,,,,August,,,,,,,,,,,,,,,,115,,,Capricorn Records,8/9/1994,Endangered Species,1994
2615,Lynyrd Skynyrd,,,,,,,,,,,,,,,,,,,29,,,,,,CD,,,,,,,,,,April,,,,,70,,,,,36,,,,,,97,,,CMC International,4/29/1997,Twenty,1997
2616,Lynyrd Skynyrd,,,,,,,,,,,,,,,,,,,10,,,,,,CD,,,,,,,,,,August,,,,,47,,,,,,,,,,,96,,,SPV,8/10/1999,Edge of Forever,1999
2617,Lynyrd Skynyrd,,,,,,,,,,,,,,,,,,,12,,,,,,CD,,,,,,,,,,September,,,,,,,,,,,,,,,,,,,Sanctuary Records,9/12/2000,Christmas Time Again,2000
2618,Lynyrd Skynyrd,,,,,,,,,,,,,,,,,,,20,,,,,,CD,,,,LP,,,,,,May,,,,150,44,,,,,,,,,,,30,,,Sanctuary Records,5/20/2003,Vicious Cycle,2003
2619,Lynyrd Skynyrd,,,,,,,,,,,,,,,,,,,29,,,,,,CD,,,,LP,,,,,,September,,,,64,37,,,,,,,,38,38,36,18,,,Loud and Proud/Roadrunner Records,9/29/2009,God & Guns,2009
2620,Lynyrd Skynyrd,,,,,,,,,,,,,,,,,,,21,,,,,,CD,,,,LP,,,,,,August,,,,55,14,,,,,12,,,18,13,83,14,,,Loud and Proud/Roadrunner Records,8/21/2012,Last of a Dyin' Breed,2012
2621,Madonna,ARIA,Platinum,,BMVI,Gold,,BPI,Platinum,,,,,RIAA,Platinum,,SNEP,Platinum,,27,,,,,cassette,CD,,,,LP,,picture disc,,,,July,10,,16,8,28,,50,,7,,,35,,,6,8,,,SireWarner Bros.,7/27/1983,Madonna,1983
2622,Madonna,ARIA,Platinum,,BMVI,Gold,,BPI,Platinum,,MC,Diamond,,RIAA,Diamond,,SNEP,Platinum,,12,,,,,cassette,CD,,,,LP,,picture disc,,,,November,2,,3,2,1,,1,,1,,,1,,3,1,1,,,SireWarner Bros.,11/12/1984,Like a Virgin,1984
2623,Madonna,ARIA,Platinum,,BMVI,Platinum,,BPI,Platinum,,MC,Diamond,,RIAA,Platinum,,SNEP,Diamond,,30,,,,,cassette,CD,,,,LP,,picture disc,,,,June,1,,1,1,1,,1,,1,,,1,,1,1,1,,,SireWarner Bros.,6/30/1986,True Blue,1986
2624,Madonna,ARIA,Platinum,,BMVI,Gold,,BPI,Platinum,,MC,Platinum,,RIAA,Platinum,,SNEP,Platinum,,21,,,,,cassette,CD,,,,LP,,picture disc,,,,March,4,,2,1,1,,1,,1,,,1,,1,1,1,,,SireWarner Bros.,3/21/1989,Like a Prayer,1989
2625,Madonna,ARIA,Platinum,,BMVI,Gold,,BPI,Platinum,,MC,Platinum,,RIAA,Platinum,,,,,20,,,,,cassette,CD,,,,LP,,picture disc,,,,October,1,,4,1,5,,2,,13,,,5,,5,2,2,,,MaverickSireWarner Bros.,10/20/1992,Erotica,1992
2626,Madonna,ARIA,Platinum,,BMVI,Platinum,,BPI,Platinum,,MC,Platinum,,RIAA,Platinum,,SNEP,Gold,,25,,,,,cassette,CD,,,,LP,,picture disc,,,,October,1,,4,2,4,,2,,13,,,5,,7,2,3,,,"Maverick, SireWarner Bros.",10/25/1994,Bedtime Stories,1994
2627,Madonna,ARIA,Platinum,,BMVI,Platinum,,BPI,Platinum,,MC,Platinum,,RIAA,Platinum,,SNEP,Platinum,,22,,,,,cassette,CD,,digital download,,LP,MiniDisc,,,,,February,1,,1,2,1,,1,,1,,,1,,1,1,2,,,MaverickWarner Bros.,2/22/1998,Ray of Light,1998
2628,Madonna,ARIA,Platinum,,BMVI,Platinum,,BPI,Platinum,,MC,Platinum,,RIAA,Platinum,,SNEP,Platinum,,18,,,,,cassette,CD,,digital download,,LP,,,,,,September,2,,1,1,1,,1,,1,,,2,,1,1,1,,,MaverickWarner Bros.,9/18/2000,Music,2000
2629,Madonna,ARIA,Platinum,,BMVI,Platinum,,BPI,Platinum,,MC,Platinum,,RIAA,Platinum,,SNEP,Platinum,,21,,,,box set,cassette,CD,,digital download,,LP,,,,,,April,3,,1,1,1,,1,,3,,,2,,1,1,1,,,MaverickWarner Bros.,4/21/2003,American Life,2003
2630,Madonna,ARIA,Platinum,,BMVI,Platinum,,BPI,Platinum,,MC,Platinum,,RIAA,Platinum,,SNEP,Diamond,,9,,,,box set,,CD,,digital download,,LP,,,,,,November,1,,1,1,1,,1,,1,,,1,,1,1,1,,,Warner Bros.,11/9/2005,Confessions on a Dance Floor,2005
2631,Madonna,ARIA,Platinum,,BMVI,Platinum,,BPI,Platinum,,MC,Platinum,,RIAA,Gold,,SNEP,Platinum,,18,,,,box set,,CD,,digital download,,LP,,,,,,April,1,,1,1,1,,1,,1,,,1,,1,1,1,,,Warner Bros.,4/18/2008,Hard Candy,2008
2632,Madonna,ARIA,Gold,,BMVI,Gold,,BPI,Gold,,,,,RIAA,Gold,,SNEP,Platinum,,23,,,,,,CD,,digital download,,LP,,,,,,March,1,,1,2,3,,1,,1,,,1,,2,1,1,,,Interscope,3/23/2012,MDNA,2012
2633,Madonna,,,,,,,BPI,Gold,,,,,,,,SNEP,Gold,,6,,,,,,CD,,digital download,,LP,,,,,,March,1,,1,3,1,,1,,1,,,1,,1,2,2,,,Interscope,3/6/2015,Rebel Heart,2015
2634,Madonna,,,,,,,BPI,Silver,,,,,,,,,,,14,,,,box set,cassette,CD,,digital download,,LP,,,,,,June,2,,2,4,5,,2,,2,,,3,,2,2,1,,,Interscope,6/14/2019,Madame X,2019
2635,Martha and the Vandellas,,,,,,,,,,,,,,,,,,,28,,,,,,,,,,,,,,,,June,,,,,,,,,,,,,,,,,,,Gordy,6/28/1963,Come and Get These Memories,1963
2636,Martha and the Vandellas,,,,,,,,,,,,,,,,,,,30,,,,,,,,,,,,,,,,September,,,,,,,,,,,,,,,,125,,,Gordy,9/30/1963,Heat Wave,1963
2637,Martha and the Vandellas,,,,,,,,,,,,,,,,,,,12,,,,,,,,,,,,,,,,April,,,,,,,,,,,,,,,,139,,,Gordy,4/12/1965,Dance Party,1965
2638,Martha and the Vandellas,,,,,,,,,,,,,,,,,,,16,,,,,,,,,,,,,,,,November,,,,,,,,,,,,,,,,116,,,Gordy,11/16/1966,Watchout!,1966
2639,Martha and the Vandellas,,,,,,,,,,,,,,,,,,,29,,,,,,,,,,,,,,,,April,,,,,,,,,,,,,,,,167,,13,Gordy,4/29/1968,Ridin' High,1968
2640,Martha and the Vandellas,,,,,,,,,,,,,,,,,,,16,,,,,,,,,,,,,,,,September,,,,,,,,,,,,,,,,,,,Gordy,9/16/1969,Sugar 'n' Spice,1969
2641,Martha and the Vandellas,,,,,,,,,,,,,,,,,,,8,,,,,,,,,,,,,,,,September,,,,,,,,,,,,,,,,,,,Gordy,9/8/1970,Natural Resources,1970
2642,Martha and the Vandellas,,,,,,,,,,,,,,,,,,,3,,,,,,,,,,,,,,,,March,,,,,,,,,,,,,,,,146,,30,Gordy,3/3/1972,Black Magic,1972
2643,Marvin Gaye,,,,,,,,,,,,,,,,,,,8,,,,,,,,,,,,,,,,June,,,,,,,,,,,,,,,,,,,Tamla,6/8/1961,The Soulful Moods of Marvin Gaye,1961
2644,Marvin Gaye,,,,,,,,,,,,,,,,,,,31,,,,,,,,,,,,,,,,January,,,,,,,,,,,,,,,,,,,Tamla,1/31/1963,That Stubborn Kinda Fellow,1963
2645,Marvin Gaye,,,,,,,,,,,,,,,,,,,1,,,,,,,,,,,,,,,,April,,,,,,,,,,,,,,,,,,,Tamla,4/1/1964,When I'm Alone I Cry,1964
2646,Marvin Gaye,,,,,,,,,,,,,,,,,,,12,,,,,,,,,,,,,,,,November,,,,,,,,,,,,,,,,,,,Tamla,11/12/1964,Hello Broadway,1964
2647,Marvin Gaye,,,,,,,,,,,,,,,,,,,21,,,,,,,,,,,,,,,,January,,,,,,,,,,,,,,,,128,,4,Tamla,1/21/1965,How Sweet It Is to Be Loved by You,1965
2648,Marvin Gaye,,,,,,,,,,,,,,,,,,,1,,,,,,,,,,,,,,,,November,,,,,,,,,,,,,,,,,,,Tamla,11/1/1965,A Tribute to the Great Nat King Cole,1965
2649,Marvin Gaye,,,,,,,,,,,,,,,,,,,23,,,,,,,,,,,,,,,,May,,,,,,,,,,,,,,,,118,,8,Tamla,5/23/1966,Moods of Marvin Gaye,1966
2650,Marvin Gaye,,,,,,,BPI,Gold,,,,,,,,,,,26,,,,,,,,,,,,,,,,August,,,36,,,,,,,,,,,,,63,,2,Tamla,8/26/1968,In the Groove,1968
2651,Marvin Gaye,,,,,,,,,,,,,,,,,,,30,,,,,,,,,,,,,,,,April,,,,,,,,,,,,,,,,33,,1,Tamla,4/30/1969,M.P.G.,1969
2652,Marvin Gaye,,,,,,,,,,,,,,,,,,,8,,,,,,,,,,,,,,,,January,,,,,,,,,,,,,,,,189,,17,Tamla,1/8/1970,That's the Way Love Is,1970
2653,Marvin Gaye,,,,,,,BPI,Platinum,,,,,RIAA,Gold,,,,,21,,,,,,,,,,,,,,,,May,,,37,,,64,,,,,,,,,56,6,,1,Tamla,5/21/1971,What's Going On,1971
2654,Marvin Gaye,,,,,,,BPI,Gold,,,,,,,,,,,28,,,,,,,,,,,,,,,,August,,,10,,,,,,,,,,,,39,2,,1,Tamla,8/28/1973,Let's Get It On,1973
2655,Marvin Gaye,,,,,,,,,,,,,,,,,,,16,,,,,,,,,,,,,,,,March,87,,19,,,,,,,,,,,,22,4,,1,Tamla,3/16/1976,I Want You,1976
2656,Marvin Gaye,,,,,,,,,,,,,,,,,,,15,,,,,,,,,,,,,,,,December,,,35,,,,,,,,,,,,,26,,4,Tamla,12/15/1978,"Here, My Dear",1978
2657,Marvin Gaye,,,,,,,,,,,,,,,,,,,15,,,,,,,,,,,,,,,,January,,,,,,,,,,,,,,,48,32,,6,Tamla,1/15/1981,In Our Lifetime,1981
2658,Marvin Gaye,,,,,,,BPI,Gold,,,,,RIAA,Platinum,,,,,1,,,,,,,,,,,,,,,,October,23,,7,,20,,,,8,,6,,14,,10,7,,1,Columbia,10/1/1982,Midnight Love,1982
2659,Marvin Gaye,,,,,,,,,,,,,,,,,,,21,,,,,,,,,,,,,,,,May,,,94,,,,,,,,,,,,46,41,,8,Columbia,5/21/1985,Dream of a Lifetime,1985
2660,Marvin Gaye,,,,,,,,,,,,,,,,,,,1,,,,,,,,,,,,,,,,November,,,,,,,,,,,,,,,,,,,Columbia,11/1/1985,Romantically Yours,1985
2661,Marvin Gaye,,,,,,,,,,,,,,,,,,,22,,,,,,,,,,,,,,,,April,,,,,,,,,,,,,,,,,,,Motown,4/22/1997,Vulnerable,1997
2662,Marvin Gaye,,,,,,,,,,,,,,,,,,,29,,,,,,,,,,,,,,,,March,,,,,46,,,,,,,,,80,52,168,,17,Tamla,3/29/2019,You're the Man,2019
2663,Mary J. Blige,,,,,,,BPI,Silver,,,,,RIAA,Platinum,,,,,28,,,,,cassette,CD,,digital download,,LP,,,,,,July,,,,,,,,,,,,,,,53,6,,1,"Uptown, MCA",7/28/1992,What's the 411?,1992
2664,Mary J. Blige,,,,,,,BPI,Gold,,MC,Gold,,RIAA,Platinum,,,,,29,,,,,cassette,CD,,digital download,,LP,,,,,,November,111,,37,,,,,,69,,,,,,59,7,,1,"Uptown, MCA",11/29/1994,My Life,1994
2665,Mary J. Blige,,,,,,,BPI,Gold,,MC,Platinum,,RIAA,Platinum,,,,,22,,,,,cassette,CD,,digital download,,LP,,,,,,April,71,,4,31,37,,,,11,,,,,41,8,1,,1,MCA,4/22/1997,Share My World,1997
2666,Mary J. Blige,,,,,,,BPI,Gold,,MC,Gold,,RIAA,Platinum,,,,,17,,,,,cassette,CD,,digital download,,LP,,,,,,August,66,,5,51,38,,,,20,,,,,16,5,2,,1,MCA,8/17/1999,Mary,1999
2667,Mary J. Blige,,,,,,,BPI,Platinum,,MC,Platinum,,RIAA,Platinum,,SNEP,Gold,,28,,,,,cassette,CD,,digital download,,LP,,,,,,August,36,17,5,8,13,,,,9,,,,,7,4,2,,1,MCA,8/28/2001,No More Drama,2001
2668,Mary J. Blige,,,,,,,BPI,Gold,,,,,RIAA,Platinum,,,,,26,,,,,cassette,CD,,digital download,,LP,,,,,,August,62,49,6,18,21,,,,22,,,,,3,8,1,,1,Geffen,8/26/2003,Love & Life,2003
2669,Mary J. Blige,ARIA,Gold,,,,,BPI,Gold,,,,,RIAA,Platinum,,,,,20,,,,,cassette,CD,,digital download,,LP,,,,,,December,19,42,13,25,28,,,,12,,,,,7,22,1,,1,"Matriarch, Geffen",12/20/2005,The Breakthrough,2005
2670,Mary J. Blige,,,,,,,BPI,Silver,,,,,RIAA,Platinum,,,,,18,,,,,,CD,,digital download,,LP,,,,,,December,146,36,41,73,32,,,,31,,,,,6,6,1,,1,"Matriarch, Geffen",12/18/2007,Growing Pains,2007
2671,Mary J. Blige,,,,,,,,,,,,,RIAA,Gold,,,,,1,,,,,,CD,,digital download,,LP,,,,,,December,,,42,,,,,,89,,,,,66,33,2,,1,"Matriarch, Geffen",12/1/2009,Stronger with Each Tear,2009
2672,Mary J. Blige,,,,,,,,,,,,,RIAA,Gold,,,,,21,,,,,,CD,,digital download,,LP,,,,,,November,177,,,143,93,,,,95,,,,,31,76,5,,2,"Matriarch, Geffen",11/21/2011,My Life II... The Journey Continues (Act 1),2011
2673,Mary J. Blige,,,,,,,,,,,,,RIAA,Gold,,,,,15,,,,,,CD,,digital download,,LP,,,,,,October,,,,,,,,,96,,,,,,28,10,,2,"Matriarch, Verve",10/15/2013,A Mary Christmas,2013
2674,Mary J. Blige,,,,,,,,,,,,,,,,,,,24,,,,,,CD,,digital download,,LP,,,,,,November,111,,,113,,,,,94,,,,,27,40,9,,1,"Matriarch, Capitol",11/24/2014,The London Sessions,2014
2675,Mary J. Blige,,,,,,,,,,,,,,,,,,,28,,,,,,CD,,digital download,,LP,,,,,,April,100,,22,170,,,,,,,,,,63,54,3,,2,"Matriarch, Capitol",4/28/2017,Strength of a Woman,2017
2676,Mary J. Blige,,,,,,,,,,,,,,,,,,,11,,,,,,CD,,digital download,,,,,,,,February,,,,,,,,,,,,,,56,,14,,9,"Mary Jane, 300",2/11/2022,Good Morning Gorgeous,2022
2677,Mary J. Blige,,,,,,,,,,,,,,,,,,,15,,,,,,CD,,digital download,,,,,,,,November,,,,,,,,,,,,,,,,,,,"Mary Jane, 300",11/15/2024,Gratitude,2024
2678,Metallica,ARIA,Platinum,,,,,BPI,Gold,,MC,Platinum,,RIAA,Platinum,,,,,1,,,,,,,,,,,,,,,,July,55,,66,,17,,,,,,,,28,31,142,66,,,Megaforce,7/1/1983,Kill 'Em All,1983
2679,Metallica,ARIA,Platinum,,,,,BPI,Platinum,,MC,Platinum,,RIAA,Platinum,,,,,1,,,,,,,,,,,,,,,,July,38,,50,,21,,,,,40,32,,22,35,87,48,,,Megaforce,7/1/1984,Ride the Lightning,1984
2680,Metallica,ARIA,Platinum,,,,,BPI,Platinum,,MC,Platinum,,RIAA,Platinum,,,,,1,,,,,,,,,,,,,,,,March,33,,38,,4,,,,,30,33,,14,17,41,29,,,Elektra,3/1/1986,Master of Puppets,1986
2681,Metallica,ARIA,Platinum,,,,,BPI,Platinum,,MC,Platinum,,RIAA,Platinum,,,,,1,,,,,,,,,,,,,,,,August,16,,13,,3,,,,,8,36,,5,7,4,6,,,Elektra,8/1/1988,...And Justice for All,1988
2682,Metallica,ARIA,Platinum,,,,,BPI,Platinum,,MC,Diamond,,RIAA,Platinum,,,,,1,,,,,,,,,,,,,,,,August,1,,1,,1,,,,,1,1,,4,1,1,1,,,Elektra,8/1/1991,Metallica,1991
2683,Metallica,ARIA,Platinum,,,,,BPI,Platinum,,MC,Platinum,,RIAA,Platinum,,,,,1,,,,,,,,,,,,,,,,June,1,,1,,1,,,,,1,1,,1,1,1,1,,,Elektra,6/1/1996,Load,1996
2684,Metallica,ARIA,Platinum,,,,,BPI,Gold,,MC,Platinum,,RIAA,Platinum,,,,,1,,,,,,,,,,,,,,,,November,2,,2,,1,,,,,1,1,,1,1,4,1,,,Elektra,11/1/1997,Reload,1997
2685,Metallica,ARIA,Platinum,,,,,BPI,Gold,,MC,Platinum,,RIAA,Platinum,,,,,1,,,,,,,,,,,,,,,,June,1,,1,,1,,,,,1,1,,1,2,3,1,,,Elektra,6/1/2003,St. Anger,2003
2686,Metallica,ARIA,Platinum,,,,,BPI,Platinum,,MC,Platinum,,RIAA,Platinum,,,,,1,,,,,,,,,,,,,,,,September,1,,1,,1,,,,,1,1,,1,1,1,1,,,Warner Bros.,9/1/2008,Death Magnetic,2008
2687,Metallica,ARIA,Platinum,,,,,BPI,Gold,,MC,Platinum,,RIAA,Platinum,,,,,1,,,,,,,,,,,,,,,,November,1,,1,,1,,,,,1,1,,1,1,2,1,,,Blackened,11/1/2016,Hardwired... to Self-Destruct,2016
2688,Metallica,,,,,,,BPI,Silver,,,,,,,,,,,1,,,,,,,,,,,,,,,,April,1,,1,,1,,,,,2,1,,1,1,1,2,,,Blackened,4/1/2023,72 Seasons,2023
2689,Michael Jackson,,,,,,,,,,,,,RIAA,Gold,,,,,24,,8-track,,,cassette,,,,,LP,,,,,,January,,,,121,,,,,,,,,,,37,14,,,Motown Records,1/24/1972,Got to Be There,1972
2690,Michael Jackson,,,,,,,BPI,Silver,,,,,,,,,,,4,,8-track,,,cassette,,,,,LP,,,,,,August,65,,12,162,,,,,,,,,,,17,5,,,Motown Records,8/4/1972,Ben,1972
2691,Michael Jackson,,,,,,,,,,,,,,,,,,,13,,8-track,,,cassette,,,,,LP,,,,,,April,27,,,108,,,,,,,,,,,,92,,,Motown Records,4/13/1973,Music & Me,1973
2692,Michael Jackson,,,,,,,,,,,,,,,,,,,16,,8-track,,,cassette,,,,,LP,,,,,,January,,,,,,,,,,,,,,,,101,,,Motown Records,1/16/1975,"Forever, Michael",1975
2693,Michael Jackson,ARIA,Platinum,,BMVI,Platinum,,BPI,Platinum,,MC,Platinum,,RIAA,Platinum,,SNEP,Platinum,,10,,8-track,,,cassette,,,,,LP,,,reel-to-reel,,,August,1,,4,27,25,,,,,,2,11,,27,3,3,,,"Epic Records, CBS Records",8/10/1979,Off the Wall,1979
2694,Michael Jackson,ARIA,Platinum,,BMVI,Platinum,,BPI,Platinum,,MC,Diamond,,RIAA,Diamond,,SNEP,Diamond,,29,,8-track,,,cassette,CD,,,,LP,,,reel-to-reel,,,November,1,,1,1,1,,,,,,1,1,,1,1,1,,,Epic Records,11/29/1982,Thriller,1982
2695,Michael Jackson,ARIA,Platinum,,BMVI,Platinum,,BPI,Platinum,,MC,Diamond,,RIAA,Diamond,,SNEP,Diamond,,31,,8-track,,,cassette,CD,,,,LP,,,,,,August,2,,1,1,1,,,,,,1,1,,1,1,1,,,Epic Records,8/31/1987,Bad,1987
2696,Michael Jackson,ARIA,Platinum,,BMVI,Platinum,,BPI,Platinum,,MC,Platinum,,RIAA,Platinum,,SNEP,Diamond,,26,,,,,cassette,CD,,,,LP,,,,,,November,1,,2,1,1,,,,,,1,1,,1,1,1,,,Epic Records,11/26/1991,Dangerous,1991
2697,Michael Jackson,ARIA,Platinum,,BMVI,Platinum,,BPI,Platinum,,MC,Platinum,,RIAA,Platinum,,SNEP,Diamond,,20,,,,,cassette,CD,,,,LP,MiniDisc,,,,,June,1,,1,1,1,,,,,,1,1,,1,1,1,,,Epic Records,6/20/1995,"HIStory: Past, Present and Future, Book I",1995
2698,Michael Jackson,ARIA,Platinum,,BMVI,Platinum,,BPI,Platinum,,,,,RIAA,Platinum,,SNEP,Platinum,,30,,,,,cassette,CD,,,,LP,MiniDisc,,,,,October,1,,1,1,1,,,,,,4,2,,1,1,1,,,Epic Records,10/30/2001,Invincible,2001
2699,Miles Davis,,,,,,,,,,,,,,,,,,,1,,,,,,,,,,,,,,,,October,,,,,,,,,,,,,,,,,,,Prestige,10/1/1951,The New Sounds,1951
2700,Miles Davis,,,,,,,,,,,,,,,,,,,1,,,,,,,,,,,,,,,,May,,,,,,,,,,,,,,,,,,,Blue Note,5/1/1953,Young Man with a Horn,1953
2701,Miles Davis,,,,,,,,,,,,,,,,,,,1,,,,,,,,,,,,,,,,January,,,,,,,,,,,,,,,,,,,Prestige,1/1/1953,Blue Period,1953
2702,Miles Davis,,,,,,,,,,,,,,,,,,,1,,,,,,,,,,,,,,,,February,,,,,,,,,,,,,,,,,,,Prestige,2/1/1953,The Compositions of Al Cohn,1953
2703,Miles Davis,,,,,,,,,,,,,,,,,,,1,,,,,,,,,,,,,,,,April,,,,,,,,,,,,,,,,,,,Blue Note,4/1/1953,Miles Davis Volume 2,1953
2704,Miles Davis,,,,,,,,,,,,,,,,,,,1,,,,,,,,,,,,,,,,March,,,,,,,,,,,,,,,,,,,Blue Note,3/1/1954,"Miles Davis, Volume 3",1954
2705,Miles Davis,,,,,,,,,,,,,,,,,,,1,,,,,,,,,,,,,,,,May,,,,,,,,,,,,,,,,,,,Prestige,5/1/1954,Miles Davis Quartet,1954
2706,Miles Davis,,,,,,,,,,,,,,,,,,,1,,,,,,,,,,,,,,,,April,,,,,,,,,,,,,,,,,,,Prestige,4/1/1954,Miles Davis All Star Sextet,1954
2707,Miles Davis,,,,,,,,,,,,,,,,,,,1,,,,,,,,,,,,,,,,April,,,,,,,,,,,,,,,,,,,Prestige,4/1/1954,Miles Davis Quintet,1954
2708,Miles Davis,,,,,,,,,,,,,,,,,,,1,,,,,,,,,,,,,,,,June,,,,,,,,,,,,,,,,,,,Prestige,6/1/1954,Miles Davis with Sonny Rollins,1954
2709,Miles Davis,,,,,,,,,,,,,,,,,,,1,,,,,,,,,,,,,,,,December,,,,,,,,,,,,,,,,,,,Prestige,12/1/1955,"Miles Davis All Stars, Volume 1",1955
2710,Miles Davis,,,,,,,,,,,,,,,,,,,1,,,,,,,,,,,,,,,,December,,,,,,,,,,,,,,,,,,,Prestige,12/1/1955,"Miles Davis All Stars, Volume 2",1955
2711,Miles Davis,,,,,,,,,,,,,,,,,,,1,,,,,,,,,,,,,,,,June,,,,,,,,,,,,,,,,,,,Prestige,6/1/1955,The Musings of Miles,1955
2712,Miles Davis,,,,,,,,,,,,,,,,,,,1,,,,,,,,,,,,,,,,July,,,,,,,,,,,,,,,,,,,Debut,7/1/1955,Blue Moods,1955
2713,Miles Davis,,,,,,,,,,,,,,,,,,,1,,,,,,,,,,,,,,,,January,,,,,,,,,,,,,,,,,,,Prestige,1/1/1956,Dig,1956
2714,Miles Davis,,,,,,,,,,,,,,,,,,,1,,,,,,,,,,,,,,,,November,,,,,,,,,,,,,,,,,,,Prestige,11/1/1956,Miles: The New Miles Davis Quintet,1956
2715,Miles Davis,,,,,,,,,,,,,,,,,,,1,,,,,,,,,,,,,,,,January,,,,,,,,,,,,,,,,,,,Prestige,1/1/1956,Miles Davis and Horns,1956
2716,Miles Davis,,,,,,,,,,,,,,,,,,,1,,,,,,,,,,,,,,,,August,,,,,,,,,,,,,,,,,,,Prestige,8/1/1956,Quintet / Sextet,1956
2717,Miles Davis,,,,,,,,,,,,,,,,,,,1,,,,,,,,,,,,,,,,May,,,,,,,,,,,,,,,,,,,Prestige,5/1/1956,Blue Haze,1956
2718,Miles Davis,,,,,,,,,,,,,,,,,,,1,,,,,,,,,,,,,,,,January,,,,,,,,,,,,,,,,,,,Prestige,1/1/1956,Collectors' Items,1956
2719,Miles Davis,,,,,,,,,,,,,,,,,,,1,,,,,,,,,,,,,,,,April,,,,,,,,,,,,,,,,,,,Prestige,4/1/1957,Walkin',1957
2720,Miles Davis,,,,,,,,,,,,,,,,,,,1,,,,,,,,,,,,,,,,October,,,,,,,,,,,,,,,,,,,Prestige,10/1/1957,Cookin',1957
2721,Miles Davis,,,,,,,,,,,,,,,,,,,1,,,,,,,,,,,,,,,,June,,,,,,,,,,,,,,,,,,,Prestige,6/1/1957,Bags' Groove,1957
2722,Miles Davis,,,,,,,,,,,,,,,,,,,1,,,,,,,,,,,,,,,,May,,,,,,,,,,,,,,,,,,,Prestige,5/1/1958,Relaxin',1958
2723,Miles Davis,,,,,,,,,,,,,,,,,,,1,,,,,,,,,,,,,,,,December,,,,,,,,,,,,,,,,,,,Prestige,12/1/1959,Miles Davis and the Modern Jazz Giants,1959
2724,Miles Davis,,,,,,,,,,,,,,,,,,,1,,,,,,,,,,,,,,,,May,,,,,,,,,,,,,,,,,,,Prestige,5/1/1960,Workin',1960
2725,Miles Davis,,,,,,,,,,,,,,,,,,,1,,,,,,,,,,,,,,,,May,,,,,,,,,,,,,,,,,,,Prestige,5/1/1961,Steamin',1961
2726,Miles Davis,,,,,,,,,,,,,,,,,,,1,,,,,,,,,,,,,,,,October,,,,,,,,,,,,,,,,,,,Prestige,10/1/1951,The New Sounds,1951
2727,Miles Davis,,,,,,,,,,,,,,,,,,,1,,,,,,,,,,,,,,,,May,,,,,,,,,,,,,,,,,,,Blue Note,5/1/1953,Young Man with a Horn,1953
2728,Miles Davis,,,,,,,,,,,,,,,,,,,1,,,,,,,,,,,,,,,,January,,,,,,,,,,,,,,,,,,,Prestige,1/1/1953,Blue Period,1953
2729,Miles Davis,,,,,,,,,,,,,,,,,,,1,,,,,,,,,,,,,,,,February,,,,,,,,,,,,,,,,,,,Prestige,2/1/1953,The Compositions of Al Cohn,1953
2730,Miles Davis,,,,,,,,,,,,,,,,,,,1,,,,,,,,,,,,,,,,April,,,,,,,,,,,,,,,,,,,Blue Note,4/1/1953,Miles Davis Volume 2,1953
2731,Miles Davis,,,,,,,,,,,,,,,,,,,1,,,,,,,,,,,,,,,,March,,,,,,,,,,,,,,,,,,,Blue Note,3/1/1954,"Miles Davis, Volume 3",1954
2732,Miles Davis,,,,,,,,,,,,,,,,,,,1,,,,,,,,,,,,,,,,May,,,,,,,,,,,,,,,,,,,Prestige,5/1/1954,Miles Davis Quartet,1954
2733,Miles Davis,,,,,,,,,,,,,,,,,,,1,,,,,,,,,,,,,,,,April,,,,,,,,,,,,,,,,,,,Prestige,4/1/1954,Miles Davis All Star Sextet,1954
2734,Miles Davis,,,,,,,,,,,,,,,,,,,1,,,,,,,,,,,,,,,,April,,,,,,,,,,,,,,,,,,,Prestige,4/1/1954,Miles Davis Quintet,1954
2735,Miles Davis,,,,,,,,,,,,,,,,,,,1,,,,,,,,,,,,,,,,June,,,,,,,,,,,,,,,,,,,Prestige,6/1/1954,Miles Davis with Sonny Rollins,1954
2736,Miles Davis,,,,,,,,,,,,,,,,,,,1,,,,,,,,,,,,,,,,December,,,,,,,,,,,,,,,,,,,Prestige,12/1/1955,"Miles Davis All Stars, Volume 1",1955
2737,Miles Davis,,,,,,,,,,,,,,,,,,,1,,,,,,,,,,,,,,,,December,,,,,,,,,,,,,,,,,,,Prestige,12/1/1955,"Miles Davis All Stars, Volume 2",1955
2738,Miles Davis,,,,,,,,,,,,,,,,,,,1,,,,,,,,,,,,,,,,June,,,,,,,,,,,,,,,,,,,Prestige,6/1/1955,The Musings of Miles,1955
2739,Miles Davis,,,,,,,,,,,,,,,,,,,1,,,,,,,,,,,,,,,,July,,,,,,,,,,,,,,,,,,,Debut,7/1/1955,Blue Moods,1955
2740,Miles Davis,,,,,,,,,,,,,,,,,,,1,,,,,,,,,,,,,,,,January,,,,,,,,,,,,,,,,,,,Prestige,1/1/1956,Dig,1956
2741,Miles Davis,,,,,,,,,,,,,,,,,,,1,,,,,,,,,,,,,,,,November,,,,,,,,,,,,,,,,,,,Prestige,11/1/1956,Miles: The New Miles Davis Quintet,1956
2742,Miles Davis,,,,,,,,,,,,,,,,,,,1,,,,,,,,,,,,,,,,January,,,,,,,,,,,,,,,,,,,Prestige,1/1/1956,Miles Davis and Horns,1956
2743,Miles Davis,,,,,,,,,,,,,,,,,,,1,,,,,,,,,,,,,,,,August,,,,,,,,,,,,,,,,,,,Prestige,8/1/1956,Quintet / Sextet,1956
2744,Miles Davis,,,,,,,,,,,,,,,,,,,1,,,,,,,,,,,,,,,,May,,,,,,,,,,,,,,,,,,,Prestige,5/1/1956,Blue Haze,1956
2745,Miles Davis,,,,,,,,,,,,,,,,,,,1,,,,,,,,,,,,,,,,January,,,,,,,,,,,,,,,,,,,Prestige,1/1/1956,Collectors' Items,1956
2746,Miles Davis,,,,,,,,,,,,,,,,,,,1,,,,,,,,,,,,,,,,April,,,,,,,,,,,,,,,,,,,Prestige,4/1/1957,Walkin',1957
2747,Miles Davis,,,,,,,,,,,,,,,,,,,1,,,,,,,,,,,,,,,,October,,,,,,,,,,,,,,,,,,,Prestige,10/1/1957,Cookin',1957
2748,Miles Davis,,,,,,,,,,,,,,,,,,,1,,,,,,,,,,,,,,,,June,,,,,,,,,,,,,,,,,,,Prestige,6/1/1957,Bags' Groove,1957
2749,Miles Davis,,,,,,,,,,,,,,,,,,,1,,,,,,,,,,,,,,,,May,,,,,,,,,,,,,,,,,,,Prestige,5/1/1958,Relaxin',1958
2750,Miles Davis,,,,,,,,,,,,,,,,,,,1,,,,,,,,,,,,,,,,December,,,,,,,,,,,,,,,,,,,Prestige,12/1/1959,Miles Davis and the Modern Jazz Giants,1959
2751,Miles Davis,,,,,,,,,,,,,,,,,,,1,,,,,,,,,,,,,,,,May,,,,,,,,,,,,,,,,,,,Prestige,5/1/1960,Workin',1960
2752,Miles Davis,,,,,,,,,,,,,,,,,,,1,,,,,,,,,,,,,,,,May,,,,,,,,,,,,,,,,,,,Prestige,5/1/1961,Steamin',1961
2753,Miles Davis,,,,,,,,,,,,,,,,,,,1,,,,,,,,,,,,,,,,July,,,,,,,,,,35,46,,30,,,53,,,Columbia,7/1/1981,The Man with the Horn,1981
2754,Miles Davis,,,,,,,,,,,,,,,,,,,1,,,,,,,,,,,,,,,,April,,,,,,,,,,,,,,,,136,,,Columbia,4/1/1983,Star People,1983
2755,Miles Davis,,,,,,,,,,,,,,,,,,,1,,,,,,,,,,,,,,,,June,,,,,,,,,,,,,,,,169,,,Columbia,6/1/1984,Decoy,1984
2756,Miles Davis,,,,,,,,,,,,,,,,,,,9,,,,,,,,,,,,,,,,September,,,,,,,,,,,,,26,19,,111,,,Columbia,9/9/1985,You're Under Arrest,1985
2757,Miles Davis,,,,,,,,,,,,,,,,SNEP,Gold,,29,,,,,,,,,,,,,,,,September,,,,,,,,,,,,,33,27,,141,,,Warner Bros.,9/29/1986,Tutu,1986
2758,Miles Davis,,,,,,,,,,,,,,,,,,,18,,,,,,,,,,,,,,,,May,,,,,,,,,,,,,43,24,,177,,,Warner Bros.,5/18/1989,Amandla,1989
2759,Miles Davis,,,,,,,,,,,,,,,,,,,12,,,,,,,,,,,,,,,,September,,,,,,,,,,,,,,,,,,,Columbia,9/12/1989,Aura,1989
2760,Miles Davis,,,,BMVI,Gold,,,,,,,,,,,,,,30,,,,,,,,,,,,,,,,June,,,,,,,,,,,21,,40,7,,190,,,Warner Bros.,6/30/1992,Doo-Bop,1992
2761,Miles Davis,,,,,,,,,,,,,,,,,,,6,,,,,,,,,,,,,,,,September,,,,,,,,,,,,,,,,,,,Warner Bros.,9/6/2019,Rubberband,2019
2762,Missy Elliott,,,,,,,BPI,Silver,,,,,RIAA,Platinum,,,,,1,,,,,cassette,CD,,digital download,,LP,,,,,,July,,,,,,,,,,,49,,,,124,3,,,"The Goldmind, Elektra",7/1/1997,Supa Dupa Fly,1997
2763,Missy Elliott,,,,,,,BPI,Silver,,,,,RIAA,Platinum,,,,,1,,,,,cassette,CD,,digital download,,LP,,,,,,June,,,,,20,,,,,,,,59,42,42,10,,,"The Goldmind, Elektra",6/1/1999,Da Real World,1999
2764,Missy Elliott,,,,,,,BPI,Platinum,,MC,Platinum,,RIAA,Platinum,,,,,1,,,,,cassette,CD,,digital download,,LP,,,,,,May,81,,,,12,45,,,,,32,,29,16,10,2,,,"The Goldmind, Elektra",5/1/2001,Miss E... So Addictive,2001
2765,Missy Elliott,ARIA,Platinum,,,,,BPI,Gold,,,,,RIAA,Platinum,,,,,1,,,,,cassette,CD,,digital download,,LP,,,,,,November,26,,,,19,48,,,,,32,,23,26,23,3,,,"The Goldmind, Elektra",11/1/2002,Under Construction,2002
2766,Missy Elliott,ARIA,Gold,,,,,BPI,Gold,,MC,Gold,,RIAA,Platinum,,,,,1,,,,,cassette,CD,,digital download,,LP,,,,,,November,39,,,,37,,,,,,35,,50,25,47,13,,,"The Goldmind, Elektra",11/1/2003,This Is Not a Test!,2003
2767,Missy Elliott,,,,,,,,,,,,,RIAA,Platinum,,,,,1,,,,,,CD,,digital download,,LP,,,,,,July,19,,,,19,47,,,,,20,,41,8,33,2,,,"The Goldmind, Atlantic",7/1/2005,The Cookbook,2005
2768,Muddy Waters,,,,,,,,,,,,,,,,,,,1,,,,,,,,,,,,,,,,June,,,,,,,,,,,,,,,,,,,Chess,6/1/1960,"Muddy Waters Sings ""Big Bill""",1960
2769,Muddy Waters,,,,,,,,,,,,,,,,,,,30,,,,,,,,,,,,,,,,January,,,,,,,,,,,,,,,,,,,Chess,1/30/1964,Folk Singer,1964
2770,Muddy Waters,,,,,,,,,,,,,,,,,,,26,,,,,,,,,,,,,,,,October,,,,,,,,,,,,,,,,,,,Chess,10/26/1966,"Muddy, Brass & the Blues",1966
2771,Muddy Waters,,,,,,,,,,,,,,,,,,,5,,,,,,,,,,,,,,,,October,,,,,,,,,,,,,,,,,,,Cadet Concept,10/5/1968,Electric Mud,1968
2772,Muddy Waters,,,,,,,,,,,,,,,,,,,12,,,,,,,,,,,,,,,,May,,,,,,,,,,,,,,,,,,,Cadet Concept,5/12/1969,After the Rain,1969
2773,Muddy Waters,,,,,,,,,,,,,,,,,,,18,,,,,,,,,,,,,,,,August,,,,,,,,,,,,,,,,,,,Chess,8/18/1969,Fathers and Sons,1969
2774,Muddy Waters,,,,,,,,,,,,,,,,,,,1,,,,,,,,,,,,,,,,April,,,,,,,,,,,,,,,,,,,Chess,4/1/1972,The London Muddy Waters Sessions,1972
2775,Muddy Waters,,,,,,,,,,,,,,,,,,,1,,,,,,,,,,,,,,,,August,,,,,,,,,,,,,,,,,,,Chess,8/1/1973,Can't Get No Grindin',1973
2776,Muddy Waters,,,,,,,,,,,,,,,,,,,1,,,,,,,,,,,,,,,,March,,,,,,,,,,,,,,,,,,,Chess,3/1/1974,"""Unk"" in Funk",1974
2777,Muddy Waters,,,,,,,,,,,,,,,,,,,1,,,,,,,,,,,,,,,,April,,,,,,,,,,,,,,,,,,,Chess,4/1/1975,The Muddy Waters Woodstock Album,1975
2778,Muddy Waters,,,,,,,,,,,,,,,,,,,10,,,,,,,,,,,,,,,,January,,,,,,,,,,,,,,,,,,,Blue Sky,1/10/1977,Hard Again,1977
2779,Muddy Waters,,,,,,,,,,,,,,,,,,,1,,,,,,,,,,,,,,,,January,,,,,,,,,,,,,,,,,,,Blue Sky,1/1/1978,I'm Ready,1978
2780,Muddy Waters,,,,,,,,,,,,,,,,,,,1,,,,,,,,,,,,,,,,January,,,,,,,,,,,,,,,,,,,Blue Sky,1/1/1981,King Bee,1981
2781,N.W.A,,,,,,,BPI,Platinum,,,,,RIAA,Platinum,,,,,25,,,,,,,,,,,,,,,,January,8,,,,36,7,,,,,43,,,,,4,,,"Ruthless,Priority",1/25/1989,Straight Outta Compton,1989
2782,N.W.A,,,,,,,BPI,Silver,,,,,RIAA,Platinum,,,,,28,,,,,cassette,CD,,digital download,,LP,,,,,,May,,,,,,,,,,,,,,,,1,,,"Ruthless, Priority",5/28/1991,Niggaz4Life,1991
2783,Neil Diamond,,,,,,,,,,,,,,,,,,,12,,,,,,,,,,LP,,,,,,August,,,,,,,,,,,,,,,,137,,,Bang,8/12/1966,The Feel of Neil Diamond,1966
2784,Neil Diamond,,,,,,,,,,,,,,,,,,,25,,,,,,,,,,LP,,,,,,August,,,,,,,,,,,,,,,,80,,,Bang,8/25/1967,Just for You,1967
2785,Neil Diamond,,,,,,,,,,,,,,,,,,,15,,8-track,,,cassette,,,,,LP,,,,,,October,,,,,,,,,,,,,,,,,,,Uni,10/15/1968,Velvet Gloves and Spit,1968
2786,Neil Diamond,,,,,,,,,,,,,RIAA,Gold,,,,,4,,8-track,,,cassette,,,,,LP,,,,,,April,,,,,,,,,,,,,,,,82,,,Uni,4/4/1969,Brother Love's Travelling Salvation Show,1969
2787,Neil Diamond,,,,,,,,,,,,,RIAA,Gold,,,,,14,,8-track,,,cassette,,,,,LP,,,,,,November,9,,21,,,,,,,,,,,,,30,,,Uni,11/14/1969,"Touching You, Touching Me",1969
2788,Neil Diamond,,,,,,,,,,,,,RIAA,Platinum,,,,,6,,8-track,,,cassette,,,,,LP,,,,,,November,31,,13,,,,,,,,,,,,18,13,,,Uni,11/6/1970,Tap Root Manuscript,1970
2789,Neil Diamond,,,,,,,,,,,,,RIAA,Gold,,,,,5,,8-track,,,cassette,,,,,LP,,,,,,November,13,,10,,28,,,,,,,,,,17,11,,,Uni,11/5/1971,Stones,1971
2790,Neil Diamond,,,,,,,,,,,,,RIAA,Platinum,,,,,15,,8-track,,,cassette,,,,,LP,,,,,,July,4,,4,,9,,,,3,5,,,,,7,5,,,Uni,7/15/1972,Moods,1972
2791,Neil Diamond,ARIA,Gold,,BMVI,Gold,,BPI,Gold,,MC,Platinum,,RIAA,Platinum,,,,,27,,8-track,,,cassette,,,,,LP,,,,,,September,1,7,2,,1,,,,3,,3,,,,11,3,,,Columbia,9/27/1974,Serenade,1974
2792,Neil Diamond,ARIA,Gold,,BMVI,Gold,,BPI,Gold,,MC,Platinum,,RIAA,Platinum,,,,,11,,8-track,,,cassette,,,,,LP,,,,,,June,1,1,5,,1,,,,1,,1,,,,10,4,,,Columbia,6/11/1976,Beautiful Noise,1976
2793,Neil Diamond,,,,,,,BPI,Gold,,MC,Platinum,,RIAA,Platinum,,,,,11,,8-track,,,cassette,,,,,LP,,,,,,November,5,8,6,,13,,,,4,,1,,,,16,6,,,Columbia,11/11/1977,I'm Glad You're Here with Me Tonight,1977
2794,Neil Diamond,,,,,,,BPI,Gold,,MC,Platinum,,RIAA,Platinum,,,,,3,,8-track,,,cassette,,,,,LP,,,,,,November,5,,4,,38,,,,7,,2,,,,15,4,,,Columbia,11/3/1978,You Don't Bring Me Flowers,1978
2795,Neil Diamond,ARIA,Platinum,,,,,BPI,Gold,,,,,RIAA,Platinum,,,,,22,,8-track,,,cassette,,,,,LP,,,,,,December,3,13,13,,28,,,,17,,3,,,,14,10,,,Columbia,12/22/1979,September Morn,1979
2796,Neil Diamond,,,,,,,BPI,Silver,,,,,RIAA,Platinum,,,,,9,,8-track,,,cassette,,,,,LP,,,,,,October,12,,36,,56,,,,14,,11,,,,39,17,,,Columbia,10/9/1981,On the Way to the Sky,1981
2797,Neil Diamond,ARIA,Platinum,,,,,BPI,Silver,,,,,RIAA,Platinum,,,,,27,,8-track,,,cassette,,,,,LP,,,,,,August,8,,13,,,,,,25,39,37,,,,43,9,,,Columbia,8/27/1982,Heartlight,1982
2798,Neil Diamond,,,,,,,BPI,Silver,,,,,RIAA,Gold,,,,,1,,,,,cassette,CD,,,,LP,,,,,,April,45,,55,,21,,,,5,,,,,,7,35,,,Columbia,4/1/1984,Primitive,1984
2799,Neil Diamond,,,,,,,,,,,,,RIAA,Gold,,,,,11,,,,,cassette,CD,,,,LP,,,,,,March,72,,51,,65,,,,33,,,,,,36,20,,,Columbia,3/11/1986,Headed for the Future,1986
2800,Neil Diamond,,,,,,,,,,,,,RIAA,Gold,,,,,13,,,,,cassette,CD,,,,LP,,,,,,December,92,,,,,,,,59,,,,,,42,46,,,Columbia,12/13/1988,The Best Years of Our Lives,1988
2801,Neil Diamond,ARIA,Gold,,,,,BPI,Gold,,,,,RIAA,Gold,,,,,27,,,,,cassette,CD,,,,LP,,,,,,August,15,,,,,8,,,39,,,,,,36,44,,,Columbia,8/27/1991,Lovescape,1991
2802,Neil Diamond,ARIA,Platinum,,,,,,,,MC,Platinum,,RIAA,Platinum,,,,,22,,,,,cassette,CD,,,,LP,,,,,,September,30,,23,,,,,,,,,,,,50,8,,,Columbia,9/22/1992,The Christmas Album,1992
2803,Neil Diamond,,,,,,,BPI,Silver,,,,,RIAA,Gold,,,,,31,,,,,cassette,CD,,,,LP,,,,,,August,25,,,,,,,,77,,,,,,28,28,,,Columbia,8/31/1993,Up on the Roof: Songs from the Brill Building,1993
2804,Neil Diamond,,,,,,,,,,,,,RIAA,Gold,,,,,11,,,,,cassette,CD,,,,,MiniDisc,,,,,October,,,,,,,,,,,,,,,,51,,,Columbia,10/11/1994,"The Christmas Album, Volume II",1994
2805,Neil Diamond,ARIA,Platinum,,,,,BPI,Silver,,,,,RIAA,Gold,,,,,6,,,,,cassette,CD,,,,,,,,,,February,2,,,,,,,,,,13,,,,12,14,,,Columbia,2/6/1996,Tennessee Moon,1996
2806,Neil Diamond,,,,,,,,,,,,,RIAA,Gold,,,,,26,,,,,cassette,CD,,,,,,,,,,October,59,,,,72,,,,,,43,,,,68,31,,,Columbia,10/26/1998,The Movie Album: As Time Goes By,1998
2807,Neil Diamond,ARIA,Gold,,,,,,,,,,,RIAA,Gold,,,,,24,,,,,cassette,CD,,,,,,,,,,July,3,,,,,,,,,,,,,,49,15,,,Columbia,7/24/2001,Three Chord Opera,2001
2808,Neil Diamond,ARIA,Gold,,,,,BPI,Gold,,MC,Gold,,RIAA,Gold,,,,,8,,,,,,CD,,,,LP,,,,,,November,40,11,,,20,16,,,10,,40,,,,5,4,,,Columbia,11/8/2005,12 Songs,2005
2809,Neil Diamond,ARIA,Gold,,,,,BPI,Platinum,,,,,RIAA,Gold,,,,,6,,,,,,CD,,,,LP,,,,,,May,9,11,,,14,5,,,2,19,1,,,,1,1,,,Columbia,5/6/2008,Home Before Dark,2008
2810,Neil Diamond,,,,,,,,,,,,,,,,,,,13,,,,,,CD,,,,,,,,,,October,,,,,,,,,,,,,,,,60,,,Columbia,10/13/2009,A Cherry Cherry Christmas,2009
2811,Neil Diamond,,,,,,,BPI,Gold,,,,,,,,,,,2,,,,,,CD,,,,,,,,,,November,5,31,,,51,28,,,12,,5,,,,8,8,,,Columbia,11/2/2010,Dreams,2010
2812,Neil Diamond,ARIA,Gold,,,,,BPI,Gold,,,,,RIAA,Gold,,,,,21,,,,,,CD,,,,LP,,,,,,October,8,25,,,24,8,,,11,,4,,,,4,3,,,Capitol,10/21/2014,Melody Road,2014
2813,Neil Diamond,,,,,,,,,,,,,,,,,,,18,,,,,,CD,,,,LP,,,,,,November,46,,,,,,,,123,,,,,,,48,,,Capitol,11/18/2016,Acoustic Christmas,2016
2814,Neil Diamond,,,,,,,BPI,Gold,,,,,,,,,,,20,,,,,,CD,,,,,,,,,,November,20,26,,,39,32,,,39,,,,,,2,173,,,Capitol,11/20/2020,Classic Diamonds (with London Symphony Orchestra),2020
2815,Neil Young,,,,,,,,,,,,,,,,,,,12,,,,,,,,,,,,,,,,November,,,,,,,,84,,,,,,,,,,,Reprise,11/12/1968,Neil Young,1968
2816,Neil Young,,,,,,,BPI,Silver,,,,,RIAA,Platinum,,,,,14,,,,,,,,,,,,,,,,May,,,32,,,,,,,,,18,,,,34,,,Reprise,5/14/1969,Everybody Knows This Is Nowhere (with Crazy Horse),1969
2817,Neil Young,,,,,,,BPI,Platinum,,,,,RIAA,Platinum,,,,,19,,,,,,,,,,,,,,,,September,13,,5,,,,,82,1,17,,10,14,,7,8,,,Reprise,9/19/1970,After the Gold Rush,1970
2818,Neil Young,ARIA,Platinum,,BMVI,Gold,,BPI,Platinum,,,,,RIAA,Platinum,,,,,1,,,,,,,,,,,,,,,,February,1,,1,1,4,,12,6,1,1,48,4,12,,1,1,,,Reprise,2/1/1972,Harvest,1972
2819,Neil Young,,,,,,,BPI,Silver,,,,,RIAA,Gold,,,,,19,,,,,,,,,,,,,,,,July,34,,13,3,,,15,48,5,10,,,,,42,16,,,Reprise,7/19/1974,On the Beach,1974
2820,Neil Young,ARIA,Gold,,,,,BPI,Silver,,,,,RIAA,Gold,,,,,20,,,,,,,,,,,,,,,,June,42,,12,11,,,19,61,10,,,,,,48,25,,,Reprise,6/20/1975,Tonight's the Night,1975
2821,Neil Young,,,,,,,BPI,Silver,,,,,RIAA,Gold,,,,,10,,,,,,,,,,,,,,,,November,44,,69,13,,,17,84,4,,35,13,,,44,25,,,Reprise,11/10/1975,Zuma (with Crazy Horse),1975
2822,Neil Young,,,,,,,BPI,Silver,,,,,RIAA,Gold,,,,,10,,,,,,,,,,,,,,,,September,16,,35,,,,,,3,19,17,,,,12,26,,,Reprise,9/10/1976,Long May You Run (as Stills-Young Band),1976
2823,Neil Young,,,,,,,BPI,Silver,,,,,RIAA,Gold,,,,,27,,,,,,,,,,,,,,,,May,21,,16,4,,,13,63,5,5,35,,16,,17,21,,,Reprise,5/27/1977,American Stars 'n Bars (with Crazy Horse),1977
2824,Neil Young,ARIA,Platinum,,,,,BPI,Gold,,,,,RIAA,Platinum,,,,,21,,,,,,,,,,,,,,,,October,6,,4,2,,,9,65,3,9,6,,,,42,7,,,Reprise,10/21/1978,Comes a Time,1978
2825,Neil Young,,,,,,,BPI,Silver,,,,,RIAA,Platinum,,,,,22,,,,,,,,,,,,,,,,June,8,,28,,59,,12,,19,,7,,9,,13,8,,,Reprise,6/22/1979,Rust Never Sleeps (with Crazy Horse),1979
2826,Neil Young,,,,,,,,,,,,,,,,,,,29,,,,,,,,,,,,,,,,October,10,,50,,,,10,72,30,15,4,,22,,34,30,,,Reprise,10/29/1980,Hawks & Doves,1980
2827,Neil Young,,,,,,,,,,,,,,,,,,,28,,,,,,,,,,,,,,,,October,27,,20,,,,20,,,24,4,,32,,69,27,,,Reprise,10/28/1981,ReÃ‚Â·acÃ‚Â·tor (with Crazy Horse),1981
2828,Neil Young,,,,,,,,,,,,,,,,,,,29,,,,,,,,,,,,,,,,December,23,,10,,51,,,90,32,13,8,,6,,29,19,,,Geffen,12/29/1982,Trans,1982
2829,Neil Young,,,,,,,,,,,,,,,,,,,27,,,,,,,,,,,,,,,,July,30,,22,,61,,,,29,18,21,,15,,50,46,,,Geffen,7/27/1983,Everybody's Rockin' (with The Shocking Pinks),1983
2830,Neil Young,,,,,,,,,,,,,,,,,,,12,,,,,,,,,,,,,,,,August,30,,31,,,,,,25,,29,,13,,39,75,,,Geffen,8/12/1985,Old Ways,1985
2831,Neil Young,,,,,,,,,,,,,,,,,,,21,,,,,,,,,,,,,,,,July,43,,40,,,,,,34,,,,15,,52,46,,,Geffen,7/21/1986,Landing on Water,1986
2832,Neil Young,,,,,,,,,,,,,,,,,,,30,,,,,,,,,,,,,,,,June,,,42,,,,,,37,,,,9,,71,75,,,Geffen,6/30/1987,Life (with Crazy Horse),1987
2833,Neil Young,,,,,,,,,,,,,,,,,,,12,,,,,,,,,,,,,,,,April,45,,26,,,,,,50,,36,,22,,56,61,,,Reprise,4/12/1988,This Note's for You (with The Bluenotes),1988
2834,Neil Young,,,,,,,BPI,Silver,,MC,Gold,,RIAA,Gold,,,,,2,,,,,,,,,,,,,,,,October,,,16,,40,,,,30,,,,21,,17,35,,,Reprise,10/2/1989,Freedom,1989
2835,Neil Young,,,,,,,BPI,Silver,,MC,Gold,,,,,,,,9,,,,,,,,,,,,,,,,September,62,,20,,42,,,,19,13,22,,25,,15,31,,,Reprise,9/9/1990,Ragged Glory (with Crazy Horse),1990
2836,Neil Young,ARIA,Gold,,,,,BPI,Gold,,MC,Platinum,,RIAA,Gold,,,,,2,,,,,,,,,,,,,,,,November,40,,4,35,34,,,46,23,6,7,,13,,9,16,,,Reprise,11/2/1992,Harvest Moon,1992
2837,Neil Young,,,,,,,BPI,Gold,,,,,RIAA,Gold,,,,,6,,,,,,,,,,,,,,,,August,23,,7,29,11,,29,65,10,4,17,29,2,,2,9,,,Reprise,8/6/1994,Sleeps with Angels (with Crazy Horse),1994
2838,Neil Young,,,,,,,BPI,Silver,,,,,RIAA,Gold,,,,,27,,,,,,,,,,,,,,,,June,4,,4,19,8,,17,40,18,2,10,33,3,,4,5,,,Reprise,6/27/1995,Mirror Ball (featuring Pearl Jam),1995
2839,Neil Young,,,,,,,,,,,,,,,,,,,2,,,,,,,,,,,,,,,,July,43,,19,42,13,,42,,24,9,27,,14,,17,31,,,Reprise,7/2/1996,Broken Arrow (with Crazy Horse),1996
2840,Neil Young,,,,,,,,,,,,,,,,,,,25,,,,,,,,,,,,,,,,April,30,,5,38,5,,11,45,25,2,49,,9,,10,22,,,Reprise,4/25/2000,Silver & Gold,2000
2841,Neil Young,,,,,,,,,,,,,,,,,,,9,,,,,,,,,,,,,,,,April,41,,17,41,11,,20,70,21,4,25,41,4,,24,10,,,Reprise,4/9/2002,Are You Passionate? (featuring Booker T. & the M.G.'s),2002
2842,Neil Young,,,,,,,,,,,,,,,,,,,19,,,,,,,,,,,,,,,,August,48,,22,32,6,,6,70,20,5,41,60,5,,24,22,,,Reprise,8/19/2003,Greendale (with Crazy Horse),2003
2843,Neil Young,,,,,,,BPI,Silver,,,,,RIAA,Gold,,,,,27,,,,,,,,,,,,,,,,September,59,,3,25,16,,9,72,15,3,29,65,3,,22,11,,,Reprise,9/27/2005,Prairie Wind,2005
2844,Neil Young,,,,,,,,,,,,,,,,,,,2,,,,,,,,,,,,,,,,May,41,,7,92,13,,28,101,24,4,31,37,11,,14,15,,,Reprise,5/2/2006,Living with War,2006
2845,Neil Young,,,,,,,,,,,,,,,,,,,19,,,,,,,,,,,,,,,,December,,,,,,,,,,,,,,,,,,,Reprise,12/19/2006,"Living with War: ""In the Beginning""",2006
2846,Neil Young,,,,,,,,,,,,,,,,,,,16,,,,,,,,,,,,,,,,October,38,,8,9,13,,28,134,14,5,,80,13,,14,11,,,Reprise,10/16/2007,Chrome Dreams II,2007
2847,Neil Young,,,,,,,,,,,,,,,,,,,7,,,,,,,,,,,,,,,,April,37,,15,31,17,,36,104,23,1,28,38,11,,22,19,,,Reprise,4/7/2009,Fork in the Road,2009
2848,Neil Young,,,,,,,,,,MC,Gold,,,,,,,,28,,,,,,,,,,,,,,,,September,41,,2,23,22,,26,85,18,3,30,21,2,,18,14,,,Reprise,9/28/2010,Le Noise,2010
2849,Neil Young,,,,,,,,,,,,,,,,,,,5,,,,,,,,,,,,,,,,June,34,,2,27,12,,32,64,15,11,26,14,11,,16,4,,,Reprise,6/5/2012,Americana (with Crazy Horse),2012
2850,Neil Young,,,,,,,,,,,,,,,,,,,30,,,,,,,,,,,,,,,,October,28,,7,19,4,,19,71,11,6,20,25,7,,14,8,,,Reprise,10/30/2012,Psychedelic Pill (with Crazy Horse),2012
2851,Neil Young,,,,,,,,,,,,,,,,,,,18,,,,,,,,,,,,,,,,April,46,,17,42,19,,41,69,18,37,37,46,52,,17,13,,,Third Man,4/18/2014,A Letter Home,2014
2852,Neil Young,,,,,,,,,,,,,,,,,,,4,,,,,,,,,,,,,,,,November,,,,54,11,,35,129,28,7,,42,21,,20,33,,,Reprise,11/4/2014,Storytone,2014
2853,Neil Young,,,,,,,,,,,,,,,,,,,29,,,,,,,,,,,,,,,,June,23,,,24,13,,27,110,14,38,,40,47,,24,21,,,Reprise,6/29/2015,The Monsanto Years (with Promise of the Real),2015
2854,Neil Young,,,,,,,,,,,,,,,,,,,9,,,,,,,,,,,,,,,,December,52,,72,,23,,75,97,23,36,,82,14,,57,76,,,Reprise,12/9/2016,Peace Trail,2016
2855,Neil Young,,,,,,,,,,,,,,,,,,,1,,,,,,,,,,,,,,,,December,85,,43,113,25,,,168,39,36,,52,32,,65,167,,,Reprise,12/1/2017,The Visitor (with Promise of the Real),2017
2856,Neil Young,,,,,,,,,,,,,,,,,,,25,,,,,,,,,,,,,,,,October,,,83,36,6,,36,94,21,5,40,15,13,,17,46,,,Reprise,10/25/2019,Colorado (with Crazy Horse),2019
2857,Neil Young,,,,,,,,,,,,,,,,,,,10,,,,,,,,,,,,,,,,December,54,,51,25,5,,33,,9,8,,40,11,,16,66,,,Reprise,12/10/2021,Barn (with Crazy Horse),2021
2858,Neil Young,,,,,,,,,,,,,,,,,,,18,,,,,,,,,,,,,,,,November,,,,51,5,,69,,31,,,59,47,,45,,,,Reprise,11/18/2022,World Record (with Crazy Horse),2022
2859,Nina Simone,,,,,,,,,,,,,,,,,,,1,,,,,,,,,,,,,,,,January,,,,,,,,,,,,,,,,,,,Bethlehem Records,1/1/1959,Little Girl Blue,1959
2860,Nina Simone,,,,,,,,,,,,,,,,,,,1,,,,,,,,,,,,,,,,January,,,,,,,,,,,,,,,,,,,Colpix Records,1/1/1959,The Amazing Nina Simone,1959
2861,Nina Simone,,,,,,,,,,,,,,,,,,,1,,,,,,,,,,,,,,,,January,,,,,,,,,,,,,,,,,,,Colpix Records,1/1/1959,Nina Simone at Town Hall,1959
2862,Nina Simone,,,,,,,,,,,,,,,,,,,1,,,,,,,,,,,,,,,,January,,,,,,,,,,,,,,,,,,,Colpix Records,1/1/1960,Nina Simone at Newport,1960
2863,Nina Simone,,,,,,,,,,,,,,,,,,,1,,,,,,,,,,,,,,,,January,,,,,,,,,,,,,,,,,,,Colpix Records,1/1/1961,Forbidden Fruit,1961
2864,Nina Simone,,,,,,,,,,,,,,,,,,,1,,,,,,,,,,,,,,,,January,,,,,,,,,,,,,,,,,,,Colpix Records,1/1/1962,Nina at the Village Gate,1962
2865,Nina Simone,,,,,,,,,,,,,,,,,,,1,,,,,,,,,,,,,,,,January,,,,,,,,,,,,,,,,,,,Colpix Records,1/1/1962,Nina Simone Sings Ellington,1962
2866,Nina Simone,,,,,,,,,,,,,,,,,,,1,,,,,,,,,,,,,,,,January,,,,,,,,,,,,,,,,,,,Colpix Records,1/1/1963,Nina Simone at Carnegie Hall,1963
2867,Nina Simone,,,,,,,,,,,,,,,,,,,1,,,,,,,,,,,,,,,,January,,,,,,,,,,,,,,,,,,,Colpix Records,1/1/1964,Folksy Nina,1964
2868,Nina Simone,,,,,,,,,,,,,,,,,,,1,,,,,,,,,,,,,,,,January,,,,,,,,,,,,,,,,102,,,Philips Records,1/1/1964,Nina Simone in Concert,1964
2869,Nina Simone,,,,,,,,,,,,,,,,,,,1,,,,,,,,,,,,,,,,January,,,,,,,,,,,,,,,,,,,Philips Records,1/1/1964,Broadway-Blues-Ballads,1964
2870,Nina Simone,,,,,,,,,,,,,,,,,,,1,,,,,,,,,,,,,,,,January,,,,,,,,,,,,,,,18,99,,,Philips Records,1/1/1965,I Put a Spell on You,1965
2871,Nina Simone,,,,,,,,,,,,,,,,,,,1,,,,,,,,,,,,,,,,January,,,,,,,,,,,,,,,,139,,8,Philips Records,1/1/1965,Pastel Blues,1965
2872,Nina Simone,,,,,,,,,,,,,,,,,,,1,,,,,,,,,,,,,,,,January,,,,,,,,,,,,,,,,,,19,Philips Records,1/1/1966,Let It All Out,1966
2873,Nina Simone,,,,,,,,,,,,,,,,,,,1,,,,,,,,,,,,,,,,January,,,,,,,,,,,,,,,,110,,12,Philips Records,1/1/1966,Wild Is the Wind,1966
2874,Nina Simone,,,,,,,,,,,,,,,,,,,1,,,,,,,,,,,,,,,,January,,,,,,,,,,,,,,,,,,29,Philips Records,1/1/1967,High Priestess of Soul,1967
2875,Nina Simone,,,,,,,,,,,,,,,,,,,1,,,,,,,,,,,,,,,,January,,,,,,,,,,,,,,,,,,29,RCA Records,1/1/1967,Nina Simone Sings the Blues,1967
2876,Nina Simone,,,,,,,,,,,,,,,,,,,1,,,,,,,,,,,,,,,,January,,,,,,,,,,,,,,,,158,,24,RCA Records,1/1/1967,Silk & Soul,1967
2877,Nina Simone,,,,,,,,,,,,,,,,,,,1,,,,,,,,,,,,,,,,January,,,,,,,,,,,,,,,11,,,44,RCA Records,1/1/1968,'Nuff Said!,1968
2878,Nina Simone,,,,,,,,,,,,,,,,,,,1,,,,,,,,,,,,,,,,January,,,,,,,,,,,,,,,,,,,RCA Records,1/1/1969,Nina Simone and Piano,1969
2879,Nina Simone,,,,,,,,,,,,,,,,,,,1,,,,,,,,,,,,,,,,January,,,,,,,,,,,,,,,,,,,RCA Records,1/1/1969,To Love Somebody,1969
2880,Nina Simone,,,,,,,,,,,,,,,,,,,1,,,,,,,,,,,,,,,,January,,,,,,,,,,,,,,,,149,,21,RCA Records,1/1/1970,Black Gold,1970
2881,Nina Simone,ARIA,Gold,,,,,,,,,,,,,,,,,1,,,,,,,,,,,,,,,,January,,,,,,,,,,,,,,,,190,,,RCA Records,1/1/1971,Here Comes the Sun,1971
2882,Nina Simone,,,,,,,,,,,,,,,,,,,1,,,,,,,,,,,,,,,,January,,,,,,,,,,,,,,,,,,,RCA Records,1/1/1972,Emergency Ward,1972
2883,Nina Simone,,,,,,,,,,,,,,,,,,,1,,,,,,,,,,,,,,,,January,,,,,,,,,,,,,,,,,,,RCA Records,1/1/1974,It Is Finished,1974
2884,Nina Simone,,,,,,,,,,,,,,,,,,,1,,,,,,,,,,,,,,,,January,,,,,,,,,,,,,,,,,,,CTI Records,1/1/1978,Baltimore,1978
2885,Nina Simone,,,,,,,,,,,,,,,,,,,1,,,,,,,,,,,,,,,,January,,,,,,,,,,,,,,,,,,,Carrere,1/1/1982,Fodder on My Wings,1982
2886,Nina Simone,,,,,,,,,,,,,,,,,,,1,,,,,,,,,,,,,,,,January,,,,,,,,,,,,,,,,,,,VPI,1/1/1985,Nina's Back,1985
2887,Nina Simone,,,,,,,,,,,,,,,,,,,1,,,,,,,,,,,,,,,,January,,,,,,,,,,,,,,,,,,,VPI,1/1/1985,Live & Kickin,1985
2888,Nina Simone,,,,,,,,,,,,,,,,,,,1,,,,,,,,,,,,,,,,January,,,,,,,,,,,,,,,,,,,Verve,1/1/1987,Let It Be Me,1987
2889,Nina Simone,,,,,,,,,,,,,,,,,,,1,,,,,,,,,,,,,,,,January,,,,,,,,,,,,,,,,,,,Hendring-Wadham,1/1/1987,Live at Ronnie Scott's,1987
2890,Nina Simone,,,,,,,,,,,,,,,,,,,1,,,,,,,,,,,,,,,,January,,,,,,,,,,,,,,,,,,,Elektra Records,1/1/1993,A Single Woman,1993
2891,Nine Inch Nails,,,,,,,BPI,Gold,,,,,RIAA,Platinum,,,,,20,,,,,cassette,CD,,,,LP,,,,,,October,,,,,,,,,,,,,,,67,75,,,TVT,10/20/1989,Pretty Hate Machine,1989
2892,Nine Inch Nails,ARIA,Gold,,,,,BPI,Gold,,MC,Platinum,,RIAA,Platinum,,,,,8,,,,,cassette,CD,,,,LP,,,,,,March,12,,13,,,,,,,,23,,33,,9,2,,,"Nothing, TVT, Interscope",3/8/1994,The Downward Spiral,1994
2893,Nine Inch Nails,,,,,,,BPI,Silver,,MC,Platinum,,RIAA,Platinum,,,,,21,,,,,cassette,CD,,,,LP,,,,,,September,2,14,2,27,17,,,,,,28,,18,,10,1,,,"Nothing, Interscope",9/21/1999,The Fragile,1999
2894,Nine Inch Nails,,,,,,,BPI,Gold,,MC,Platinum,,RIAA,Gold,,,,,3,,,,,cassette,CD,,digital download,,LP,,,,,,May,10,4,2,12,9,,,,,,13,,6,,3,1,,,"Nothing, Interscope",5/3/2005,With Teeth,2005
2895,Nine Inch Nails,,,,,,,BPI,Silver,,,,,,,,,,,17,,,,,,CD,,digital download,,LP,,,,,,April,5,4,3,17,6,,,,,,20,,7,,6,2,,,Interscope,4/17/2007,Year Zero,2007
2896,Nine Inch Nails,,,,,,,,,,,,,,,,,,,2,,,,,,CD,,digital download,,LP,,,,,,March,15,58,3,,60,,,,,,26,,,,60,14,,,The Null Corporation,3/2/2008,Ghosts I-IV,2008
2897,Nine Inch Nails,,,,,,,,,,,,,,,,,,,22,,,,,,CD,,digital download,,LP,,,,,,July,22,45,12,177,33,,,,,,23,,35,,25,13,,,The Null Corporation,7/22/2008,The Slip,2008
2898,Nine Inch Nails,,,,,,,,,,MC,Gold,,,,,,,,30,,,,,,CD,,digital download,,LP,,,,,,August,3,2,1,22,5,,,,,,7,,37,,2,3,,,Columbia,8/30/2013,Hesitation Marks,2013
2899,Nine Inch Nails,,,,,,,,,,,,,,,,,,,22,,,,,,CD,,digital download,,LP,,,,,,June,9,16,15,37,28,,,,,,,,,,12,12,,,"The Null Corporation, Capitol",6/22/2018,Bad Witch,2018
2900,Nine Inch Nails,,,,,,,,,,,,,,,,,,,26,,,,,,,,,,,,,,,,March,,,,,,,,,,,,,,,,,,,The Null Corporation,3/26/2020,Ghosts V: Together,2020
2901,Nine Inch Nails,,,,,,,,,,,,,,,,,,,26,,,,,,,,,,,,,,,,March,,,,,,,,,,,,,,,,,,,The Null Corporation,3/26/2020,Ghosts VI: Locusts,2020
2902,Nirvana,ARIA,Platinum,,,,,BPI,Platinum,,MC,Gold,,RIAA,Platinum,,,,,15,,,,,cassette,CD,,,,LP,,,,,,June,34,26,,,,,,,,,30,,,,33,89,,,Sub Pop,6/15/1989,Bleach,1989
2903,Nirvana,ARIA,Platinum,,,,,BPI,Platinum,,MC,Diamond,,RIAA,Platinum,,,,,24,,,,,cassette,CD,,,,LP,,,,,,September,2,2,1,,,,,,3,,2,,1,2,5,1,,,DGC,9/24/1991,Nevermind,1991
2904,Nirvana,ARIA,Platinum,,,,,BPI,Platinum,,MC,Platinum,,RIAA,Platinum,,,,,21,,,,,cassette,CD,,,,LP,,,,,,September,2,8,3,,,,,,4,,3,,1,16,1,1,,,DGC,9/21/1993,In Utero,1993
2905,Otis Redding,,,,,,,,,,,,,,,,,,,23,,,,,,,,,,,,,,,,February,,,,137,17,,,,,3,,,,,1,4,,1,Volt,2/23/1968,The Dock of the Bay,1968
2906,Otis Redding,,,,,,,,,,,,,,,,,,,1,,,,,,,,,,,,,,,,June,,,,,,,,,,,,,,,19,58,,3,Atco,6/1/1968,The Immortal Otis Redding,1968
2907,Otis Redding,,,,,,,,,,,,,,,,,,,20,,,,,,,,,,,,,,,,June,,,,,,,,,,,,,,,,46,,8,Atco,6/20/1969,Love Man,1969
2908,Otis Redding,,,,,,,,,,,,,,,,,,,1,,,,,,,,,,,,,,,,July,,,,,,,,,,,,,,,,200,,26,Atco,7/1/1970,Tell the Truth,1970
2909,Otis Redding,,,,,,,,,,,,,,,,,,,29,,,,,,,,,,,,,,,,March,,,,,,,,,,,,,,,,,,,Atco,3/29/1992,Remember Me,1992
2910,Otis Redding,,,,,,,,,,,,,,,,,,,10,,,,,,,,,,,,,,,,July,,,,,,,,,,,,,,,14,32,,8,Volt,7/10/1967,Live in Europe,1967
2911,Otis Redding,,,,,,,,,,,,,,,,,,,1,,,,,,,,,,,,,,,,October,,,,,,,,,,,,,,,,82,,7,Atco,10/1/1968,In Person at the Whisky a Go Go,1968
2912,Otis Redding,,,,,,,,,,,,,RIAA,Gold,,,,,26,,,,,,,,,,,,,,,,August,,,43,,9,,,,,,,,,,,16,,15,Reprise Records,8/26/1970,Historic Performances Recorded at the Monterey International Pop Festival (with The Jimi Hendrix Experience),1970
2913,Otis Redding,,,,,,,,,,,,,,,,,,,1,,,,,,,,,,,,,,,,April,,,,,,,,,,,,,,,,,,,Atlantic Records,4/1/1982,Recorded Live: Previously Unreleased Performances,1982
2914,Otis Redding,,,,,,,,,,,,,,,,,,,1,,,,,,,,,,,,,,,,April,,,,,,,,,,,,,,,,200,,,Stax,4/1/1993,"Good to Me: Live at the Whisky a Go Go, Vol. 2",1993
2915,Otis Redding,,,,,,,,,,,,,,,,,,,1,,,,,,,,,,,,,,,,April,,,,,,,,,,,,,,,,,,,Stax,4/1/1999,In Concert,1999
2916,Otis Redding,,,,,,,,,,,,,,,,,,,1,,,,,,,,,,,,,,,,March,,,,,,,,,,,,,,,,,,,Stax,3/1/2008,Live in London and Paris,2008
2917,Otis Redding,,,,,,,,,,,,,,,,,,,1,,,,,,,,,,,,,,,,January,,,,,,,,,,,,,,,,,,,Shout! Factory,1/1/2009,Respect: Live 1967,2009
2918,Otis Redding,,,,,,,,,,,,,,,,,,,1,,,,,,,,,,,,,,,,April,,,,,,,,,,,,,,,,,,66,Stax,4/1/2010,Live on the Sunset Strip,2010
2919,Otis Redding,,,,,,,,,,,,,,,,,,,1,,,,,,,,,,,,,,,,April,,,,,,,,,,,,,,,,,,,Stax,4/1/2016,Live at the Whisky a Go Go: The Complete Recordings,2016
2920,Outkast,,,,,,,,,,,,,RIAA,Platinum,,,,,1,,,,,cassette,CD,,digital download,,LP,,,,,,April,,,,,,,,,,,,,,,,20,,2,"LaFace, Arista",4/1/1994,Southernplayalisticadillacmuzik,1994
2921,Outkast,,,,,,,,,,MC,Gold,,RIAA,Platinum,,,,,1,,,,,cassette,CD,,digital download,,LP,,,,,,August,,,16,,82,,,,,,,,,,,2,,1,"LaFace, Arista",8/1/1996,ATLiens,1996
2922,Outkast,,,,,,,BPI,Silver,,MC,Gold,,RIAA,Platinum,,,,,1,,,,,cassette,CD,,digital download,,LP,,,,,,September,,,17,,66,,,,,,,,,,,2,,2,"LaFace, Arista",9/1/1998,Aquemini,1998
2923,Outkast,ARIA,Gold,,,,,BPI,Gold,,MC,Platinum,,RIAA,Platinum,,,,,1,,,,,cassette,CD,,digital download,,LP,,,,,,October,33,,4,,6,29,,,,,17,,15,14,10,2,,2,"LaFace, Arista",10/1/2000,Stankonia,2000
2924,Outkast,ARIA,Platinum,,,,,BPI,Platinum,,MC,Gold,,RIAA,Platinum,,,,,1,,,,,cassette,CD,,digital download,,LP,,,,,,September,9,,4,,21,3,,,,,3,,11,11,8,1,,1,Arista,9/1/2003,Speakerboxxx/The Love Below,2003
2925,Outkast,,,,,,,,,,MC,Gold,,RIAA,Platinum,,,,,1,,,,,cassette,CD,,digital download,,LP,,,,,,August,27,,6,,33,19,,,,,13,,18,4,16,2,,1,LaFace,8/1/2006,Idlewild,2006
2926,Ozzy Osbourne,ARIA,Gold,,,,,BPI,Silver,,MC,Platinum,,RIAA,Platinum,,,,,12,,8-track,,,cassette,,,,,LP,,,,,,September,,,8,,,,,,,,47,,,,7,21,,,Jet,9/12/1980,Blizzard of Ozz,1980
2927,Ozzy Osbourne,,,,,,,BPI,Silver,,MC,Platinum,,RIAA,Platinum,,,,,1,,8-track,,,cassette,,,,,LP,,,,,,October,,,16,,,,,,,,42,,,,14,16,,,Jet,10/1/1981,Diary of a Madman,1981
2928,Ozzy Osbourne,ARIA,Gold,,,,,BPI,Silver,,MC,Platinum,,RIAA,Platinum,,,,,18,,8-track,,,cassette,,,,,LP,,,,,,November,94,,23,,,,,,,,50,,9,,24,19,,,Epic/CBS,11/18/1983,Bark at the Moon,1983
2929,Ozzy Osbourne,ARIA,Gold,,,,,BPI,Silver,,MC,Platinum,,RIAA,Platinum,,,,,24,,,,,cassette,CD,,,,LP,,,,,,January,36,,19,,31,,,,,6,21,,4,,8,6,,,Epic/CBS,1/24/1986,The Ultimate Sin,1986
2930,Ozzy Osbourne,ARIA,Gold,,,,,,,,MC,Platinum,,RIAA,Platinum,,,,,1,,,,,cassette,CD,,,,LP,,,,,,October,40,,,,29,,,,,12,,,18,26,23,13,,,Epic/CBS,10/1/1988,No Rest for the Wicked,1988
2931,Ozzy Osbourne,ARIA,Gold,,,,,BPI,Silver,,MC,Platinum,,RIAA,Platinum,,,,,17,,,,,cassette,CD,,,,LP,,,,,,September,49,,17,,24,,,,,12,12,,25,37,17,7,,,Epic,9/17/1991,No More Tears,1991
2932,Ozzy Osbourne,,,,,,,,,,MC,Platinum,,RIAA,Platinum,,,,,23,,,,,cassette,CD,,,,LP,,,,,,October,50,,7,,30,,,,,24,26,,4,37,22,4,,,Epic,10/23/1995,Ozzmosis,1995
2933,Ozzy Osbourne,,,,,,,BPI,Silver,,MC,Platinum,,RIAA,Platinum,,,,,16,,,,,cassette,CD,,,,LP,,,,,,October,46,,2,,15,,,,,12,41,,1,47,19,4,,,Epic,10/16/2001,Down to Earth,2001
2934,Ozzy Osbourne,,,,,,,,,,,,,,,,,,,1,,,,,,CD,,,DVD,,,,,,,November,,,,,,,,,,,,,50,95,67,134,,,Epic,11/1/2005,Under Cover,2005
2935,Ozzy Osbourne,,,,,,,,,,MC,Platinum,,RIAA,Gold,,,,,22,,,,,,CD,,digital download,,,,,,,,May,37,,5,,9,,,,,2,9,,2,23,8,3,,,Epic,5/22/2007,Black Rain,2007
2936,Ozzy Osbourne,,,,,,,,,,MC,Gold,,,,,,,,22,,,,,,CD,,digital download,,LP,,,,,,June,11,,4,,7,,,,,9,6,,3,8,12,4,,,Epic,6/22/2010,Scream,2010
2937,Ozzy Osbourne,,,,,,,,,,MC,Gold,,RIAA,Gold,,,,,21,,,,,cassette,CD,,digital download,,LP,,,,,,February,4,,3,,2,,,,,3,12,,1,2,3,3,,,Epic,2/21/2020,Ordinary Man,2020
2938,Ozzy Osbourne,,,,,,,,,,,,,,,,,,,9,,,,,cassette,CD,,digital download,,LP,,,,streaming,,September,2,,1,,2,,,,,4,6,,2,3,2,3,,,Epic,9/9/2022,Patient Number 9,2022
2939,Parliament-Funkadelic,,,,,,,,,,,,,,,,,,,1,,,,,,,,,,,,,,,,July,,,,,,,,,,,,,,,,,,,"Invictus, Def Jam Recordings",7/1/1970,Osmium,1970
2940,Parliament-Funkadelic,,,,,,,,,,,,,,,,,,,1,,,,,,,,,,,,,,,,July,,,,,,,,,,,,,,,,,,17,"Casablanca, Def Jam Recordings",7/1/1974,Up for the Down Stroke,1974
2941,Parliament-Funkadelic,,,,,,,,,,,,,,,,,,,1,,,,,,,,,,,,,,,,March,,,,,,,,,,,,,,,,91,,18,"Casablanca, Def Jam Recordings",3/1/1975,Chocolate City,1975
2942,Parliament-Funkadelic,,,,,,,,,,,,,RIAA,Platinum,,,,,1,,,,,,,,,,,,,,,,December,,,,,,,,,,,,,,,,13,,4,"Casablanca, Def Jam Recordings",12/1/1975,Mothership Connection,1975
2943,Parliament-Funkadelic,,,,,,,,,,,,,RIAA,Gold,,,,,1,,,,,,,,,,,,,,,,July,,,,,,,,,,,,,,,,20,,3,"Casablanca, Def Jam Recordings",7/1/1976,The Clones of Dr. Funkenstein,1976
2944,Parliament-Funkadelic,,,,,,,,,,,,,RIAA,Platinum,,,,,1,,,,,,,,,,,,,,,,November,,,,,,,,,,,,,,,,13,,2,"Casablanca, Def Jam Recordings",11/1/1977,Funkentelechy vs. the Placebo Syndrome,1977
2945,Parliament-Funkadelic,,,,,,,,,,,,,RIAA,Gold,,,,,1,,,,,,,,,,,,,,,,November,,,,,,,,,,,,,,,,23,,2,"Casablanca, Def Jam Recordings",11/1/1978,Motor Booty Affair,1978
2946,Parliament-Funkadelic,,,,,,,,,,,,,RIAA,Gold,,,,,1,,,,,,,,,,,,,,,,November,,,,,,,,,,,,,,,,44,,3,"Casablanca, Def Jam Recordings",11/1/1979,Gloryhallastoopid,1979
2947,Parliament-Funkadelic,,,,,,,,,,,,,,,,,,,1,,,,,,,,,,,,,,,,December,,,,,,,,,,,,,,,,61,,16,"Casablanca, Def Jam Recordings",12/1/1980,Trombipulation,1980
2948,Parliament-Funkadelic,,,,,,,,,,,,,,,,,,,1,,,,,,,,,,,,,,,,May,,,,,,,,,,,,,,,,,,,C Kunspyruhzy Records,5/1/2018,Medicaid Fraud Dogg,2018
2949,Pat Benatar and Neil Giraldo,,,,,,,,,,MC,Platinum,,RIAA,Platinum,,,,,27,,,,,,,,,,,,,,,,August,25,,3,20,,,,,,,8,,,,98,12,,,Chrysalis,8/27/1979,In the Heat of the Night,1979
2950,Pat Benatar and Neil Giraldo,,,,,,,,,,MC,Platinum,,RIAA,Platinum,,,,,6,,,,,,,,,,,,,,,,August,16,,2,2,,,,,,,6,,27,,,2,,,Chrysalis,8/6/1980,Crimes of Passion,1980
2951,Pat Benatar and Neil Giraldo,,,,,,,,,,MC,Platinum,,RIAA,Platinum,,,,,6,,,,,,,,,,,,,,,,July,8,,2,3,57,,,,46,,2,,9,,30,1,,,Chrysalis,7/6/1981,Precious Time,1981
2952,Pat Benatar and Neil Giraldo,ARIA,Gold,,,,,,,,MC,Platinum,,RIAA,Platinum,,,,,29,,,,,,,,,,,,,,,,October,15,,16,14,,,,,,,15,,18,,73,4,,,Chrysalis,10/29/1982,Get Nervous,1982
2953,Pat Benatar and Neil Giraldo,,,,,,,BPI,Silver,,MC,Platinum,,RIAA,Platinum,,,,,1,,,,,,,,,,,,,,,,November,9,,21,16,26,,,,23,,7,,19,21,31,14,,,Chrysalis,11/1/1984,Tropico,1984
2954,Pat Benatar and Neil Giraldo,,,,,,,,,,MC,Platinum,,RIAA,Gold,,,,,13,,,,,,,,,,,,,,,,November,19,,36,,42,,,,,,2,,33,,69,26,,,Chrysalis,11/13/1985,Seven the Hard Way,1985
2955,Pat Benatar and Neil Giraldo,,,,,,,BPI,Gold,,MC,Platinum,,RIAA,Gold,,,,,22,,,,,,,,,,,,,,,,June,13,,11,,47,,,,,,15,,33,,11,28,,,Chrysalis,6/22/1988,Wide Awake in Dreamland,1988
2956,Pat Benatar and Neil Giraldo,,,,,,,,,,MC,Gold,,,,,,,,9,,,,,,,,,,,,,,,,April,53,,22,,,,,,52,,30,,30,39,40,37,,,Chrysalis,4/9/1991,True Love,1991
2957,Pat Benatar and Neil Giraldo,,,,,,,,,,,,,,,,,,,24,,,,,,,,,,,,,,,,May,130,,44,,,,,,,,,,,,,85,,,Chrysalis,5/24/1993,Gravity's Rainbow,1993
2958,Pat Benatar and Neil Giraldo,,,,,,,,,,,,,,,,,,,3,,,,,,,,,,,,,,,,June,,,,,,,,,,,,,,,,171,,,CMC International,6/3/1997,Innamorata,1997
2959,Pat Benatar and Neil Giraldo,,,,,,,,,,,,,,,,,,,12,,,,,,,,,,,,,,,,August,,,,,,,,,,,,,,,,187,,,Bel Chiasso Records,8/12/2003,Go,2003
2960,Patti Smith,ARIA,Gold,,,,,BPI,Gold,,,,,,,,,,,1,,,,,,,,,,,,,,,,November,80,,,,,,,200,,,,,,,,47,,,Arista Records,11/1/1975,Horses,1975
2961,Patti Smith,,,,,,,,,,,,,,,,,,,1,,,,,,,,,,,,,,,,October,93,,,,,,,,,,,,38,,,122,,,Arista Records,10/1/1976,Radio Ethiopia,1976
2962,Patti Smith,,,,,,,BPI,Silver,,,,,,,,,,,1,,,,,,,,,,,,,,,,March,11,,,,43,,,280,,10,,,34,,16,20,,,Arista Records,3/1/1978,Easter,1978
2963,Patti Smith,,,,,,,,,,,,,,,,,,,1,,,,,,,,,,,,,,,,May,30,,,,18,,,,,7,,,17,,41,18,,,Arista Records,5/1/1979,Wave,1979
2964,Patti Smith,,,,,,,,,,,,,,,,,,,1,,,,,,,,,,,,,,,,June,,,,,30,,,,,9,,,15,9,70,65,,,Arista Records,6/1/1988,Dream of Life,1988
2965,Patti Smith,,,,,,,,,,,,,,,,,,,1,,,,,,,,,,,,,,,,June,81,,,46,28,,,,,33,,,18,29,44,55,,,Arista Records,6/1/1996,Gone Again,1996
2966,Patti Smith,,,,,,,,,,,,,,,,,,,1,,,,,,,,,,,,,,,,September,,,,,99,,,,,,,,47,,,152,,,Arista Records,9/1/1997,Peace and Noise,1997
2967,Patti Smith,,,,,,,,,,,,,,,,,,,1,,,,,,,,,,,,,,,,March,,,,,67,,,,,,,,,94,,178,,,Arista Records,3/1/2000,Gung Ho,2000
2968,Patti Smith,,,,,,,,,,,,,,,,,,,1,,,,,,,,,,,,,,,,April,150,,,23,36,,,,,18,,,16,48,70,123,,,Columbia Records,4/1/2004,Trampin',2004
2969,Patti Smith,,,,,,,,,,,,,,,,,,,1,,,,,,,,,,,,,,,,April,107,,,12,17,,,82,,35,,,26,23,63,60,,,Columbia Records,4/1/2007,Twelve,2007
2970,Patti Smith,,,,,,,,,,,,,,,,,,,1,,,,,,,,,,,,,,,,June,50,,,10,19,,,109,,3,,,10,12,47,57,,,Columbia Records,6/1/2012,Banga,2012
2971,Paul McCartney,,,,,,,,,,MC,Platinum,,RIAA,Platinum,2,,,,17,,,,,,,,,,,,,,,,April,3,,,,15,,,,3,2,,,2,,2,1,,,Apple,4/17/1970,McCartney,1970
2972,Paul McCartney,,,,,,,BPI,Silver,,MC,Platinum,,RIAA,Platinum,,,,,17,,,,,,,,,,,,,,,,May,3,,,,22,,,,4,2,,,1,,1,2,,,EMI,5/1/1971,Ram (Paul and Linda McCartney),1971
2973,Paul McCartney,,,,,,,,,,MC,Gold,,RIAA,Gold,,,,,3,,,,,,,,,,,,,,,,December,3,,,,47,,,,6,4,,,3,88,11,10,,,Apple/EMI,12/3/1971,Wild Life (Wings),1971
2974,Paul McCartney,,,,,,,BPI,Gold,,MC,Platinum,,RIAA,Gold,,,,,30,,,,,,,,,,,,,,,,April,1,,,,56,,,,6,4,,,2,89,5,1,,,Apple/EMI,4/30/1973,Red Rose Speedway (Paul McCartney and Wings),1973
2975,Paul McCartney,,,,,,,BPI,Platinum,,MC,Platinum,,RIAA,Platinum,3,SNEP,Gold,,30,,,,,,,,,,,,,,,,November,1,,,,15,,,,5,1,23,,5,22,1,1,,,"Apple/EMI, Capitol",11/30/1973,Band on the Run (Paul McCartney and Wings),1973
2976,Paul McCartney,,,,,,,BPI,Platinum,,MC,Platinum,,RIAA,Platinum,,,,,30,,,,,,,,,,,,,,,,May,2,,,,11,,,,5,1,1,,2,,1,1,,,Capitol,5/30/1975,Venus and Mars (Wings),1975
2977,Paul McCartney,,,,,,,BPI,Gold,,,,,RIAA,Platinum,,SNEP,Gold,,26,,,,,,,,,,,,,,,,March,2,,,,32,,,,3,2,2,,7,,2,1,,,Capitol,3/26/1976,Wings at the Speed of Sound (Wings),1976
2978,Paul McCartney,,,,BVM I,Gold,,BPI,Gold,,,,,RIAA,Platinum,,SNEP,Gold,,31,,,,,,,,,,,,,,,,March,3,,,,6,,,,1,2,4,,4,,4,2,,,Parlophone (Worldwide) Capitol (US),3/31/1978,London Town (Wings),1978
2979,Paul McCartney,,,,,,,BPI,Gold,,MC,Platinum,2,RIAA,Platinum,,,,,8,,,,,,,,,,,,,,,,June,3,,,,16,,,,11,5,9,,5,,6,8,,,Parlophone (worldwide) Columbia (North America),6/8/1979,Back to the Egg (Wings),1979
2980,Paul McCartney,ARIA,Platinum,,,,,BPI,Gold,,,,,RIAA,Gold,,,,,16,,,,,,,,,,,,,,,,May,6,,,,18,,,,11,5,5,,5,,1,3,,,Parlophone (worldwide) Columbia (North America),5/16/1980,McCartney II,1980
2981,Paul McCartney,ARIA,Platinum,,,,,BPI,Gold,,MC,Gold,,RIAA,Platinum,,SNEP,Gold,,26,,,,,,,,,,,,,,,,April,2,,,,1,,,,1,1,4,,1,,1,1,,,Parlophone (worldwide) Columbia (North America),4/26/1982,Tug of War,1982
2982,Paul McCartney,,,,,,,BPI,Platinum,,MC,Platinum,,RIAA,Platinum,,,,,31,,,,,,,,,,,,,,,,October,9,,,,20,,,,11,1,38,,4,12,4,15,,,Parlophone (worldwide) Columbia (North America),10/31/1983,Pipes of Peace,1983
2983,Paul McCartney,,,,,,,BPI,Platinum,,MC,Gold,,RIAA,Gold,,,,,22,,,,,,,,,,,,,,,,October,10,,,,25,,,,24,4,25,,9,,1,21,,,Parlophone (worldwide) Columbia (North America),10/22/1984,Give My Regards to Broad Street (soundtrack album),1984
2984,Paul McCartney,,,,,,,BPI,Gold,,,,,,,,,,,25,,,,,,,,,,,,,,,,August,22,,,,30,,,,21,8,,,17,28,8,30,,,"Parlophone, Capitol, EMI",8/25/1986,Press to Play,1986
2985,Paul McCartney,,,,,,,,,,,,,,,,,,,31,,,,,,,,,,,,,,,,October,,,,,,,,,56,,,,,,63,109,,,"Melodiya, EMI",10/31/1988,????? ? ????  (covers album),1988
2986,Paul McCartney,,,,BVMI,Gold,,BPI,Platinum,,MC,Gold,,RIAA,Gold,,SNEP,Gold,,5,,,,,,,,,,,,,,,,June,18,,,,9,,,,15,1,,,2,13,1,21,,,"Parlophone, Capitol, EMI",6/5/1989,Flowers in the Dirt,1989
2987,Paul McCartney,ARIA,Gold,,BVMI,Platinum,,BPI,Silver,,MC,Gold,,RIAA,Gold,,SNEP,Gold,,1,,,,,,,,,,,,,,,,February,8,,,,2,,,,5,2,4,,10,5,5,17,,,"Parlophone, Capitol, EMI",2/1/1993,Off the Ground,1993
2988,Paul McCartney,,,,,,,BPI,Gold,,,,,RIAA,Gold,,,,,5,,,,,,,,,,,,,,,,May,9,,,,6,,,,9,3,23,,11,8,2,2,,,"Parlophone, Capitol, EMI",5/5/1997,Flaming Pie,1997
2989,Paul McCartney,,,,,,,BPI,Gold,,,,,,,,,,,4,,,,,,,,,,,,,,,,October,99,,,,21,,,,53,12,,,23,36,12,27,,,"Parlophone, Capitol, EMI",10/4/1999,Run Devil Run (majority covers album),1999
2990,Paul McCartney,,,,,,,BPI,Silver,,,,,RIAA,Gold,,,,,12,,,,,,,,,,,,,,,,November,,,,,23,,,,76,18,,,19,,46,26,,,"Parlophone, Capitol, EMI",11/12/2001,Driving Rain,2001
2991,Paul McCartney,,,,,,,BPI,Gold,,MC,Gold,,RIAA,Gold,,SNEP,Gold,,12,,,,,,,,,,,,,,,,September,33,,,,4,,,,5,8,,,3,9,10,6,,,"Parlophone, Capitol, EMI",9/12/2005,Chaos and Creation in the Backyard,2005
2992,Paul McCartney,,,,,,,BPI,Gold,,MC,Gold,,RIAA,Gold,,,,,4,,,,,,,,,,,,,,,,June,33,,,,18,,,,6,4,30,,3,20,5,3,,,Hear Music/MPL,6/4/2007,Memory Almost Full,2007
2993,Paul McCartney,,,,,,,BPI,Silver,,,,,,,,,,,7,,,,,,,,,,,,,,,,February,15,,,,9,,,,5,7,35,,8,12,3,5,,,Hear Music/MPL,2/7/2012,Kisses on the Bottom (Majority covers album),2012
2994,Paul McCartney,,,,,,,,,,,,,,,,,,,15,,,,,,,,,,,,,,,,October,22,,,,6,,,,6,1,27,,9,12,3,3,,,Hear Music/MPL,10/15/2013,New,2013
2995,Paul McCartney,,,,,,,,,,,,,,,,,,,7,,,,,,,,,,,,,,,,September,4,,,,1,,,,2,3,12,,4,5,3,1,,,Capitol,9/7/2018,Egypt Station,2018
2996,Paul McCartney,,,,,,,,,,,,,,,,,,,18,,,,,,,,,,,,,,,,December,6,,,,1,,,,1,6,28,,2,2,1,2,,,Capitol,12/18/2020,McCartney III,2020
2997,Paul McCartney,,,,,,,,,,,,,,,,,,,7,,,,,,,,,,,,,,,,October,,,,,,,,,,,,,,,,177,,,EMI Classics,10/7/1991,Paul McCartney's Liverpool Oratorio (with Carl Davis),1991
2998,Paul McCartney,,,,,,,,,,,,,,,,,,,29,,,,,,,,,,,,,,,,September,,,,,,,,,,,,,,,,194,,,EMI Classics,9/29/1997,Standing Stone,1997
2999,Paul McCartney,,,,,,,,,,,,,,,,,,,1,,,,,,,,,,,,,,,,November,,,,,,,,,,,,,,,,,,,EMI Classics,11/1/1999,Working Classical,1999
3000,Paul McCartney,,,,,,,,,,,,,,,,,,,25,,,,,,,,,,,,,,,,September,,,,,,,,,,,,,,,141,,,,EMI Classics,9/25/2006,Ecce Cor Meum,2006
3001,Paul McCartney,,,,,,,,,,,,,,,,,,,3,,,,,,,,,,,,,,,,October,,,,,,,,,,,,,,,,143,,,Decca,10/3/2011,Ocean's Kingdom,2011
3002,Paul McCartney,,,,,,,,,,,,,,,,,,,6,,,,,,,,,,,,,,,,January,,,,,,,,,,,,,,,,,,,Decca (UK) London (US),1/6/1967,The Family Way (by the George Martin Orchestra),1967
3003,Paul McCartney,,,,,,,,,,,,,,,,,,,29,,,,,,,,,,,,,,,,April,,,,,,,,,,,,100,,,,,,,Regal Zonophone (UK) Capitol (US),4/29/1977,"Thrillington (Percy ""Thrills"" Thrillington)",1977
3004,Paul McCartney,,,,,,,,,,,,,,,,,,,15,,,,,,,,,,,,,,,,November,,,,,,,,,,,,,,,,,,,Parlophone (UK) Capitol (US),11/15/1993,Strawberries Oceans Ships Forest (The Fireman),1993
3005,Paul McCartney,,,,,,,,,,,,,,,,,,,21,,,,,,,,,,,,,,,,September,,,,,,,,,,,,,,,,,,,"Hydra, EMI",9/21/1998,Rushes (The Fireman),1998
3006,Paul McCartney,,,,,,,,,,,,,,,,,,,21,,,,,,,,,,,,,,,,August,,,,,,,,,,,,,,,,,,,Hydra (UK) Capitol (US),8/21/2000,"Liverpool Sound Collage (ambient electronic album, also credited to the Beatles, Super Furry Animals and Youth)",2000
3007,Paul McCartney,,,,,,,,,,,,,,,,,,,13,,,,,,,,,,,,,,,,June,,,,,,,,,,,,,,,,,,,Parlophone,6/13/2005,Twin Freaks (with The Freelance Hellraiser),2005
3008,Paul McCartney,,,,,,,,,,,,,,,,,,,24,,,,,,,,,,,,,,,,November,,,,,,,,,68,,,,,88,,,,,One Little Indian,11/24/2008,Electric Arguments (The Fireman),2008
3009,Paul McCartney,,,,,,,,,,,,,,,,,,,16,,,,,,,,,,,,,,,,April,,,,104,,,,,,,,46,,,,19,,,Label: Capitol,4/16/2021,McCartney III Imagined (Paul McCartney & various artists),2021
3010,Paul Simon,,,,,,,,,,,,,,,,,,,1,,,,,,,,,,,,,,,,August,,,,,,,,,,,,,,,,,,,CBS,8/1/1965,The Paul Simon Songbook,1965
3011,Paul Simon,,,,,,,,,,,,,RIAA,Platinum,,,,,24,,,,,,,,,,,,,,,,January,5,,2,,37,,,,2,1,,,1,,1,4,,,Columbia,1/24/1972,Paul Simon,1972
3012,Paul Simon,,,,,,,BPI,Gold,,,,,RIAA,Platinum,,,,,5,,,,,,,,,,,,,,,,May,7,,3,5,,,,,,6,,,1,,4,2,,,Columbia,5/5/1973,There Goes Rhymin' Simon,1973
3013,Paul Simon,,,,,,,BPI,Gold,,MC,Platinum,,RIAA,Gold,,,,,6,,,,,,,,,,,,,,,,October,39,,8,,,,,,11,8,24,,9,,6,1,,,Columbia,10/6/1975,Still Crazy After All These Years,1975
3014,Paul Simon,,,,,,,BPI,Silver,,,,,RIAA,Gold,,,,,12,,,,,,,,,,,,,,,,August,15,,23,11,,,,,,2,6,,9,,17,12,,,Warner Bros.,8/12/1980,One-Trick Pony,1980
3015,Paul Simon,,,,,,,,,,,,,,,,,,,4,,,,,,,,,,,,,,,,November,99,,50,19,51,,,,14,3,,,11,25,34,35,,,Warner Bros.,11/4/1983,Hearts and Bones,1983
3016,Paul Simon,ARIA,Platinum,,,,,BPI,Platinum,,,,,RIAA,Platinum,,SNEP,Platinum,,25,,,,,,,,,,,,,,,,August,1,,1,1,2,,,,1,6,1,,4,1,1,3,,,Warner Bros.,8/25/1986,Graceland,1986
3017,Paul Simon,ARIA,Platinum,,,,,BPI,Platinum,,MC,Platinum,,RIAA,Platinum,,,,,16,,,,,,,,,,,,,,,,October,3,,1,22,11,,,,2,6,6,,8,3,1,4,,,Warner Bros.,10/16/1990,The Rhythm of the Saints,1990
3018,Paul Simon,,,,,,,,,,,,,,,,,,,18,,,,,,,,,,,,,,,,November,,,,,26,,,,41,32,,,36,49,83,42,,,Warner Bros.,11/18/1997,Songs from The Capeman,1997
3019,Paul Simon,,,,,,,BPI,Silver,,,,,RIAA,Gold,,,,,3,,,,,,,,,,,,,,,,October,,,8,73,17,,,,41,9,,,24,40,20,19,,,Warner Bros.,10/3/2000,You're the One,2000
3020,Paul Simon,,,,,,,BPI,Gold,,,,,,,,,,,9,,,,,,,,,,,,,,,,May,73,,31,102,36,,,,20,20,,,10,55,4,14,,,Warner Bros.,5/9/2006,Surprise,2006
3021,Paul Simon,,,,,,,BPI,Silver,,,,,,,,,,,8,,,,,,,,,,,,,,,,April,41,,7,38,20,,,,6,2,23,,4,21,6,4,,,Hear Music,4/8/2011,So Beautiful or So What,2011
3022,Paul Simon,,,,,,,BPI,Silver,,,,,,,,,,,3,,,,,,,,,,,,,,,,June,24,,4,51,14,,,,8,9,8,,9,9,1,3,,,Concord,6/3/2016,Stranger to Stranger,2016
3023,Paul Simon,,,,,,,,,,,,,,,,,,,7,,,,,,,,,,,,,,,,September,,,91,,36,,,,16,,,,33,14,10,70,,,Legacy,9/7/2018,In the Blue Light,2018
3024,Paul Simon,,,,,,,,,,,,,,,,,,,19,,,,,,,,,,,,,,,,May,,,,,69,,,,31,,,,,38,28,153,,,Owl/Legacy,5/19/2023,Seven Psalms,2023
3025,Pearl Jam,ARIA,Platinum,,BMVI,Gold,,BPI,Platinum,,MC,Platinum,,RIAA,Diamond,,,,,27,,,,,cassette,CD,,digital download,,LP,,,,,,August,11,31,2,,15,10,,,10,8,3,,,,18,2,,,Epic,8/27/1991,Ten,1991
3026,Pearl Jam,ARIA,Platinum,,,,,BPI,Gold,,MC,Platinum,,RIAA,Platinum,,,,,19,,,,,cassette,CD,,digital download,,LP,,,,,,October,1,7,1,,8,1,,,1,1,1,,,,2,1,,,Epic,10/19/1993,Vs.,1993
3027,Pearl Jam,ARIA,Platinum,,,,,BPI,Gold,,MC,Platinum,,RIAA,Platinum,,,,,22,,,,,cassette,CD,,digital download,,LP,,,,,,November,1,7,2,,8,1,,,7,7,1,,,,4,1,,,Epic,11/22/1994,Vitalogy,1994
3028,Pearl Jam,ARIA,Platinum,,,,,BPI,Gold,,MC,Platinum,,RIAA,Platinum,,,,,27,,,,,cassette,CD,,digital download,,LP,,,,,,August,1,3,1,,6,3,,,5,3,1,,,,3,1,,,Epic,8/27/1996,No Code,1996
3029,Pearl Jam,ARIA,Platinum,,,,,BPI,Gold,,MC,Platinum,,RIAA,Platinum,,,,,3,,,,,cassette,CD,,digital download,,LP,,,,,,February,1,4,2,,4,4,,,4,1,1,,,,7,2,,,Epic,2/3/1998,Yield,1998
3030,Pearl Jam,ARIA,Platinum,,,,,BPI,Silver,,MC,Platinum,,RIAA,Gold,,,,,16,,,,,cassette,CD,,digital download,,LP,,,,,,May,1,8,2,,4,6,,,5,2,1,,,,5,2,,,Epic,5/16/2000,Binaural,2000
3031,Pearl Jam,ARIA,Platinum,,,,,BPI,Silver,,MC,Platinum,,RIAA,Gold,,,,,12,,,,,cassette,CD,,digital download,,LP,,,,,,November,1,24,4,,13,9,,,23,3,2,,,,34,5,,,Epic,11/12/2002,Riot Act,2002
3032,Pearl Jam,ARIA,Platinum,,,,,BPI,Silver,,MC,Platinum,,RIAA,Gold,,,,,2,,,,,,CD,,digital download,,LP,,,,,,May,2,3,2,,4,4,,,2,4,2,,,,5,2,,,J,5/2/2006,Pearl Jam,2006
3033,Pearl Jam,ARIA,Platinum,,,,,BPI,Silver,,MC,Platinum,,RIAA,Gold,,,,,20,,,,,,CD,,digital download,,LP,,,,,,September,1,3,1,,3,2,,,3,4,1,,,,9,1,,,"Monkeywrench, Universal Music Group",9/20/2009,Backspacer,2009
3034,Pearl Jam,ARIA,Gold,,,,,BPI,Silver,,MC,Platinum,,,,,,,,15,,,,,,CD,,digital download,,LP,,,,,,October,1,3,1,,4,1,,,2,2,2,,,,2,1,,,Monkeywrench,10/15/2013,Lightning Bolt,2013
3035,Pearl Jam,,,,,,,,,,,,,,,,,,,27,,,,,,CD,,digital download,,LP,,,,,,March,3,1,5,,3,6,,,2,4,6,,,,6,5,,,Monkeywrench,3/27/2020,Gigaton,2020
3036,Pearl Jam,,,,,,,,,,,,,,,,,,,19,,,,,,CD,,digital download,,LP,,,,,,April,2,2,9,,2,2,,,2,,3,,,,2,5,,,Monkeywrench,4/19/2024,Dark Matter,2024
3037,Percy Sledge,,,,,,,,,,,,,,,,,,,1,,,,,,,,,,,,,,,,January,,,,,,,,,,,,,,,,37,,2,Atlantic 8125,1/1/1966,When a Man Loves a Woman,1966
3038,Percy Sledge,,,,,,,,,,,,,,,,,,,1,,,,,,,,,,,,,,,,January,,,,,,,,,,,,,,,,136,,9,Atlantic 8132,1/1/1966,Warm & Tender Soul,1966
3039,Percy Sledge,,,,,,,,,,,,,,,,,,,1,,,,,,,,,,,,,,,,January,,,,,,,,,,,,,,,,178,,,Atlantic 8146,1/1/1967,The Percy Sledge Way,1967
3040,Percy Sledge,,,,,,,,,,,,,,,,,,,1,,,,,,,,,,,,,,,,January,,,,,,,,,,,,,,,,148,,27,Atlantic 8180,1/1/1968,Take Time to Know Her,1968
3041,Percy Sledge,,,,,,,,,,,,,,,,,,,1,,,,,,,,,,,,,,,,January,,,,,,,,,,,,,,,,133,,27,Atlantic 8210,1/1/1968,The Best of Percy Sledge,1968
3042,Percy Sledge,,,,,,,,,,,,,,,,,,,1,,,,,,,,,,,,,,,,January,,,,,,,,,,,,,,,,,,,Atlantic ATC 9257,1/1/1970,Percy Sledge in South Africa,1970
3043,Percy Sledge,,,,,,,,,,,,,,,,,,,1,,,,,,,,,,,,,,,,January,,,,,,,,,,,,,,,,,,48,Capricorn CP 0147,1/1/1974,I'll Be Your Everything,1974
3044,Percy Sledge,,,,,,,,,,,,,,,,,,,1,,,,,,,,,,,,,,,,January,,,,,,,,,,,,,,,36,,,,Atlantic,1/1/1987,When a Man Loves a Woman (The Ultimate Collection),1987
3045,Percy Sledge,,,,,,,,,,,,,,,,,,,1,,,,,,,,,,,,,,,,January,,,,,,,,,,,,,,,,,,,Sky Ranch Records/Virgin,1/1/1994,Blue Night,1994
3046,Percy Sledge,,,,,,,,,,,,,,,,,,,1,,,,,,,,,,,,,,,,January,,,,,,,,,,,,,,,,,,,Varà¨se Sarabande,1/1/2004,Shining Through the Rain,2004
3047,Percy Sledge,,,,,,,,,,,,,,,,,,,1,,,,,,,,,,,,,,,,January,,,,,,,,,,,,,,,,,,,Elevate,1/1/2013,The Gospel of Percy Sledge,2013
3048,Peter Frampton,,,,,,,,,,,,,,,,,,,1,,,,,,,,,,,,,,,,May,,,,,,,,,,,,,,,,177,,,A&M Records,5/1/1972,Wind of Change,1972
3049,Peter Frampton,,,,,,,,,,,,,,,,,,,1,,,,,,,,,,,,,,,,May,,,,,,,,,,,,,,,,110,,,A&M Records,5/1/1973,Frampton's Camel,1973
3050,Peter Frampton,,,,,,,,,,,,,,,,,,,1,,,,,,,,,,,,,,,,March,,,,,,,,,,,,,,,,125,,,A&M Records,3/1/1974,Somethin's Happening,1974
3051,Peter Frampton,,,,,,,,,,,,,RIAA,Gold,,,,,1,,,,,,,,,,,,,,,,March,,,,,,,,,,,,,,,,32,,,A&M Records,3/1/1975,Frampton,1975
3052,Peter Frampton,ARIA,Platinum,,,,,BPI,Silver,,MC,Platinum,,RIAA,Platinum,,,,,3,,,,,,,,,,,,,,,,June,4,,1,,37,,,,,21,,,33,,19,2,,,A&M Records,6/3/1977,I'm in You,1977
3053,Peter Frampton,,,,,,,,,,MC,Gold,,RIAA,Gold,,,,,30,,,,,,,,,,,,,,,,May,35,,28,,,,,,,,,,,,,19,,,A&M Records,5/30/1979,Where I Should Be,1979
3054,Peter Frampton,,,,,,,,,,,,,,,,,,,14,,,,,,,,,,,,,,,,May,89,,42,,,,,,,,,,,,,43,,,A&M Records,5/14/1981,Breaking All the Rules,1981
3055,Peter Frampton,,,,,,,,,,,,,,,,,,,3,,,,,,,,,,,,,,,,August,,,,,,,,,,,,,,,,174,,,A&M Records,8/3/1982,The Art of Control,1982
3056,Peter Frampton,,,,,,,,,,,,,,,,,,,27,,,,,,,,,,,,,,,,January,,,,,,,,,,,,,,,,80,,,Virgin Records,1/27/1986,Premonition,1986
3057,Peter Frampton,,,,,,,,,,,,,,,,,,,1,,,,,,,,,,,,,,,,October,,,,,,,,,,,,,,,,152,,,Atlantic Records,10/1/1989,When All the Pieces Fit,1989
3058,Peter Frampton,,,,,,,,,,,,,,,,,,,25,,,,,,,,,,,,,,,,January,,,,,89,,,,,,,,,,,,,,Sony International,1/25/1994,Peter Frampton,1994
3059,Peter Frampton,,,,,,,,,,,,,,,,,,,26,,,,,,,,,,,,,,,,August,,,,,,,,,,,,,,,,,,,33rd Street Records,8/26/2003,Now,2003
3060,Peter Frampton,,,,,,,,,,,,,,,,,,,12,,,,,,,,,,,,,,,,September,,,,,,,,,,,,,,,,129,,,A&M Records,9/12/2006,Fingerprints,2006
3061,Peter Frampton,,,,,,,,,,,,,,,,,,,27,,,,,,,,,,,,,,,,April,,,,,,,,,,,,,,,,154,,,New Door Records,4/27/2010,Thank You Mr. Churchill,2010
3062,Peter Frampton,,,,,,,,,,,,,,,,,,,27,,,,,,,,,,,,,,,,July,,,,,,,,,,,,,,,,,,,RED Distribution,7/27/2014,Hummingbird in a Box: Songs for a Ballet,2014
3063,Peter Frampton,,,,,,,,,,,,,,,,,,,26,,,,,,,,,,,,,,,,February,,,,,,,,,,,,,,,,,,,Phenix Phonograph,2/26/2016,Acoustic Classics,2016
3064,Peter Frampton,,,,,,,,,,,,,,,,,,,7,,,,,,,,,,,,,,,,June,,,,,,,,,,,,,,,,183,,,UMe,6/7/2019,All Blues,2019
3065,Peter Frampton,,,,,,,,,,,,,,,,,,,23,,,,,,,,,,,,,,,,April,,,,,,,,,,,,,,,,,,,UMe,4/23/2021,Frampton Forgets the Words,2021
3066,Peter Gabriel,,,,,,,BPI,Gold,,,,,RIAA,Gold,,SNEP,Gold,,25,,,,,cassette,,,,,LP,,,,,,February,,,,,,,9,,9,5,38,,8,,,38,,,Charisma,2/25/1977,Peter Gabriel (aka Peter Gabriel 1: Car),1977
3067,Peter Gabriel,,,,,,,,,,MC,Platinum,,,,,,,,2,,,,,cassette,,,,,LP,,,,,,June,,,,,,,,,48,,24,,,,,45,,,Charisma,6/2/1978,Peter Gabriel (aka Peter Gabriel 2: Scratch),1978
3068,Peter Gabriel,,,,,,,BPI,Gold,,MC,Platinum,,,,,SNEP,Gold,,30,,,,,cassette,,,,,LP,,,,,,May,,,,,,,24,,,,,,,,,22,,,Charisma,5/30/1980,Peter Gabriel (aka Peter Gabriel 3: Melt),1980
3069,Peter Gabriel,,,,,,,BPI,Gold,,MC,Platinum,,RIAA,Gold,,,,,10,,,,,cassette,,,,,LP,,,,,,September,,,,,,,10,,14,15,18,,,,,28,,,Charisma,9/10/1982,Peter Gabriel (aka Peter Gabriel 4: Security),1982
3070,Peter Gabriel,ARIA,Platinum,,,,,BPI,Platinum,,,,,RIAA,Platinum,,SNEP,Gold,,19,,,,,cassette,CD,,,,LP,,,,,,May,,,,61,,,1,,1,1,1,,2,,,2,,,Charisma,5/19/1986,So,1986
3071,Peter Gabriel,ARIA,Platinum,,,,,BPI,Platinum,,MC,Platinum,,RIAA,Platinum,,SNEP,Gold,,28,,,,,cassette,CD,,,,LP,,,,,,September,,,,,,,3,,8,7,6,,2,,,2,,,Real World,9/28/1992,Us,1992
3072,Peter Gabriel,,,,,,,BPI,Silver,,MC,Gold,,,,,,,,23,,,,,,CD,,,,LP,,,,,,September,,,,4,,,1,,18,11,35,,6,,,9,,,Real World,9/23/2002,Up,2002
3073,Peter Gabriel,,,,,,,,,,,,,,,,,,,12,,,,,,CD,,,,LP,,,,,,February,,,,4,,,3,,10,11,15,,5,,,26,,,Real World,2/12/2010,Scratch My Back,2010
3074,Peter Gabriel,,,,,,,BPI,Silver,,,,,,,,,,,9,,,,,,CD,,,,LP,,,,,,October,,,,12,,,6,,12,13,,,19,,,30,,,Real World,10/9/2011,New Blood,2011
3075,Peter Gabriel,,,,,,,,,,,,,,,,,,,1,,,,,,CD,,,,LP,,,,,,December,,,,7,,,4,,5,,23,,45,,,99,,,Real World,12/1/2023,I/O,2023
3076,Pink Floyd,,,,,,,BPI,Gold,,,,,,,,,,,4,,,,,cassette,CD,,digital download,,LP,,,,,,August,,,,,,,,,,,,,,87,,131,,,Columbia,8/4/1967,The Piper at the Gates of Dawn,1967
3077,Pink Floyd,,,,,,,BPI,Gold,,,,,,,,,,,28,,,,,cassette,CD,,digital download,,LP,,,,,,June,,,,,,,,,,,,,,,,158,,,Columbia,6/28/1968,A Saucerful of Secrets,1968
3078,Pink Floyd,,,,,,,,,,,,,,,,SNEP,Gold,,13,,,,,cassette,CD,,digital download,,LP,,,,,,June,,,,,,,,,,,,,,,,153,,,"Harvest, Columbia",6/13/1969,Soundtrack From The Film More,1969
3079,Pink Floyd,,,,,,,BPI,Gold,,,,,RIAA,Platinum,,SNEP,Gold,,7,,,,,cassette,CD,,digital download,,LP,,,,,,November,,,78,,,,,,,,,,,,,74,,,"Harvest, Columbia",11/7/1969,Ummagumma,1969
3080,Pink Floyd,,,,,,,BPI,Gold,,,,,RIAA,Gold,,SNEP,Gold,,2,,,,,cassette,CD,,digital download,,LP,,,,,,October,30,,39,,,,,,,,,,,64,,55,,,"Harvest, EMI",10/2/1970,Atom Heart Mother,1970
3081,Pink Floyd,,,,,,,BPI,Gold,,,,,RIAA,Platinum,,SNEP,Gold,,5,,,,,cassette,CD,,digital download,,LP,,,,,,November,24,69,51,,,,,,,,,,,76,,70,,,"Harvest, EMI",11/5/1971,Meddle,1971
3082,Pink Floyd,,,,,,,BPI,Gold,,,,,RIAA,Gold,,,,,2,,,,,cassette,CD,,digital download,,LP,,,,,,June,44,,32,,,,,,,,,,,,,46,,,"Harvest, EMI",6/2/1972,Obscured by Clouds,1972
3083,Pink Floyd,ARIA,Platinum,,,,,BPI,Platinum,,MC,Diamond,,RIAA,Diamond,,SNEP,Platinum,,1,,,,,cassette,CD,,digital download,,LP,,,,,,March,2,1,1,,,,,,,,1,,,5,,1,,,"Harvest, EMI",3/1/1973,The Dark Side of the Moon,1973
3084,Pink Floyd,ARIA,Platinum,,,,,BPI,Platinum,,MC,Platinum,,RIAA,Platinum,,SNEP,Diamond,,12,,,,,cassette,CD,,digital download,,LP,,,,,,September,1,2,14,,,,,,,,1,,,1,,1,,,"Harvest, EMI",9/12/1975,Wish You Were Here,1975
3085,Pink Floyd,,,,,,,BPI,Platinum,,MC,Platinum,,RIAA,Platinum,,SNEP,Platinum,,21,,,,,cassette,CD,,digital download,,LP,,,,,,January,3,2,12,,,,,,,,1,,,1,,3,,,"Harvest, EMI",1/21/1977,Animals,1977
3086,Pink Floyd,ARIA,Platinum,,,,,BPI,Platinum,,MC,Diamond,,RIAA,Diamond,,SNEP,Diamond,,30,,,,,cassette,CD,,digital download,,LP,,,,,,November,1,1,1,,,,,,,,1,,,1,,1,,,"Harvest, EMI",11/30/1979,The Wall,1979
3087,Pink Floyd,ARIA,Platinum,,,,,BPI,Gold,,,,,RIAA,Platinum,,SNEP,Gold,,21,,,,,cassette,CD,,digital download,,LP,,,,,,March,3,3,2,,,,,,,,1,,,1,,6,,,"Harvest, EMI",3/21/1983,The Final Cut,1983
3088,Pink Floyd,,,,,,,BPI,Gold,,MC,Platinum,,RIAA,Platinum,,SNEP,Platinum,,7,,,,,cassette,CD,,digital download,,LP,,,,,,September,2,3,5,,,,,,,,1,,,2,,3,,,"EMI, Columbia",9/7/1987,A Momentary Lapse of Reason,1987
3089,Pink Floyd,ARIA,Platinum,,,,,BPI,Platinum,,MC,Platinum,,RIAA,Platinum,,SNEP,Platinum,,28,,,,,cassette,CD,,digital download,,LP,,,,,,March,1,1,1,,,,,,,,1,,,1,,1,,,"EMI, Columbia",3/28/1994,The Division Bell,1994
3090,Pink Floyd,ARIA,Platinum,,,,,BPI,Platinum,,MC,Platinum,,RIAA,Gold,,SNEP,Platinum,,10,,,,,,CD,,digital download,,LP,,,,,,November,3,1,1,,,,,,,,1,,,1,,3,,,"Parlophone, Columbia",11/10/2014,The Endless River,2014
3091,Prince,,,,,,,,,,,,,,,,,,,7,,,,,,,,,,,,,,,,April,,,,,,,,,,,,,,,156,138,,,Warner Bros.,4/7/1978,For You,1978
3092,Prince,,,,,,,BPI,Silver,,,,,RIAA,Platinum,,,,,19,,,,,,,,,,,,,,,,October,,,,,,,,,,,,,,92,,22,,,Warner Bros.,10/19/1979,Prince,1979
3093,Prince,,,,,,,,,,,,,RIAA,Gold,,,,,8,,,,,,,,,,,,,,,,October,,,,,,,,,,,,,,79,61,45,,,Warner Bros.,10/8/1980,Dirty Mind,1980
3094,Prince,,,,,,,BPI,Gold,,,,,RIAA,Platinum,,,,,14,,,,,,,,,,,,,,,,October,55,,,,,,,,50,,,,,,,21,,,Warner Bros.,10/14/1981,Controversy,1981
3095,Prince,,,,,,,BPI,Platinum,,MC,Platinum,,RIAA,Platinum,,,,,27,,,,,,,,,,,,,,,,October,35,,23,,37,,,,45,,6,,,26,28,7,,,Warner Bros.,10/27/1982,1999,1982
3096,Prince,ARIA,Platinum,,,,,BPI,Platinum,,MC,Platinum,,RIAA,Platinum,,,,,25,,,,,,,,,,,,,,,,June,1,8,1,,5,,,,1,4,2,,3,7,4,1,,,Warner Bros.,6/25/1984,Purple Rain ,1984
3097,Prince,,,,,,,BPI,Gold,,,,,RIAA,Platinum,,,,,22,,,,,,,,,,,,,,,,April,12,7,16,,10,,,,1,10,16,,1,8,5,1,,,"Paisley Park, Warner Bros.",4/22/1985,Around the World in a Day ,1985
3098,Prince,,,,,,,BPI,Platinum,,,,,RIAA,Platinum,,,,,31,,,,,,,,,,,,,,,,March,8,7,11,,6,,,,1,10,7,,5,2,4,3,,,"Paisley Park, Warner Bros.",3/31/1986,Parade ,1986
3099,Prince,ARIA,Gold,,,,,BPI,Platinum,,MC,Platinum,,RIAA,Platinum,,,,,30,,,,,,,,,,,,,,,,March,20,2,27,,3,,,,2,3,6,,6,1,4,6,,,"Paisley Park, Warner Bros.",3/30/1987,Sign o' the Times,1987
3100,Prince,,,,,,,BPI,Platinum,,,,,RIAA,Gold,,,,,10,,,,,,,,,,,,,,,,May,8,3,7,,4,,,,1,2,1,,1,1,1,11,,,"Paisley Park, Warner Bros.",5/10/1988,Lovesexy,1988
3101,Prince,,,,,,,BPI,Platinum,,,,,RIAA,Platinum,,,,,20,,,,,,,,,,,,,,,,June,4,3,1,,3,,,,1,2,4,,2,1,1,1,,,Warner Bros.,6/20/1989,Batman,1989
3102,Prince,,,,,,,BPI,Gold,,MC,Gold,,RIAA,Gold,,,,,20,,,,,,,,,,,,,,,,August,10,8,22,,4,,,,4,2,3,,7,2,1,6,,,"Paisley Park, Warner Bros.",8/20/1990,Graffiti Bridge,1990
3103,Prince,ARIA,Platinum,,,,,BPI,Platinum,,MC,Platinum,,RIAA,Platinum,,,,,1,,,,,,,,,,,,,,,,October,1,4,8,,8,,,,6,5,5,,8,3,2,3,,,"Paisley Park, Warner Bros.",10/1/1991,Diamonds and Pearls ,1991
3104,Prince,ARIA,Platinum,,,,,BPI,Platinum,,,,,RIAA,Platinum,,,,,13,,,,,,,,,,,,,,,,October,1,1,16,,5,,,,6,10,4,,10,4,1,5,,,"Paisley Park, Warner Bros.",10/13/1992,Love Symbol ,1992
3105,Prince,,,,,,,BPI,Gold,,,,,RIAA,Gold,,,,,16,,,,,,,,,,,,,,,,August,2,4,34,,9,,,,4,7,16,,7,4,1,15,,,Warner Bros.,8/16/1994,Come,1994
3106,Prince,,,,,,,,,,,,,,,,,,,22,,,,,,,,,,,,,,,,November,15,7,48,,49,,,,35,,,,,8,36,47,,,Warner Bros.,11/22/1994,The Black Album,1994
3107,Prince,,,,,,,BPI,Gold,,,,,RIAA,Gold,,,,,26,,,,,,,,,,,,,,,,September,13,28,35,,24,,,,3,12,,,11,7,4,6,,,"NPG, Warner Bros.",9/26/1995,The Gold Experience,1995
3108,Prince,,,,,,,,,,,,,,,,,,,9,,,,,,,,,,,,,,,,July,54,17,43,,42,,,,8,15,,,32,21,14,26,,,Warner Bros.,7/9/1996,Chaos and Disorder,1996
3109,Prince,,,,,,,,,,MC,Platinum,,RIAA,Platinum,,,,,19,,,,,,,,,,,,,,,,November,8,13,24,,21,,,,13,27,22,,22,1,18,11,,,"NPG, EMI",11/19/1996,Emancipation,1996
3110,Prince,,,,,,,,,,,,,,,,,,,29,,,,,,,,,,,,,,,,January,,,,,,,,,,,,,,,,62,,,NPG  Initially released as a limited edition 5-CD box set together with The Truth and Kamasutra by the NPG Orchestra and a 4-CD box set together with The Truth.,1/29/1998,Crystal Ball,1998
3111,Prince,,,,,,,,,,,,,,,,,,,29,,,,,,,,,,,,,,,,January,,,,,,,,,31,,,,,,,64,,,NPG  Initially released as a limited edition 5-CD box set together with Crystal Ball and Kamasutra by the NPG Orchestra and a 4-CD box set together with Crystal ball.,1/29/1998,The Truth,1998
3112,Prince,,,,,,,,,,,,,,,,,,,24,,,,,,,,,,,,,,,,August,,40,,,44,,,,15,,,,,21,47,85,,,Warner Bros.,8/24/1999,The Vault: Old Friends 4 Sale,1999
3113,Prince,,,,,,,,,,,,,RIAA,Gold,,,,,2,,,,,,,,,,,,,,,,November,82,44,5,,39,,,,17,37,,,51,19,145,18,,,"NPG, Arista",11/2/1999,Rave Un2 the Joy Fantastic,1999
3114,Prince,,,,,,,,,,,,,,,,,,,20,,,,,,,,,,,,,,,,November,,60,,,29,,,,28,,,,,30,,109,,,"NPG, Redline Entertainment",11/20/2001,The Rainbow Children,2001
3115,Prince,,,,,,,,,,,,,,,,,,,14,,,,,,,,,,,,,,,,May,,,,,,,,,,,,,,,,,,,NPG,5/14/2002,One Nite Alone...,2002
3116,Prince,,,,,,,,,,,,,,,,,,,1,,,,,,,,,,,,,,,,January,,,,,,,,,,,,,,,,,,,NPG,1/1/2003,Xpectation,2003
3117,Prince,,,,,,,,,,,,,,,,,,,26,,,,,,,,,,,,,,,,May,,,,,93,,,,83,,,,,,,,,,"NPG, MP Media",5/26/2003,N E W S,2003
3118,Prince,,,,,,,BPI,Gold,,MC,Gold,,RIAA,Platinum,,,,,27,,,,,,,,,,,,,,,,March,19,4,11,,4,,,,3,2,25,,6,2,3,3,,,"NPG, Columbia",3/27/2004,Musicology,2004
3119,Prince,,,,,,,,,,,,,,,,,,,29,,,,,,,,,,,,,,,,March,,,,,,,,,,,,,,,,,,,NPG,3/29/2004,The Chocolate Invasion,2004
3120,Prince,,,,,,,,,,,,,,,,,,,29,,,,,,,,,,,,,,,,March,,,,,,,,,,,,,,,,,,,NPG,3/29/2004,The Slaughterhouse,2004
3121,Prince,,,,,,,BPI,Silver,,,,,RIAA,Gold,,,,,21,,,,,,,,,,,,,,,,March,18,15,9,,4,,,,3,5,,,18,1,9,1,,,"NPG, Universal",3/21/2006,3121,2006
3122,Prince,,,,,,,,,,,,,,,,,,,24,,,,,,,,,,,,,,,,July,38,11,17,,7,,,,3,9,,,35,1,,3,,,"NPG, Columbia",7/24/2007,Planet Earth,2007
3123,Prince,,,,,,,,,,,,,,,,,,,29,,,,,,,,,,,,,,,,March,,,,,,,,,23,,,,,,,2,,,NPG,3/29/2009,Lotusflow3r / MPLSound,2009
3124,Prince,,,,,,,,,,,,,,,,,,,10,,,,,,,,,,,,,,,,July,,,,,,,,,,,,,,,,,,,NPG,7/10/2010,20Ten,2010
3125,Prince,,,,,,,,,,,,,,,,,,,26,,,,,,,,,,,,,,,,September,33,10,,,31,,,,9,8,31,,50,8,11,8,,,"NPG, Warner Bros.",9/26/2014,Plectrumelectrum ,2014
3126,Prince,,,,,,,,,,,,,,,,,,,26,,,,,,,,,,,,,,,,September,15,8,21,,18,,,,4,2,17,,9,4,8,5,,,"NPG, Warner Bros.",9/26/2014,Art Official Age ,2014
3127,Prince,,,,,,,,,,,,,,,,,,,7,,,,,,,,,,,,,,,,September,25,53,,,53,,,,11,,,,,27,50,48,,,NPG,9/7/2015,Hit n Run Phase One,2015
3128,Prince,,,,,,,,,,,,,,,,,,,12,,,,,,,,,,,,,,,,December,117,20,47,,21,,,,38,,,,50,9,21,40,,,NPG,12/12/2015,Hit n Run Phase Two,2015
3129,Prince,,,,,,,,,,,,,,,,,,,30,,,,,,,,,,,,,,,,July,5,3,26,,3,,,,2,39,53,,2,5,,4,,,NPG / Legacy,7/30/2021,Welcome 2 America,2021
3130,Public Enemy,,,,,,,,,,,,,RIAA,Gold,,,,,10,,,,,cassette,CD,,,,LP,,,,,,February,,,,,,,,,,,,,,,,125,,28,Def Jam,2/10/1987,Yo! Bum Rush the Show,1987
3131,Public Enemy,,,,,,,BPI,Gold,,,,,RIAA,Platinum,,,,,28,,,,,cassette,CD,,,,LP,,,,,,June,,,93,,,,,,40,,,,,,8,42,,1,Def Jam,6/28/1988,It Takes a Nation of Millions to Hold Us Back,1988
3132,Public Enemy,,,,,,,BPI,Gold,,MC,Gold,,RIAA,Platinum,,,,,10,,,,,cassette,CD,,,,LP,,,,,,April,30,,15,,30,,,,17,,15,,24,19,4,10,,3,Def Jam,4/10/1990,Fear of a Black Planet,1990
3133,Public Enemy,,,,,,,BPI,Silver,,MC,Gold,,RIAA,Platinum,,,,,1,,,,,cassette,CD,,,,LP,,,,,,October,11,,12,,38,,,,62,,5,,36,33,8,4,,1,Def Jam,10/1/1991,Apocalypse 91... The Enemy Strikes Black,1991
3134,Public Enemy,,,,,,,,,,,,,RIAA,Gold,,,,,23,,,,,cassette,CD,,,,LP,,,,,,August,16,,20,,25,,,,39,,7,,20,22,12,14,,4,Def Jam,8/23/1994,Muse Sick-n-Hour Mess Age,1994
3135,Public Enemy,,,,,,,,,,,,,,,,,,,20,,,,,cassette,CD,,digital download,,LP,,,,,,July,,,,,66,,,,,,,,,,55,,,,Atomic Pop,7/20/1999,There's a Poison Goin' On,1999
3136,Public Enemy,,,,,,,,,,,,,,,,,,,23,,,,,,CD,,digital download,,LP,,,,,,July,,,,,,,,,,,,,,,,110,,16,Koch,7/23/2002,Revolverlution,2002
3137,Public Enemy,,,,,,,,,,,,,,,,,,,1,,,,,,CD,,digital download,,LP,,,,,,November,,,,,,,,,,,,,,,,,,,Slam Jamz,11/1/2005,New Whirl Odor,2005
3138,Public Enemy,,,,,,,,,,,,,,,,,,,7,,,,,,CD,,digital download,,LP,,,,,,March,,,,,,,,,,,,,,,,180,,54,Guerrilla Funk,3/7/2006,Rebirth of a Nation (featuring Paris),2006
3139,Public Enemy,,,,,,,,,,,,,,,,,,,7,,,,,,CD,,digital download,,LP,,,,,,August,,,,,,,,,,,,,,,199,,,,Slam Jamz,8/7/2007,How You Sell Soul to a Soulless People Who Sold Their Soul?,2007
3140,Public Enemy,,,,,,,,,,,,,,,,,,,13,,,,,,CD,,digital download,,LP,,,,,,July,,,,,,,,,,,,,,,,,,,Slam Jamz,7/13/2012,Most of My Heroes Still Don't Appear on No Stamp,2012
3141,Public Enemy,,,,,,,,,,,,,,,,,,,1,,,,,,CD,,digital download,,LP,,,,,,October,,,,,,,,,,,,,,,,,,,Enemy,10/1/2012,The Evil Empire of Everything,2012
3142,Public Enemy,,,,,,,,,,,,,,,,,,,27,,,,,,CD,,digital download,,LP,,,,,,July,,,,,,,,,,,,,,,,,,,RCS Music,7/27/2015,Man Plans God Laughs,2015
3143,Public Enemy,,,,,,,,,,,,,,,,,,,29,,,,,,,,digital download,,,,,,,,June,,,,,,,,,,,,,,,,,,,916% Entertainment,6/29/2017,Nothing Is Quick in the Desert,2017
3144,Public Enemy,,,,,,,,,,,,,,,,,,,25,,,,,,,,digital download,,,,,,streaming,,September,,,,,81,,,,,,,,,37,100,,,,Def Jam,9/25/2020,What You Gonna Do When the Grid Goes Down?,2020
3145,Queen,,,,,,,BPI,Gold,,,,,RIAA,Gold,,,,,13,,,,,,,,,,,,,,,,July,77,14,,,6,,,34,14,,,,,,24,83,,,EMI,7/13/1973,Queen,1973
3146,Queen,,,,,,,BPI,Gold,,,,,,,,,,,8,,,,,,,,,,,,,,,,March,79,,,,,,,26,,19,,,,,5,49,,,EMI,3/8/1974,Queen II,1974
3147,Queen,,,,,,,BPI,Platinum,,,,,RIAA,Gold,,,,,8,,,,,,,,,,,,,,,,November,19,,,6,,,,23,7,9,,,,,2,12,,,EMI,11/8/1974,Sheer Heart Attack,1974
3148,Queen,,,,,,,BPI,Platinum,,,,,RIAA,Platinum,,,,,21,,,,,,,,,,,,,,,,November,1,9,,16,5,,,9,1,4,,,10,,1,4,,,EMI,11/21/1975,A Night at the Opera,1975
3149,Queen,,,,,,,BPI,Gold,,,,,RIAA,Platinum,,,,,10,,,,,,,,,,,,,,,,December,8,8,,,10,,,1,1,3,,,8,,1,5,,,EMI,12/10/1976,A Day at the Races,1976
3150,Queen,,,,,,,BPI,Gold,,,,,RIAA,Platinum,,SNEP,Gold,,28,,,,,,,,,,,,,,,,October,8,9,,1,7,,,3,1,4,,,9,,4,3,,,EMI,10/28/1977,News of the World,1977
3151,Queen,,,,,,,BPI,Gold,,,,,RIAA,Platinum,,SNEP,Gold,,10,,,,,,,,,,,,,,,,November,15,8,,7,5,,,5,3,6,,,6,,2,6,,,EMI,11/10/1978,Jazz,1978
3152,Queen,,,,,,,BPI,Gold,,,,,RIAA,Platinum,,,,,30,,,,,,,,,,,,,,,,June,11,5,,17,2,,,5,1,2,,,7,,1,1,,,EMI,6/30/1980,The Game,1980
3153,Queen,,,,,,,BPI,Gold,,,,,,,,,,,8,,,,,,,,,,,,,,,,December,29,1,,,2,,,12,7,25,,,29,,10,23,,,EMI,12/8/1980,Flash Gordon,1980
3154,Queen,,,,,,,BPI,Gold,,,,,RIAA,Gold,,,,,21,,,,,,,,,,,,,,,,May,15,1,,7,5,,,6,1,3,,,4,,4,22,,,EMI,5/21/1982,Hot Space,1982
3155,Queen,,,,,,,BPI,Platinum,,,,,RIAA,Gold,,,,,27,,,,,,,,,,,,,,,,February,16,2,,14,3,,,7,1,2,,,3,,2,23,,,EMI,2/27/1984,The Works,1984
3156,Queen,,,,,,,BPI,Platinum,,,,,RIAA,Gold,,SNEP,Gold,,2,,,,,,,,,,,,,,,,June,12,3,,6,4,,,25,2,5,,,9,,1,46,,,EMI,6/2/1986,A Kind of Magic,1986
3157,Queen,,,,,,,BPI,Platinum,,,,,,,,SNEP,Gold,,22,,,,,,,,,,,,,,,,May,4,1,,11,1,,,23,1,2,,,6,,1,24,,,Parlophone,5/22/1989,The Miracle,1989
3158,Queen,,,,,,,BPI,Platinum,,,,,RIAA,Gold,,SNEP,Platinum,,4,,,,,,,,,,,,,,,,February,6,2,,9,1,,,17,1,8,,,9,,1,30,,,"Parlophone, Hollywood",2/4/1991,Innuendo,1991
3159,Queen,ARIA,Platinum,,,,,BPI,Platinum,,,,,RIAA,Gold,,SNEP,Platinum,,6,,,,,,,,,,,,,,,,November,3,1,,2,1,,,10,1,2,,,1,,1,58,,,"Parlophone, Hollywood",11/6/1995,Made in Heaven,1995
3160,R.E.M.,,,,,,,BPI,Gold,,,,,RIAA,Gold,,,,,12,,,,,cassette,CD,,,,LP,,,,,,April,,,,,,,,,,,,,,,,36,,,I.R.S.,4/12/1983,Murmur,1983
3161,R.E.M.,,,,,,,BPI,Silver,,,,,RIAA,Gold,,,,,9,,,,,cassette,CD,,,,LP,,,,,,April,,,,,,,,,,,,,,,,27,,,I.R.S.,4/9/1984,Reckoning,1984
3162,R.E.M.,,,,,,,,,,,,,RIAA,Gold,,,,,10,,,,,cassette,CD,,,,LP,,,,,,June,,,40,,,,,,,,,,,,,28,,,I.R.S.,6/10/1985,Fables of the Reconstruction,1985
3163,R.E.M.,,,,,,,BPI,Silver,,MC,Platinum,,RIAA,Gold,,,,,28,,,,,cassette,CD,,,,LP,,,,,,July,73,,39,,,,,,,17,,,,,,21,,,I.R.S.,7/28/1986,Lifes Rich Pageant,1986
3164,R.E.M.,,,,,,,BPI,Gold,,MC,Platinum,,RIAA,Platinum,,,,,1,,,,,cassette,CD,,,DVD,LP,,,,,,September,47,,13,,,,,,47,,,,,,,10,,,I.R.S.,9/1/1987,Document,1987
3165,R.E.M.,,,,,,,BPI,Platinum,,MC,Platinum,,RIAA,Platinum,,,,,8,,,,,cassette,CD,,,DVD,LP,,,,,,November,16,,14,,,,,,,,,,,,,12,,,Warner Bros.,11/8/1988,Green,1988
3166,R.E.M.,ARIA,Platinum,,,,,BPI,Platinum,,MC,Platinum,,RIAA,Platinum,,,,,12,,,,,cassette,CD,,,DVD,LP,MiniDisc,,,,,March,4,1,1,,2,,,,1,4,,,,3,,1,,,Warner Bros.,3/12/1991,Out of Time,1991
3167,R.E.M.,ARIA,Platinum,,,,,BPI,Platinum,,MC,Platinum,,RIAA,Platinum,,,,,5,,,blu-ray,,cassette,CD,,,DVD,LP,MiniDisc,,,,,October,2,3,4,,2,,,,2,4,,,,3,,2,,,Warner Bros.,10/5/1992,Automatic for the People,1992
3168,R.E.M.,ARIA,Platinum,,,,,BPI,Platinum,,MC,Platinum,,RIAA,Platinum,,,,,26,,,,,cassette,CD,,,DVD,LP,,,,,,September,2,1,1,,2,,,,1,2,,,,1,,1,,,Warner Bros.,9/26/1994,Monster,1994
3169,R.E.M.,ARIA,Gold,,,,,BPI,Platinum,,MC,Platinum,,RIAA,Platinum,,,,,9,,,,,cassette,CD,,,DVD,LP,,,,,,September,1,1,1,,1,,,,1,1,,,,1,,2,,,Warner Bros.,9/9/1996,New Adventures in Hi-Fi,1996
3170,R.E.M.,ARIA,Gold,,,,,BPI,Platinum,,,,,RIAA,Gold,,,,,27,,,,,cassette,CD,,,DVD,LP,MiniDisc,,,,,October,5,1,2,,1,,,,16,1,,,,7,,3,,,Warner Bros.,10/27/1998,Up,1998
3171,R.E.M.,ARIA,Gold,,,,,BPI,Platinum,,MC,Gold,,RIAA,Gold,,,,,15,,,,,cassette,CD,,,DVD,LP,,,,,,May,5,1,4,,1,,,,7,1,,,,1,,6,,,Warner Bros.,5/15/2001,Reveal,2001
3172,R.E.M.,ARIA,Gold,,,,,BPI,Gold,,,,,,,,,,,5,,,,,cassette,CD,,digital download,DVD,LP,,,,,,October,6,1,7,,1,,,,7,1,,,,1,,13,,,Warner Bros.,10/5/2004,Around the Sun,2004
3173,R.E.M.,,,,,,,BPI,Gold,,,,,,,,,,,1,,,,,,CD,,digital download,,LP,,,,,,April,13,2,1,,2,,,,2,1,,,,1,,2,,,Warner Bros.,4/1/2008,Accelerate,2008
3174,R.E.M.,,,,,,,BPI,Silver,,,,,,,,,,,8,,,,,,CD,,digital download,,LP,,,,,,March,15,2,6,,1,,,,8,2,,,,1,,5,,,Warner Bros.,3/8/2011,Collapse into Now,2011
3175,Radiohead,ARIA,Gold,,,,,BPI,Platinum,,MC,Platinum,,RIAA,Platinum,,,,,22,,,,,cassette,CD,,,,LP,,,,,,February,86,,42,108,,12,,,61,,,,,,22,32,,,EMI,2/22/1993,Pablo Honey,1993
3176,Radiohead,,,,,,,BPI,Platinum,,MC,Platinum,,RIAA,Platinum,,,,,8,,,,,cassette,CD,,,,LP,MiniDisc,,,,,March,23,,14,35,73,4,88,,20,,,,,,4,88,,,EMI,3/8/1995,The Bends,1995
3177,Radiohead,ARIA,Platinum,,,,,BPI,Platinum,,MC,Platinum,,RIAA,Platinum,,SNEP,Gold,,21,,,,,cassette,CD,,,,LP,MiniDisc,,,,,May,7,,2,3,13,1,6,,2,,,,,,1,21,,,EMI,5/21/1997,OK Computer,1997
3178,Radiohead,ARIA,Platinum,,,,,BPI,Platinum,,MC,Platinum,,RIAA,Platinum,,SNEP,Platinum,,2,,,,,cassette,CD,,,,LP,MiniDisc,,,,,October,2,,1,1,4,1,3,,4,,,,,,1,1,,,EMI,10/2/2000,Kid A,2000
3179,Radiohead,ARIA,Gold,,,,,BPI,Platinum,,MC,Platinum,,RIAA,Gold,,SNEP,Gold,,30,,,,,cassette,CD,,,,LP,,,,,,May,2,,1,2,2,1,2,,3,,,,,,1,2,,,EMI,5/30/2001,Amnesiac,2001
3180,Radiohead,ARIA,Gold,,,,,BPI,Platinum,,MC,Platinum,,RIAA,Gold,,SNEP,Gold,,9,,,,,cassette,CD,,,,LP,,,,,,June,2,,1,1,3,1,3,,4,,,,,,1,3,,,EMI,6/9/2003,Hail to the Thief,2003
3181,Radiohead,,,,,,,BPI,Platinum,,MC,Platinum,,RIAA,Gold,,,,,10,,,,,,CD,,digital download,,LP,,,,,,October,2,,1,1,8,1,7,,7,,,,,,1,1,,,"Xurbia Xendless, XL",10/10/2007,In Rainbows,2007
3182,Radiohead,,,,,,,BPI,Gold,,MC,Gold,,,,,,,,18,,,,,,CD,,digital download,,LP,,,,,,February,2,,5,8,13,7,8,,3,,,,,,7,3,,,"Ticker Tape, XL",2/18/2011,The King of Limbs,2011
3183,Radiohead,ARIA,Gold,,,,,BPI,Gold,,MC,Platinum,,RIAA,Gold,,SNEP,Gold,,8,,,,,,CD,,digital download,,LP,,,,,,May,2,,2,5,3,1,2,,2,,,,,,1,3,,,XL,5/8/2016,A Moon Shaped Pool,2016
3184,Rage Against the Machine,ARIA,Platinum,,,,,BPI,Platinum,,MC,Platinum,,RIAA,Platinum,,,,,3,,,,,cassette,CD,,,,LP,MiniDisc,,,,,November,12,,86,,22,,,,,,9,,22,16,17,45,,,Epic,11/3/1992,Rage Against the Machine,1992
3185,Rage Against the Machine,ARIA,Gold,,,,,BPI,Gold,,MC,Platinum,,RIAA,Platinum,,,,,16,,,,,cassette,CD,,,,LP,MiniDisc,,,,,April,2,2,4,,2,,,,,,3,,1,4,4,1,,,Epic,4/16/1996,Evil Empire,1996
3186,Rage Against the Machine,ARIA,Platinum,,,,,BPI,Gold,,MC,Platinum,,RIAA,Platinum,,,,,2,,,,,cassette,CD,,,,LP,MiniDisc,,,,,November,2,17,1,,7,,,,,,1,,4,15,23,1,,,Epic,11/2/1999,The Battle of Los Angeles,1999
3187,Rage Against the Machine,ARIA,Platinum,,,,,BPI,Gold,,,,,RIAA,Platinum,,,,,5,,,,,cassette,CD,,,,LP,,,,,,December,10,66,13,,47,,,,,,,,,49,71,14,,,Epic,12/5/2000,Renegades,2000
3188,Ramones,,,,,,,BPI,Silver,,,,,RIAA,Gold,,,,,23,,,,,,,,,,,,,,,,April,,,,,,,,,185,,,,48,,,111,,,Sire,4/23/1976,Ramones,1976
3189,Ramones,,,,,,,,,,,,,,,,,,,10,,,,,,,,,,,,,,,,January,,,,,,,,,,,,,,,45,148,,,Sire,1/10/1977,Leave Home,1977
3190,Ramones,,,,,,,,,,,,,,,,,,,4,,,,,,,,,,,,,,,,November,79,,36,,,,,,,,,,31,,60,49,,,Sire,11/4/1977,Rocket to Russia,1977
3191,Ramones,,,,,,,,,,,,,,,,,,,22,,,,,,,,,,,,,,,,September,99,,,,,,,,,,,,25,,32,103,,,Sire,9/22/1978,Road to Ruin,1978
3192,Ramones,,,,,,,,,,,,,,,,,,,4,,,,,,,,,,,,,,,,February,53,,41,,,,,,27,36,48,,10,,14,44,,,Sire,2/4/1980,End of the Century,1980
3193,Ramones,,,,,,,,,,,,,,,,,,,20,,,,,,,,,,,,,,,,July,87,,,,,,,,,,,,35,,,58,,,Sire,7/20/1981,Pleasant Dreams,1981
3194,Ramones,,,,,,,,,,,,,,,,,,,23,,,,,,,,,,,,,,,,February,,,,,,,,,,,,,,,,83,,,Sire,2/23/1983,Subterranean Jungle,1983
3195,Ramones,,,,,,,,,,,,,,,,,,,1,,,,,,,,,,,,,,,,October,,,,,,,,,,,,,49,,63,171,,,"Sire, Beggars Banquet, Ariola, RCA, Closer",10/1/1984,Too Tough to Die,1984
3196,Ramones,,,,,,,,,,,,,,,,,,,19,,,,,,,,,,,,,,,,May,,,94,,,,,,,,,,37,,38,143,,,"Sire, Beggars Banquet, Ariola, RCA, Barclay",5/19/1986,Animal Boy,1986
3197,Ramones,,,,,,,,,,,,,,,,,,,15,,,,,,,,,,,,,,,,September,,,,,,,,,68,,,,43,,78,172,,,"Sire, Beggars Banquet, Ariola, RCA, Barclay",9/15/1987,Halfway to Sanity,1987
3198,Ramones,,,,,,,,,,,,,,,,,,,23,,,,,,,,,,,,,,,,March,130,,,,,,,,,,,,41,,75,122,,,"Sire, Chrysalis",3/23/1989,Brain Drain,1989
3199,Ramones,,,,,,,,,,,,,,,,,,,1,,,,,,,,,,,,,,,,September,93,,,,,,,,,,,,41,,87,190,,,"Radioactive, Chrysalis",9/1/1992,Mondo Bizarro,1992
3200,Ramones,,,,,,,,,,,,,,,,,,,1,,,,,,,,,,,,,,,,December,,,48,,,,,,,,,,26,,,179,,,"Radioactive, Chrysalis",12/1/1993,Acid Eaters,1993
3201,Ramones,,,,,,,,,,,,,,,,,,,18,,,,,,,,,,,,,,,,July,,,,,,,,,,,,,16,,62,148,,,"Radioactive, Chrysalis",7/18/1995,Ã‚Â¡Adios Amigos!,1995
3202,Randy Newman,,,,,,,,,,,,,,,,,,,1,,,,,,,,,,LP,,,,,,June,,,,,,,,,,,,,,,,,,,Reprise Records,6/1/1968,Randy Newman,1968
3203,Randy Newman,,,,,,,,,,,,,,,,,,,1,,,,,,,,,,LP,,,,,,April,,,,,,,,,,,,,,,,,,,Reprise Records,4/1/1970,12 Songs,1970
3204,Randy Newman,,,,,,,,,,,,,,,,,,,1,,,,,,,,,,LP,,,,,,May,42,,,,,,,,,,,,,,,163,,,Reprise Records,5/1/1972,Sail Away,1972
3205,Randy Newman,,,,,,,,,,,,,,,,,,,10,,,,,,,,,,LP,,,,,,September,,,58,,,,,,,,,,,,,36,,,Reprise Records,9/10/1974,Good Old Boys,1974
3206,Randy Newman,,,,,,,,,,,,,RIAA,Gold,,,,,23,,,,,,,,,,LP,,,,,,September,29,,9,,,,,,,,,,,,,9,,,Warner Bros. Records,9/23/1977,Little Criminals,1977
3207,Randy Newman,,,,,,,,,,,,,,,,,,,1,,,,,,,,,,LP,,,,,,August,65,23,81,,,,,,,,,,,,,41,,,Warner Bros. Records,8/1/1979,Born Again,1979
3208,Randy Newman,,,,,,,,,,,,,,,,,,,17,,,,,,,,,,LP,,,,,,January,,8,,,33,,,,,,,,,,,64,,,Warner Bros. Records,1/17/1983,Trouble in Paradise,1983
3209,Randy Newman,,,,,,,,,,,,,,,,,,,1,,,,,,CD,,,,LP,,,,,,September,,,,,,,,,,,,,,12,,80,,,Reprise Records,9/1/1988,Land of Dreams,1988
3210,Randy Newman,,,,,,,,,,,,,,,,,,,1,,,,,,CD,,,,,,,,,,June,,,,,52,,,,,,,,,,,194,,,DreamWorks Records,6/1/1999,Bad Love,1999
3211,Randy Newman,,,,,,,,,,,,,,,,,,,5,,,,,,CD,,,,LP,,,,,,August,,29,,,25,,,,,,,,,25,46,30,,,Nonesuch Records,8/5/2008,Harps and Angels,2008
3212,Randy Newman,,,,,,,,,,,,,,,,,,,4,,,,,,CD,,,,LP,,,,,,August,,35,,,48,,,,,,,,,20,61,106,,,Nonesuch Records,8/4/2017,Dark Matter,2017
3213,Ray Charles,,,,,,,,,,,,,,,,,,,1,,,,,,,,,,,,,,,,January,,,,,,,,,,,,,,,,35,,,Atlantic,1/1/1957,Ray Charles,1957
3214,Ray Charles,,,,,,,,,,,,,,,,,,,1,,,,,,,,,,,,,,,,January,,,,,,,,,,,,,,,,68,,,Atlantic,1/1/1957,The Great Ray Charles,1957
3215,Ray Charles,,,,,,,,,,,,,,,,,,,1,,,,,,,,,,,,,,,,January,,,,,,,,,,,,,,,,,,,Atlantic,1/1/1958,Soul Brothers (with Milt Jackson),1958
3216,Ray Charles,,,,,,,,,,,,,,,,,,,1,,,,,,,,,,,,,,,,January,,,,,,,,,,,,,,,,32,,,Atlantic,1/1/1958,Yes Indeed!,1958
3217,Ray Charles,,,,,,,,,,,,,,,,,,,1,,,,,,,,,,,,,,,,January,,,,,,,,,,,,,,,,54,,,Atlantic,1/1/1958,Ray Charles at Newport (live),1958
3218,Ray Charles,,,,,,,,,,,,,,,,,,,1,,,,,,,,,,,,,,,,January,,,,,,,,,,,,,,,,20,,,Atlantic,1/1/1959,What'd I Say,1959
3219,Ray Charles,,,,,,,,,,,,,,,,,,,1,,,,,,,,,,,,,,,,January,,,,,,,,,,,,,,,,17,,,Atlantic,1/1/1959,The Genius of Ray Charles,1959
3220,Ray Charles,,,,,,,,,,,,,,,,,,,1,,,,,,,,,,,,,,,,January,,,,,,,,,,,,,,,,13,,,Atlantic,1/1/1960,Ray Charles in Person (live),1960
3221,Ray Charles,,,,,,,,,,,,,,,,,,,1,,,,,,,,,,,,,,,,January,,,,,,,,,,,,,,,,,,,Atlantic,1/1/1961,Soul Meeting (with Milt Jackson),1961
3222,Ray Charles,,,,,,,,,,,,,,,,,,,1,,,,,,,,,,,,,,,,January,,,,,,,,,,,,,,,,49,,,Atlantic,1/1/1961,The Genius After Hours,1961
3223,Ray Charles,,,,,,,,,,,,,,,,,,,1,,,,,,,,,,,,,,,,January,,,,,,,,,,,,,,,,73,,,Atlantic,1/1/1961,The Genius Sings the Blues,1961
3224,Ray Charles,,,,,,,,,,,,,,,,,,,1,,,,,,,,,,,,,,,,January,,,,,,,,,,,,,,,,9,,,ABC,1/1/1960,The Genius Hits the Road,1960
3225,Ray Charles,,,,,,,,,,,,,,,,,,,1,,,,,,,,,,,,,,,,January,,,,,,,,,,,,,,,,11,,,ABC,1/1/1961,Dedicated to You,1961
3226,Ray Charles,,,,,,,,,,,,,,,,,,,1,,,,,,,,,,,,,,,,January,,,,,,,,,,,,,,,,4,,,ABC,1/1/1961,Genius + Soul = Jazz,1961
3227,Ray Charles,,,,,,,,,,,,,,,,,,,1,,,,,,,,,,,,,,,,January,,,,,,,,,,,,,,,,52,,,ABC,1/1/1961,Ray Charles and Betty Carter,1961
3228,Ray Charles,,,,,,,,,,,,,RIAA,Gold,,,,,1,,,,,,,,,,,,,,,,January,,,,,,,,,,,,,,,16,5,,,ABC,1/1/1962,Ray Charles Greatest Hits,1962
3229,Ray Charles,,,,,,,,,,,,,RIAA,Gold,,,,,1,,,,,,,,,,,,,,,,January,,,,,,,,,,,,,,,6,1,,,ABC,1/1/1962,Modern Sounds in Country and Western Music,1962
3230,Ray Charles,,,,,,,,,,,,,RIAA,Gold,,,,,1,,,,,,,,,,,,,,,,January,,,,,,,,,,,,,,,15,2,,,ABC,1/1/1962,Modern Sounds in Country and Western Music Volume Two,1962
3231,Ray Charles,,,,,,,,,,,,,,,,,,,1,,,,,,,,,,,,,,,,January,,,,,,,,,,,,,,,,2,,,ABC,1/1/1963,Ingredients in a Recipe for Soul,1963
3232,Ray Charles,,,,,,,,,,,,,,,,,,,1,,,,,,,,,,,,,,,,January,,,,,,,,,,,,,,,,9,,,ABC,1/1/1964,Sweet & Sour Tears,1964
3233,Ray Charles,,,,,,,,,,,,,,,,,,,1,,,,,,,,,,,,,,,,January,,,,,,,,,,,,,,,,36,,,ABC,1/1/1964,Have a Smile with Me,1964
3234,Ray Charles,,,,,,,,,,,,,,,,,,,1,,,,,,,,,,,,,,,,January,,,,,,,,,,,,,,,,80,,9,ABC,1/1/1965,Live in Concert,1965
3235,Ray Charles,,,,,,,,,,,,,,,,,,,1,,,,,,,,,,,,,,,,January,,,,,,,,,,,,,,,,116,,,ABC,1/1/1965,Together Again,1965
3236,Ray Charles,,,,,,,,,,,,,,,,,,,1,,,,,,,,,,,,,,,,January,,,,,,,,,,,,,,,,15,,1,ABC,1/1/1966,Crying Time,1966
3237,Ray Charles,,,,,,,,,,,,,,,,,,,1,,,,,,,,,,,,,,,,January,,,,,,,,,,,,,,,,52,,7,ABC / Tangerine,1/1/1966,Ray's Moods,1966
3238,Ray Charles,,,,,,,,,,,,,,,,,,,1,,,,,,,,,,,,,,,,January,,,,,,,,,,,,,,,,76,,9,ABC / Tangerine,1/1/1967,Ray Charles Invites You to Listen,1967
3239,Ray Charles,,,,,,,,,,,,,,,,,,,1,,,,,,,,,,,,,,,,January,,,,,,,,,,,,,,,,51,,5,ABC / Tangerine,1/1/1968,A Portrait of Ray,1968
3240,Ray Charles,,,,,,,,,,,,,,,,,,,1,,,,,,,,,,,,,,,,January,,,,,,,,,,,,,,,,167,,25,ABC / Tangerine,1/1/1969,I'm All Yours Baby!,1969
3241,Ray Charles,,,,,,,,,,,,,,,,,,,1,,,,,,,,,,,,,,,,January,,,,,,,,,,,,,,,,172,,34,ABC / Tangerine,1/1/1969,Doing His Thing,1969
3242,Ray Charles,,,,,,,,,,,,,,,,,,,1,,,,,,,,,,,,,,,,January,,,,,,,,,,,,,,,,155,,37,Tangerine,1/1/1970,My Kind of Jazz,1970
3243,Ray Charles,,,,,,,,,,,,,,,,,,,1,,,,,,,,,,,,,,,,January,,,,,,,,,,,,,,,,155,,34,ABC / Tangerine,1/1/1970,Love Country Style,1970
3244,Ray Charles,,,,,,,,,,,,,,,,,,,1,,,,,,,,,,,,,,,,January,,,,,,,,,,,,,,,,52,,16,ABC / Tangerine,1/1/1971,Volcanic Action of My Soul,1971
3245,Ray Charles,,,,,,,,,,,,,,,,,,,1,,,,,,,,,,,,,,,,January,,,,,,,,,,,,,,,,52,,22,ABC / Tangerine,1/1/1972,A Message from the People,1972
3246,Ray Charles,,,,,,,,,,,,,,,,,,,1,,,,,,,,,,,,,,,,January,,,,,,,,,,,,,,,,186,,43,ABC / Tangerine,1/1/1972,Through the Eyes of Love,1972
3247,Ray Charles,,,,,,,,,,,,,,,,,,,1,,,,,,,,,,,,,,,,January,,,,,,,,,,,,,,,,194,,48,Tangerine,1/1/1973,Jazz Number II,1973
3248,Ray Charles,,,,,,,,,,,,,,,,,,,1,,,,,,,,,,,,,,,,January,,,,,,,,,,,,,,,,106,,34,CrossOver,1/1/1974,Come Live with Me,1974
3249,Ray Charles,,,,,,,,,,,,,,,,,,,1,,,,,,,,,,,,,,,,January,,,,,,,,,,,,,,,,175,,34,CrossOver,1/1/1975,Renaissance,1975
3250,Ray Charles,,,,,,,,,,,,,,,,,,,1,,,,,,,,,,,,,,,,January,,,,,,,,,,,,,,,,,,55,CrossOver,1/1/1975,My Kind of Jazz Part 3,1975
3251,Ray Charles,,,,,,,,,,,,,,,,,,,1,,,,,,,,,,,,,,,,January,63,,,,,,,,,,,,,,,138,,30,RCA,1/1/1976,Porgy and Bess (with Cleo Laine),1976
3252,Ray Charles,,,,,,,,,,,,,,,,,,,1,,,,,,,,,,,,,,,,January,,,,,,,,,,,,,,,,78,,23,Atlantic,1/1/1977,True to Life,1977
3253,Ray Charles,,,,,,,,,,,,,,,,,,,1,,,,,,,,,,,,,,,,January,,,,,,,,,,,,,,,,181,,35,Atlantic,1/1/1978,Love & Peace,1978
3254,Ray Charles,,,,,,,,,,,,,,,,,,,1,,,,,,,,,,,,,,,,January,,,,,,,,,,,,,,,,,,59,Atlantic,1/1/1979,Ain't It So,1979
3255,Ray Charles,,,,,,,,,,,,,,,,,,,1,,,,,,,,,,,,,,,,January,,,,,,,,,,,,,,,,203,,52,Atlantic,1/1/1980,Brother Ray Is at It Again,1980
3256,Ray Charles,,,,,,,,,,,,,,,,,,,1,,,,,,,,,,,,,,,,January,,,,,,,,,,,,,,,,,29,,Columbia,1/1/1983,Wish You Were Here Tonight,1983
3257,Ray Charles,,,,,,,,,,,,,,,,,,,1,,,,,,,,,,,,,,,,January,,,,,,,,,,,,,,,,,55,,Columbia,1/1/1984,Do I Ever Cross Your Mind,1984
3258,Ray Charles,,,,,,,,,,,,,,,,,,,1,,,,,,,,,,,,,,,,January,87,,81,,,,,,,,,,,,,75,1,,Columbia,1/1/1984,Friendship,1984
3259,Ray Charles,,,,,,,,,,,,,,,,,,,1,,,,,,,,,,,,,,,,January,,,,,,,,,,,,,,,,,42,,Columbia,1/1/1984,The Spirit of Christmas,1984
3260,Ray Charles,,,,,,,,,,,,,,,,,,,1,,,,,,,,,,,,,,,,January,,,,,,,,,,,,,,,,,16,,Columbia,1/1/1986,From the Pages of My Mind,1986
3261,Ray Charles,,,,,,,,,,,,,,,,,,,1,,,,,,,,,,,,,,,,January,,,,,,,,,,,,,,,,,,68,Columbia,1/1/1988,Just Between Us,1988
3262,Ray Charles,,,,,,,,,,,,,,,,,,,1,,,,,,,,,,,,,,,,January,,,,,,,,,,,,,,,,,,61,Qwest/Warner Bros.,1/1/1990,Would You Believe?,1990
3263,Ray Charles,,,,,,,,,,,,,,,,,,,1,,,,,,,,,,,,,,,,January,,,,,,,,,,,,,,,,145,,53,Qwest/Warner Bros.,1/1/1993,My World,1993
3264,Ray Charles,,,,,,,,,,,,,,,,,,,1,,,,,,,,,,,,,,,,January,,,,,,,,,,,,,,,,,,85,Qwest/Warner Bros.,1/1/1996,Strong Love Affair,1996
3265,Ray Charles,,,,,,,,,,,,,,,,,,,1,,,,,,,,,,,,,,,,January,,,,,,,,,,,,,,,,178,,30,E-Nate/Welk Music Group; XIII Bis,1/1/2002,Thanks for Bringing Love Around Again,2002
3266,Ray Charles,ARIA,Platinum,,,,,BPI,Gold,,,,,RIAA,Platinum,,,,,1,,,,,,,,,,,,,,,,January,4,,1,,,,,,,,,,,,18,1,,4,Concord,1/1/2004,Genius Loves Company,2004
3267,Ray Charles,,,,,,,,,,,,,,,,,,,1,,,,,,,,,,,,,,,,January,,,,,,,,,,,,,,,,121,,43,Madacy,1/1/2004,Celebrates a Gospel Christmas with The Voices of Jubilation,2004
3268,Ray Charles,,,,,,,,,,,,,,,,,,,1,,,,,,,,,,,,,,,,January,,,,,,,,,,,,,,,,,,70,United Audio,1/1/2004,The Jazz Biography Series,2004
3269,Ray Charles,,,,,,,,,,,,,,,,,,,1,,,,,,,,,,,,,,,,January,,,72,,,,,,,,,,,,142,36,,14,Rhino,1/1/2005,Genius & Friends,2005
3270,Ray Charles,,,,,,,,,,,,,,,,,,,1,,,,,,,,,,,,,,,,January,,,,,,,,,,,,,,,,,,,Hear Music/Concord,1/1/2006,"Ray Sings, Basie Swings (with the Count Basie Orchestra)",2006
3271,Ray Charles,,,,,,,,,,,,,,,,,,,1,,,,,,,,,,,,,,,,January,,,,,,,,,,,,,,,,198,,28,Concord,1/1/2010,Rare Genius: The Undiscovered Masters,2010
3272,Red Hot Chili Peppers,,,,,,,,,,,,,,,,,,,10,,,,,cassette,CD,,,,LP,,,,,,August,,,,,,,,,,,,,,,,,,,"EMI, Capitol",8/10/1984,The Red Hot Chili Peppers,1984
3273,Red Hot Chili Peppers,,,,,,,BPI,Silver,,,,,,,,,,,16,,,,,cassette,CD,,,,LP,,,,,,August,,,,,,,,,,,,,,,,,,,EMI,8/16/1985,Freaky Styley,1985
3274,Red Hot Chili Peppers,,,,,,,,,,,,,RIAA,Gold,,,,,29,,,,,cassette,CD,,,,LP,,,,,,September,,,,,,,,,,,,,,,,148,,,EMI,9/29/1987,The Uplift Mofo Party Plan,1987
3275,Red Hot Chili Peppers,,,,,,,BPI,Silver,,MC,Gold,,RIAA,Platinum,,,,,16,,,,,cassette,CD,,,,LP,,,,,,August,33,,,,,,,,69,,47,,,,,52,,,EMI,8/16/1989,Mother's Milk,1989
3276,Red Hot Chili Peppers,ARIA,Platinum,,,,,BPI,Platinum,,MC,Platinum,,RIAA,Platinum,,SNEP,Platinum,,24,,,,,cassette,CD,,,,LP,,,,,,September,1,17,1,33,12,,,,2,,1,,,10,25,3,,,Warner Bros.,9/24/1991,Blood Sugar Sex Magik,1991
3277,Red Hot Chili Peppers,ARIA,Platinum,,,,,BPI,Gold,,MC,Platinum,,RIAA,Platinum,,SNEP,Platinum,,12,,,,,cassette,CD,,,,LP,,,,,,September,1,4,6,3,3,,,,5,,1,,,2,2,4,,,Warner Bros.,9/12/1995,One Hot Minute,1995
3278,Red Hot Chili Peppers,ARIA,Platinum,,,,,BPI,Platinum,,MC,Platinum,,RIAA,Platinum,,SNEP,Gold,,8,,,,,cassette,CD,,,,LP,,,,,,June,1,2,2,2,2,,,,2,,1,,,3,5,3,,,Warner Bros.,6/8/1999,Californication,1999
3279,Red Hot Chili Peppers,ARIA,Platinum,,,,,BPI,Platinum,,MC,Platinum,,RIAA,Platinum,,SNEP,Platinum,,9,,,,,,CD,,,,LP,,,,,,July,1,1,1,2,1,,,,1,,1,,,1,1,2,,,Warner Bros.,7/9/2002,By the Way,2002
3280,Red Hot Chili Peppers,ARIA,Platinum,,,,,BPI,Platinum,,MC,Platinum,,RIAA,Platinum,,SNEP,Platinum,,9,,,,,,CD,,digital download,,LP,,,,,,May,1,1,1,1,1,,,,1,,1,,,1,1,1,,,Warner Bros.,5/9/2006,Stadium Arcadium,2006
3281,Red Hot Chili Peppers,ARIA,Platinum,,,,,BPI,Gold,,MC,Platinum,,RIAA,Gold,,SNEP,Platinum,,29,,,,,,CD,,digital download,,LP,,,,,,August,2,2,2,2,1,,,,1,,1,,,1,1,2,,,Warner Bros.,8/29/2011,I'm with You,2011
3282,Red Hot Chili Peppers,,,,,,,BPI,Gold,,MC,Gold,,RIAA,Gold,,SNEP,Platinum,,17,,,,,,CD,,digital download,,LP,,,,,,June,1,1,2,3,2,,,,1,,1,,,1,2,2,,,Warner Bros.,6/17/2016,The Getaway,2016
3283,Red Hot Chili Peppers,,,,,,,BPI,Silver,,,,,,,,SNEP,Gold,,1,,,,,cassette,CD,,digital download,,LP,,,,,,April,1,1,1,1,1,,,,1,,1,,,1,1,1,,,Warner,4/1/2022,Unlimited Love,2022
3284,Red Hot Chili Peppers,,,,,,,,,,,,,,,,,,,14,,,,,cassette,CD,,digital download,,LP,,,,,,October,2,1,3,1,1,,,,1,,1,,,1,2,3,,,Warner,10/14/2022,Return of the Dream Canteen,2022
3285,Ricky Nelson,,,,,,,,,,,,,,,,,,,1,,,,,,,,,,,,,,,,January,,,,,,,,,,,,,,,,1,,,Imperial,1/1/1957,Ricky,1957
3286,Ricky Nelson,,,,,,,,,,,,,,,,,,,1,,,,,,,,,,,,,,,,January,,,,,,,,,,,,,,,,7,,,Imperial,1/1/1958,Ricky Nelson,1958
3287,Ricky Nelson,,,,,,,,,,,,,,,,,,,1,,,,,,,,,,,,,,,,January,,,1,,,,,,,,,,,,,14,,,Imperial,1/1/1959,Ricky Sings Again,1959
3288,Ricky Nelson,,,,,,,,,,,,,,,,,,,1,,,,,,,,,,,,,,,,January,,,,,,,,,,,,,,,,22,,,Imperial,1/1/1959,Songs by Ricky,1959
3289,Ricky Nelson,,,,,,,,,,,,,,,,,,,1,,,,,,,,,,,,,,,,January,,,,,,,,,,,,,,,,18,,,Imperial,1/1/1960,More Songs by Ricky,1960
3290,Ricky Nelson,,,,,,,,,,,,,,,,,,,1,,,,,,,,,,,,,,,,January,,,,,,,,,,,,,,,,8,,,Imperial,1/1/1961,Rick Is 21,1961
3291,Ricky Nelson,,,,,,,,,,,,,,,,,,,1,,,,,,,,,,,,,,,,January,,,,,,,,,,,,,,,,27,,,Imperial Records,1/1/1962,Album Seven by Rick,1962
3292,Ricky Nelson,,,,,,,,,,,,,,,,,,,1,,,,,,,,,,,,,,,,January,,,,,,,,,,,,,,,,20,,,Decca Records,1/1/1963,For Your Sweet Love,1963
3293,Ricky Nelson,,,,,,,,,,,,,,,,,,,1,,,,,,,,,,,,,,,,January,,,,,,,,,,,,,,,,14,,,Decca Records,1/1/1963,"Rick Nelson Sings ""For You""",1963
3294,Ricky Nelson,,,,,,,,,,,,,,,,,,,1,,,,,,,,,,,,,,,,January,,,,,,,,,,,,,,,,,,,Decca,1/1/1964,The Very Thought of You,1964
3295,Ricky Nelson,,,,,,,,,,,,,,,,,,,1,,,,,,,,,,,,,,,,January,,,,,,,,,,,,,,,,,,,Decca,1/1/1964,Spotlight on Rick,1964
3296,Ricky Nelson,,,,,,,,,,,,,,,,,,,1,,,,,,,,,,,,,,,,January,,,,,,,,,,,,,,,,,,,Decca,1/1/1965,Best Always,1965
3297,Ricky Nelson,,,,,,,,,,,,,,,,,,,1,,,,,,,,,,,,,,,,January,,,,,,,,,,,,,,,,,,,Decca,1/1/1965,Love and Kisses,1965
3298,Ricky Nelson,,,,,,,,,,,,,,,,,,,1,,,,,,,,,,,,,,,,January,,,,,,,,,,,,,,,,,,,Decca,1/1/1966,Bright Lights and Country Music,1966
3299,Ricky Nelson,,,,,,,,,,,,,,,,,,,1,,,,,,,,,,,,,,,,January,,,,,,,,,,,,,,,,,,,Decca,1/1/1967,Country Fever,1967
3300,Ricky Nelson,,,,,,,,,,,,,,,,,,,1,,,,,,,,,,,,,,,,January,,,,,,,,,,,,,,,,,,,Decca,1/1/1967,Another Side of Rick,1967
3301,Ricky Nelson,,,,,,,,,,,,,,,,,,,1,,,,,,,,,,,,,,,,January,,,,,,,,,,,,,,,,,,,Decca,1/1/1968,Perspective,1968
3302,Ricky Nelson,,,,,,,,,,,,,,,,,,,1,,,,,,,,,,,,,,,,January,33,,,,,,,,,,,,,,,196,,,Decca/MCA,1/1/1970,Rick Sings Nelson,1970
3303,Ricky Nelson,,,,,,,,,,,,,,,,,,,1,,,,,,,,,,,,,,,,January,38,,,,,,,,,,,,,,,204,,,Decca/MCA,1/1/1971,Rudy the Fifth,1971
3304,Ricky Nelson,,,,,,,,,,,,,,,,,,,1,,,,,,,,,,,,,,,,January,67,,39,,,,,,,,,,,,,32,26,,Decca,1/1/1972,Garden Party,1972
3305,Ricky Nelson,,,,,,,,,,,,,,,,,,,1,,,,,,,,,,,,,,,,January,61,,97,,,,,,,,,,,,,190,,,Decca Records,1/1/1974,Windfall,1974
3306,Ricky Nelson,,,,,,,,,,,,,,,,,,,1,,,,,,,,,,,,,,,,January,,,,,,,,,,,,,,,,,,,Epic Records,1/1/1977,Intakes,1977
3307,Ricky Nelson,,,,,,,,,,,,,,,,,,,1,,,,,,,,,,,,,,,,January,,,,,,,,,,,,,,,,153,,,Capitol Records,1/1/1981,Playing to Win,1981
3308,Ricky Nelson,,,,,,,,,,,,,,,,,,,1,,,,,,,,,,,,,,,,January,58,,,,,,,,,,,,,,,,,,Silver Eagle,1/1/1985,All My Best,1985
3309,Ricky Nelson,,,,,,,,,,,,,,,,,,,1,,,,,,,,,,,,,,,,January,,,,,,,,,,,,,,,,,62,,Capitol Records,1/1/1986,The Memphis Sessions,1986
3310,Ricky Nelson,,,,,,,,,,,,,,,,,,,1,,,,,,,,,,,,,,,,January,,,,,,,,,,,,,,,,,,,,1/1/1978,Back to Vienna,1978
3311,Ricky Nelson,,,,,,,,,,,,,,,,,,,1,,,,,,,,,,,,,,,,January,,,,,,,,,,,,,,,,,,,,1/1/1979,Rockabilly Renaissance (aka The Memphis Sessions) ,1979
3312,Ricky Nelson,,,,,,,,,,,,,,,,,,,1,,,,,,,,,,,,,,,,January,,,,,,,,,,,,,,,,,,,,1/1/1986,Untitled Curb Records Studio Album,1986
3313,Ritchie Valens,,,,,,,,,,,,,,,,,,,1,,,,,,,,,,,,,,,,January,,,,,,,,,,,,,,,,23,,,Del-Fi DF,1/1/1959,Ritchie Valens,1959
3314,Ritchie Valens,,,,,,,,,,,,,,,,,,,1,,,,,,,,,,,,,,,,October,,,,,,,,,,,,,,,,,,,Del-Fi DF,10/1/1959,Ritchie,1959
3315,Rod Stewart,,,,,,,,,,,,,,,,,,,1,,,,,,,,,,,,,,,,January,31,,,,,,,,,,,,,,,139,,,"Vertigo, Mercury, Fontana",1/1/1969,An Old Raincoat Won't Ever Let You Down,1969
3316,Rod Stewart,,,,,,,,,,,,,,,,,,,1,,,,,,,,,,,,,,,,January,24,,32,,,,,,,,,,,,62,27,,,"Mercury, Vertigo",1/1/1970,Gasoline Alley,1970
3317,Rod Stewart,,,,,,,BPI,Gold,,,,,RIAA,Platinum,,,,,1,,,,,,,,,,,,,,,,January,1,,1,,23,,,84,2,9,,,,,1,1,,,Mercury,1/1/1971,Every Picture Tells a Story,1971
3318,Rod Stewart,,,,,,,,,,,,,RIAA,Gold,,,,,1,,,,,,,,,,,,,,,,January,3,,1,,37,,,56,2,8,,,,,1,2,,,Mercury,1/1/1972,Never a Dull Moment,1972
3319,Rod Stewart,,,,,,,BPI,Gold,,,,,,,,,,,1,,,,,,,,,,,,,,,,January,8,,11,,,,,65,,19,29,,,,1,13,,,Mercury,1/1/1974,Smiler,1974
3320,Rod Stewart,ARIA,Platinum,,,,,BPI,Platinum,,,,,RIAA,Gold,,,,,1,,,,,,,,,,,,,,,,January,1,,21,,11,,,87,2,1,2,,5,,1,9,,,Riva Warner Bros.,1/1/1975,Atlantic Crossing,1975
3321,Rod Stewart,ARIA,Platinum,,,,,BPI,Platinum,,MC,Platinum,,RIAA,Platinum,,,,,1,,,,,,,,,,,,,,,,January,1,,1,,29,,,23,5,1,1,,1,,1,2,,,"Riva, Warner Bros.",1/1/1976,A Night on the Town,1976
3322,Rod Stewart,ARIA,Platinum,,,,,BPI,Platinum,,MC,Platinum,,RIAA,Platinum,,,,,1,,,,,,,,,,,,,,,,January,1,,1,,34,,,19,1,6,1,,6,,3,2,,,"Riva, Warner Bros.",1/1/1977,Foot Loose & Fancy Free,1977
3323,Rod Stewart,ARIA,Platinum,,,,,BPI,Platinum,,,,,RIAA,Platinum,,,,,1,,,,,,,,,,,,,,,,January,1,,1,,9,,,2,3,2,1,,1,,3,1,,,"Riva, Warner Bros.",1/1/1978,Blondes Have More Fun,1978
3324,Rod Stewart,,,,,,,BPI,Platinum,,MC,Platinum,,RIAA,Platinum,,,,,1,,,,,,,,,,,,,,,,January,9,,21,,23,,,19,8,12,3,,3,,4,12,,,"Warner Bros., Riva",1/1/1980,Foolish Behaviour,1980
3325,Rod Stewart,ARIA,Platinum,,,,,BPI,Gold,,MC,Platinum,,RIAA,Platinum,,,,,1,,,,,,,,,,,,,,,,January,11,,1,,42,,,19,12,20,4,,2,,8,11,,,"Warner Bros., Riva",1/1/1981,Tonight I'm Yours,1981
3326,Rod Stewart,,,,,,,BPI,Gold,,MC,Platinum,,,,,,,,1,,,,,,,,,,,,,,,,January,14,,15,,2,,,19,6,10,25,,3,,5,30,,,Warner Bros.,1/1/1983,Body Wishes,1983
3327,Rod Stewart,,,,,,,BPI,Silver,,,,,RIAA,Gold,,,,,1,,,,,,,,,,,,,,,,January,34,,31,,6,,,17,13,16,,,7,,8,18,,,Warner Bros.,1/1/1984,Camouflage,1984
3328,Rod Stewart,,,,,,,BPI,Gold,,,,,,,,,,,1,,,,,,,,,,,,,,,,January,26,,9,,4,,,28,13,12,,,3,,5,28,,,Warner Bros.,1/1/1986,Every Beat of My Heart,1986
3329,Rod Stewart,,,,,,,BPI,Gold,,MC,Platinum,,RIAA,Platinum,,,,,1,,,,,,,,,,,,,,,,January,23,,2,,6,,,67,37,11,47,,1,,11,20,,,Warner Bros.,1/1/1988,Out of Order,1988
3330,Rod Stewart,ARIA,Platinum,,,,,BPI,Platinum,,MC,Platinum,,RIAA,Platinum,,,,,1,,,,,,,,,,,,,,,,January,1,,2,,3,,,34,31,6,2,,2,,2,10,,,Warner Bros.,1/1/1991,Vagabond Heart,1991
3331,Rod Stewart,,,,,,,BPI,Gold,,MC,Platinum,,RIAA,Gold,,,,,1,,,,,,,,,,,,,,,,January,28,,2,,9,,,26,23,6,13,,2,,4,35,,,Warner Bros.,1/1/1995,A Spanner in the Works,1995
3332,Rod Stewart,,,,,,,BPI,Gold,,,,,,,,,,,1,,,,,,,,,,,,,,,,January,,,25,,16,,,48,,,,,6,,2,44,,,Warner Bros.,1/1/1998,When We Were the New Boys,1998
3333,Rod Stewart,,,,,,,BPI,Gold,,,,,,,,,,,1,,,,,,,,,,,,,,,,January,55,,,,9,,,66,,,,,13,,9,50,,,Atlantic,1/1/2001,Human,2001
3334,Rod Stewart,ARIA,Platinum,,,,,BPI,Platinum,,MC,Platinum,,RIAA,Platinum,,,,,1,,,,,,,,,,,,,,,,January,5,,10,,26,,,238,11,16,46,,24,,8,4,,,J Records,1/1/2002,It Had to Be You: The Great American Songbook,2002
3335,Rod Stewart,ARIA,Platinum,,,,,BPI,Platinum,,MC,Platinum,,RIAA,Platinum,,,,,1,,,,,,,,,,,,,,,,January,7,,1,,38,,,152,35,,42,,8,,4,2,,,J,1/1/2003,"As Time Goes By: The Great American Songbook, Volume II",2003
3336,Rod Stewart,ARIA,Platinum,,,,,BPI,Platinum,,,,,RIAA,Platinum,,,,,1,,,,,,,,,,,,,,,,January,8,,1,,,,,40,13,17,29,,3,,3,1,,,J,1/1/2004,"Stardust: The Great American Songbook, Volume III",2004
3337,Rod Stewart,ARIA,Gold,,,,,BPI,Platinum,,,,,RIAA,Platinum,,,,,1,,,,,,,,,,,,,,,,January,15,,2,,59,,,83,33,,20,,5,,3,2,,,J,1/1/2005,"Thanks for the Memory: The Great American Songbook, Volume IV",2005
3338,Rod Stewart,ARIA,Platinum,,,,,BPI,Platinum,,MC,Platinum,,RIAA,Gold,,,,,1,,,,,,,,,,,,,,,,January,16,,1,,8,,,30,51,,1,,5,,4,1,,,J,1/1/2006,Still the Same... Great Rock Classics of Our Time,2006
3339,Rod Stewart,ARIA,Platinum,,,,,BPI,Platinum,,MC,Platinum,,,,,,,,1,,,,,,,,,,,,,,,,January,11,,3,,33,,,71,95,,4,,4,,9,4,,,J,1/1/2009,Soulbook,2009
3340,Rod Stewart,ARIA,Gold,,,,,BPI,Gold,,MC,Gold,,,,,,,,1,,,,,,,,,,,,,,,,January,4,,4,,25,,,104,78,,9,,3,,5,4,,,J,1/1/2009,Fly Me to the Moon... The Great American Songbook Volume V,2009
3341,Rod Stewart,ARIA,Platinum,,,,,BPI,Platinum,,MC,Platinum,,RIAA,Platinum,,,,,1,,,,,,,,,,,,,,,,January,3,,1,,22,,,94,6,7,1,,2,,2,3,,,Verve,1/1/2012,"Merry Christmas, Baby",2012
3342,Rod Stewart,,,,,,,BPI,Platinum,,MC,Gold,,,,,,,,1,,,,,,,,,,,,,,,,January,6,,4,,4,,,25,34,25,5,,7,,1,7,,,"Capitol, Decca, UCJ",1/1/2013,Time,2013
3343,Rod Stewart,,,,,,,BPI,Platinum,,,,,,,,,,,1,,,,,,,,,,,,,,,,January,9,,25,,7,,,103,15,20,8,,14,,2,20,,,Capitol,1/1/2015,Another Country,2015
3344,Rod Stewart,,,,,,,BPI,Gold,,,,,,,,,,,1,,,,,,,,,,,,,,,,January,15,,49,,12,,,,51,,,,9,,1,62,,,Decca Republic,1/1/2018,Blood Red Roses,2018
3345,Rod Stewart,,,,,,,BPI,Silver,,,,,,,,,,,1,,,,,,,,,,,,,,,,January,39,,,,17,,,,81,,,,46,,5,,,,Warner Rhino,1/1/2021,The Tears of Hercules,2021
3346,Rod Stewart,,,,,,,BPI,Silver,,,,,,,,,,,1,,,,,,,,,,,,,,,,January,19,,,,4,,,,,,,,,,1,,,,Warner,1/1/2024,Swing Fever with Jools Holland,2024
3347,Roxy Music,,,,,,,BPI,Gold,,,,,,,,,,,16,,8-track,,,cassette,,,,,LP,,,,,,June,49,,,,,,,,,23,,,,,10,,,,Reprise/Warner Bros.,6/16/1972,Roxy Music,1972
3348,Roxy Music,,,,,,,BPI,Gold,,,,,,,,,,,23,,8-track,,,cassette,,,,,LP,,,,,,March,41,9,,,28,,,,,15,,,,,4,193,,,Warner Bros.,3/23/1973,For Your Pleasure,1973
3349,Roxy Music,,,,,,,BPI,Gold,,,,,,,,,,,1,,8-track,,,cassette,,,,,LP,,,,,,November,33,,,,39,,,,,14,37,,11,,1,186,,,Atco,11/1/1973,Stranded,1973
3350,Roxy Music,,,,,,,BPI,Gold,,,,,,,,,,,15,,8-track,,,cassette,,,,,LP,,,,,,November,26,10,47,,38,,,,,15,8,,4,,3,37,,,Atco,11/15/1974,Country Life,1974
3351,Roxy Music,,,,,,,BPI,Gold,,,,,,,,,,,24,,8-track,,,cassette,,,,,LP,,,,,,October,12,,53,,,,,,,15,33,,8,,4,50,,,Atco,10/24/1975,Siren,1975
3352,Roxy Music,,,,,,,BPI,Gold,,,,,,,,,,,16,,8-track,,,cassette,,,,,LP,,,,,,March,13,25,24,,37,,,,,,8,,11,,7,23,,,Atco,3/16/1979,Manifesto,1979
3353,Roxy Music,ARIA,Gold,,BMVI,Gold,,BPI,Platinum,,,,,RIAA,Gold,,,,,23,,8-track,,,cassette,,,,,LP,,,,,,May,10,15,12,,6,,,,,6,1,,7,,1,35,,,Atco,5/23/1980,Flesh and Blood,1980
3354,Roxy Music,ARIA,Platinum,,BMVI,Gold,,BPI,Platinum,,MC,Platinum,,RIAA,Platinum,,,,,28,,8-track,,,cassette,,,,,LP,,,,,,May,1,5,1,,4,,,,,1,1,,1,,1,53,,,Warner Bros.,5/28/1982,Avalon,1982
3355,Roy Orbison,,,,,,,,,,,,,,,,,,,1,,,,,,,,,,,,,,,,January,,,,,,,,,,,,,,,14,,,,Monument Records,1/1/1961,Lonely and Blue,1961
3356,Roy Orbison,,,,,,,,,,,,,,,,,,,1,,,,,,,,,,,,,,,,January,,,,,,,,,,,,,,,,,,,Sun Records,1/1/1961,Roy Orbison at the Rock House,1961
3357,Roy Orbison,,,,,,,,,,,,,,,,,,,1,,,,,,,,,,,,,,,,January,,,,,,,,,,,,,,,17,21,,,Monument Records,1/1/1962,Crying,1962
3358,Roy Orbison,,,,,,,,,,,,,,,,,,,1,,,,,,,,,,,,,,,,January,,,,,,,,,,,,,,,6,35,,,Monument Records,1/1/1963,In Dreams,1963
3359,Roy Orbison,,,,,,,,,,,,,,,,,,,1,,,,,,,,,,,,,,,,October,,,,,,,,,,,,,,,40,136,,,Monument Records,10/1/1965,Orbisongs,1965
3360,Roy Orbison,,,,,,,,,,,,,,,,,,,1,,,,,,,,,,,,,,,,January,,,,,,,,,,,,,,,5,,,,London Records,1/1/1964,"Oh, Pretty Woman (non US)",1964
3361,Roy Orbison,,,,,,,,,,,,,,,,,,,1,,,,,,,,,,,,,,,,July,,,,,,,,,,,,,,,10,55,,,MGM Records,7/1/1965,There Is Only One Roy Orbison,1965
3362,Roy Orbison,,,,,,,,,,,,,,,,,,,1,,,,,,,,,,,,,,,,January,,,,,,,,,,,,,,,11,128,,,MGM Records,1/1/1966,The Orbison Way,1966
3363,Roy Orbison,,,,,,,,,,,,,,,,,,,1,,,,,,,,,,,,,,,,July,,,,,,,,,,,,,,,12,,,,MGM Records,7/1/1966,The Classic Roy Orbison,1966
3364,Roy Orbison,,,,,,,,,,,,,,,,,,,1,,,,,,,,,,,,,,,,January,,,,,,,,,,,,,,,,,,,MGM Records,1/1/1967,Roy Orbison Sings Don Gibson,1967
3365,Roy Orbison,,,,,,,,,,,,,,,,,,,1,,,,,,,,,,,,,,,,July,,,,,,,,,,,,,,,,,,,MGM Records,7/1/1967,The Fastest Guitar Alive,1967
3366,Roy Orbison,,,,,,,,,,,,,,,,,,,1,,,,,,,,,,,,,,,,October,,,,,,,,,,,,,,,,,,,MGM Records,10/1/1967,Cry Softly Lonely One,1967
3367,Roy Orbison,,,,,,,,,,,,,,,,,,,1,,,,,,,,,,,,,,,,August,,,,,,,,,,,,,,,,,,,MGM Records,8/1/1969,Roy Orbison's Many Moods,1969
3368,Roy Orbison,,,,,,,,,,,,,,,,,,,1,,,,,,,,,,,,,,,,August,,,,,,,,,,,,,,,,,,,MGM Records,8/1/1970,Hank Williams the Roy Orbison Way,1970
3369,Roy Orbison,,,,,,,,,,,,,,,,,,,1,,,,,,,,,,,,,,,,March,,,,,,,,,,,,,,,,,,,London Records,3/1/1970,The Big O (non US),1970
3370,Roy Orbison,,,,,,,,,,,,,,,,,,,1,,,,,,,,,,,,,,,,May,,,,,,,,,,,,,,,,,,,MGM Records,5/1/1972,Roy Orbison Sings,1972
3371,Roy Orbison,,,,,,,,,,,,,,,,,,,1,,,,,,,,,,,,,,,,November,,,,,,,,,,,,,,,,,,,MGM Records,11/1/1972,Memphis,1972
3372,Roy Orbison,,,,,,,,,,,,,,,,,,,24,,,,,,,,,,,,,,,,September,,,,,,,,,,,,,,,,,,,MGM Records,9/24/1973,Milestones,1973
3373,Roy Orbison,,,,,,,,,,,,,,,,,,,1,,,,,,,,,,,,,,,,September,,,,,,,,,,,,,,,,,,,Mercury Records,9/1/1975,I'm Still in Love with You,1975
3374,Roy Orbison,,,,,,,,,,,,,,,,,,,1,,,,,,,,,,,,,,,,November,,,,,,,,,,,,,,,,,,,Monument Records,11/1/1976,Regeneration,1976
3375,Roy Orbison,,,,,,,,,,,,,,,,,,,1,,,,,,,,,,,,,,,,May,,,,,,,,,,,,,,,,,,,Asylum Records,5/1/1979,Laminar Flow,1979
3376,Roy Orbison,,,,,,,BPI,Silver,,,,,RIAA,Gold,,,,,1,,,,,,,,,,,,,,,,January,24,,,,,,,,,,2,,,,86,95,,,Virgin Records,1/1/1987,In Dreams: The Greatest Hits (studio re-recordings of older hits),1987
3377,Roy Orbison,ARIA,Platinum,,,,,BPI,Platinum,,MC,Platinum,,RIAA,Platinum,,,,,7,,,,,,,,,,,,,,,,February,1,,4,,4,,,,1,1,7,,1,,2,5,17,,Virgin Records,2/7/1989,Mystery Girl,1989
3378,Roy Orbison,ARIA,Gold,,,,,,,,,,,,,,,,,20,,,,,,,,,,,,,,,,October,25,,61,,,,,,,,18,,,,23,179,,,Virgin Records,10/20/1992,King of Hearts,1992
3379,Roy Orbison,,,,,,,,,,,,,,,,,,,1,,,,,,,,,,,,,,,,January,,,,,,,,,39,,,,,,90,,,,Virgin Records,1/1/2014,Mystery Girl (25th Anniversary Edition),2014
3380,Roy Orbison,,,,,,,,,,,,,,,,,,,4,,,,,,,,,,,,,,,,December,40,,,,,,,,,,,,,,,,,,Universal,12/4/2015,One of the Lonely Ones,2015
3381,Run-DMC,,,,,,,,,,,,,RIAA,Gold,,,,,27,,,,,cassette,CD,,digital download,,LP,,,,,,March,,,,,,,,,,,,,,,,53,,14,Profile,3/27/1984,Run-D.M.C.,1984
3382,Run-DMC,,,,,,,,,,,,,RIAA,Platinum,,,,,21,,,,,cassette,CD,,digital download,,LP,,,,,,January,,,,,,,,,,,,,,,,52,,12,Profile,1/21/1985,King of Rock,1985
3383,Run-DMC,,,,,,,BPI,Silver,,MC,Platinum,,RIAA,Platinum,,,,,27,,,,,cassette,CD,,digital download,,LP,,,,,,May,50,,32,,49,,,,28,,8,,,,41,3,,1,Profile,5/27/1986,Raising Hell,1986
3384,Run-DMC,,,,,,,,,,MC,Gold,,RIAA,Platinum,,,,,17,,,,,cassette,CD,,digital download,,LP,,,,,,May,38,,51,,46,,,,46,,43,,35,28,13,9,,2,Profile,5/17/1988,Tougher Than Leather,1988
3385,Run-DMC,,,,,,,,,,,,,,,,,,,16,,,,,cassette,CD,,digital download,,LP,,,,,,October,,,,,,,,,,,,,,,,81,,16,Profile,10/16/1990,Back from Hell,1990
3386,Run-DMC,,,,,,,,,,MC,Gold,,RIAA,Gold,,,,,4,,,,,cassette,CD,,digital download,,LP,,,,,,May,,,29,,60,,,,,,,,,,44,7,,1,Profile,5/4/1993,Down with the King,1993
3387,Run-DMC,,,,,,,,,,,,,,,,,,,3,,,,,cassette,CD,,,,LP,,,,,,April,48,,,,39,,,,,,,,,40,102,37,,22,Arista,4/3/2001,Crown Royal,2001
3388,Rush,,,,,,,,,,MC,Gold,,RIAA,Gold,,,,,18,,,,,,,,,,,,,,,,March,,,86,,,,,,,,,,,,,105,,,Moon,3/18/1974,Rush,1974
3389,Rush,,,,,,,,,,MC,Platinum,,RIAA,Platinum,,,,,14,,,,,,,,,,,,,,,,February,,,9,,,,,,,,,,,,,113,,,Mercury,2/14/1975,Fly by Night,1975
3390,Rush,,,,,,,,,,MC,Gold,,RIAA,Gold,,,,,24,,,,,,,,,,,,,,,,September,,,60,,,,,,,,,,,,,148,,,Mercury,9/24/1975,Caress of Steel,1975
3391,Rush,,,,,,,BPI,Gold,,MC,Platinum,,RIAA,Platinum,,,,,1,,,,,,,,,,,,,,,,March,,,5,,,,,,,,,,33,,,61,,,Mercury,3/1/1976,2112,1976
3392,Rush,,,,,,,BPI,Gold,,MC,Platinum,,RIAA,Platinum,,,,,29,,,,,,,,,,,,,,,,August,,,11,,,,,,,,,,41,,22,33,,,Mercury,8/29/1977,A Farewell to Kings,1977
3393,Rush,,,,,,,BPI,Silver,,MC,Platinum,,RIAA,Platinum,,,,,24,,,,,,,,,,,,,,,,October,,,14,,,,,,,,,,,,14,47,,,Mercury,10/24/1978,Hemispheres,1978
3394,Rush,,,,,,,BPI,Gold,,MC,Platinum,,RIAA,Platinum,,,,,14,,,,,,,,,,,,,,,,January,,,3,,,,,,38,21,,,26,,3,4,,,Mercury,1/14/1980,Permanent Waves,1980
3395,Rush,,,,,,,BPI,Gold,,MC,Platinum,,RIAA,Platinum,,,,,12,,,,,,,,,,,,,,,,February,,,1,,22,,,,19,34,,,32,,3,3,,,Mercury,2/12/1981,Moving Pictures,1981
3396,Rush,,,,,,,BPI,Silver,,MC,Platinum,,RIAA,Platinum,,,,,9,,,,,,,,,,,,,,,,September,,,1,,88,,,,31,33,,,19,,3,10,,,Mercury,9/9/1982,Signals,1982
3397,Rush,,,,,,,BPI,Silver,,MC,Platinum,,RIAA,Platinum,,,,,12,,,,,,,,,,,,,,,,April,,,4,,43,,,,27,,,,18,,5,10,,,Mercury,4/12/1984,Grace Under Pressure,1984
3398,Rush,,,,,,,BPI,Silver,,MC,Platinum,,RIAA,Platinum,,,,,11,,,,,,,,,,,,,,,,October,,,2,,,,,,44,,,,26,,9,10,,,Mercury,10/11/1985,Power Windows,1985
3399,Rush,,,,,,,BPI,Silver,,MC,Platinum,,RIAA,Gold,,,,,8,,,,,,,,,,,,,,,,September,,,9,,34,,,,40,,,,21,,10,13,,,Mercury,9/8/1987,Hold Your Fire,1987
3400,Rush,,,,,,,BPI,Silver,,MC,Platinum,,RIAA,Gold,,,,,17,,,,,,,,,,,,,,,,November,,,7,,60,,,,70,,,,,,27,16,,,Atlantic,11/17/1989,Presto,1989
3401,Rush,,,,,,,,,,MC,Platinum,,RIAA,Platinum,,,,,3,,,,,,,,,,,,,,,,September,,,11,,35,,,,38,,,,31,,10,3,,,Atlantic,9/3/1991,Roll the Bones,1991
3402,Rush,,,,,,,,,,MC,Platinum,,RIAA,Gold,,,,,19,,,,,,,,,,,,,,,,October,,,6,,88,,,,56,,,,45,,14,2,,,Atlantic,10/19/1993,Counterparts,1993
3403,Rush,,,,,,,,,,MC,Gold,,RIAA,Gold,,,,,10,,,,,,,,,,,,,,,,September,,,3,,45,,,,53,,,,26,,25,5,,,Atlantic,9/10/1996,Test for Echo,1996
3404,Rush,,,,,,,,,,MC,Gold,,,,,,,,14,,,,,,,,,,,,,,,,May,,,3,,20,,,,47,,,,18,,38,6,,,Atlantic,5/14/2002,Vapor Trails,2002
3405,Rush,,,,,,,,,,MC,Gold,,,,,,,,1,,,,,,,,,,,,,,,,May,,,3,,29,80,,,16,13,,,6,,13,3,,,Atlantic,5/1/2007,Snakes & Arrows,2007
3406,Rush,,,,,,,,,,MC,Gold,,,,,,,,8,,,,,,,,,,,,,,,,June,,,1,,11,71,,,11,4,,,8,,21,2,,,Roadrunner,6/8/2012,Clockwork Angels,2012
3407,Ruth Brown,,,,,,,,,,,,,,,,,,,1,,,,,,,,,,,,,,,,January,,,,,,,,,,,,,,,,,,,Atlantic,1/1/1957,Ruth Brown,1957
3408,Ruth Brown,,,,,,,,,,,,,,,,,,,1,,,,,,,,,,,,,,,,January,,,,,,,,,,,,,,,,,,,Atlantic,1/1/1959,Miss Rhythm,1959
3409,Ruth Brown,,,,,,,,,,,,,,,,,,,1,,,,,,,,,,,,,,,,January,,,,,,,,,,,,,,,,,,,Atlantic,1/1/1959,Late Date with Ruth Brown,1959
3410,Ruth Brown,,,,,,,,,,,,,,,,,,,1,,,,,,,,,,,,,,,,January,,,,,,,,,,,,,,,,,,,Philips,1/1/1962,Along Comes Ruth,1962
3411,Ruth Brown,,,,,,,,,,,,,,,,,,,1,,,,,,,,,,,,,,,,January,,,,,,,,,,,,,,,,,,,Philips,1/1/1962,Gospel Time,1962
3412,Ruth Brown,,,,,,,,,,,,,,,,,,,1,,,,,,,,,,,,,,,,January,,,,,,,,,,,,,,,,,,,Mainstream,1/1/1965,Ruth Brown '65,1965
3413,Ruth Brown,,,,,,,,,,,,,,,,,,,1,,,,,,,,,,,,,,,,January,,,,,,,,,,,,,,,,,,,Skye,1/1/1969,Black Is Brown and Brown Is Beautiful,1969
3414,Ruth Brown,,,,,,,,,,,,,,,,,,,1,,,,,,,,,,,,,,,,January,,,,,,,,,,,,,,,,,,,Cobblestone/Buddah,1/1/1972,The Real Ruth Brown,1972
3415,Ruth Brown,,,,,,,,,,,,,,,,,,,1,,,,,,,,,,,,,,,,January,,,,,,,,,,,,,,,,,,,President,1/1/1976,Sugar Babe,1976
3416,Ruth Brown,,,,,,,,,,,,,,,,,,,1,,,,,,,,,,,,,,,,January,,,,,,,,,,,,,,,,,,,Dobre,1/1/1978,You Don't Know Me,1978
3417,Ruth Brown,,,,,,,,,,,,,,,,,,,1,,,,,,,,,,,,,,,,January,,,,,,,,,,,,,,,,,,,Fantasy,1/1/1989,Blues on Broadway,1989
3418,Ruth Brown,,,,,,,,,,,,,,,,,,,1,,,,,,,,,,,,,,,,January,,,,,,,,,,,,,,,,,,,MMS Classix,1/1/1989,Help a Good Girl Go Bad,1989
3419,Ruth Brown,,,,,,,,,,,,,,,,,,,1,,,,,,,,,,,,,,,,January,,,,,,,,,,,,,,,,,,,SDEG/Ichiban,1/1/1990,"Brown, Black & Beautiful",1990
3420,Ruth Brown,,,,,,,,,,,,,,,,,,,1,,,,,,,,,,,,,,,,January,,,,,,,,,,,,,,,,,,,Fantasy,1/1/1991,Fine and Mellow,1991
3421,Ruth Brown,,,,,,,,,,,,,,,,,,,1,,,,,,,,,,,,,,,,January,,,,,,,,,,,,,,,,,,,Fantasy,1/1/1993,The Songs of My Life,1993
3422,Ruth Brown,,,,,,,,,,,,,,,,,,,1,,,,,,,,,,,,,,,,January,,,,,,,,,,,,,,,,,,,Bullseye Blues,1/1/1997,R + B = Ruth Brown,1997
3423,Ruth Brown,,,,,,,,,,,,,,,,,,,1,,,,,,,,,,,,,,,,January,,,,,,,,,,,,,,,,,,,Bullseye Blues,1/1/1999,A Good Day for the Blues,1999
3424,Sam & Dave,,,,,,,,,,,,,,,,,,,1,,,,,,,,,,,,,,,,January,,,,,,,,,,,,,,,35,45,,1,Stax,1/1/1966,"Hold On, I'm Comin'",1966
3425,Sam & Dave,,,,,,,,,,,,,,,,,,,1,,,,,,,,,,,,,,,,January,,,,,,,,,,,,,,,28,118,,7,Stax,1/1/1966,Double Dynamite,1966
3426,Sam & Dave,,,,,,,,,,,,,,,,,,,1,,,,,,,,,,,,,,,,January,,,,,,,,,,,,,,,32,62,,5,Stax,1/1/1967,Soul Men,1967
3427,Sam & Dave,,,,,,,,,,,,,,,,,,,1,,,,,,,,,,,,,,,,January,,,,,,,,,,,,,,,,,,38,Atlantic,1/1/1968,I Thank You,1968
3428,Sam & Dave,,,,,,,,,,,,,,,,,,,1,,,,,,,,,,,,,,,,January,,,,,,,,,,,,,,,,,,,United Artists,1/1/1975,Back At 'Cha,1975
3429,Sam Cooke,,,,,,,,,,,,,,,,,,,1,,,,,,,,,,,,,,,,February,,,,,,,,,,,,,,,,16,,,Keen,2/1/1958,Sam Cooke,1958
3430,Sam Cooke,,,,,,,,,,,,,,,,,,,1,,,,,,,,,,,,,,,,January,,,,,,,,,,,,,,,,,,,Keen,1/1/1958,Encore,1958
3431,Sam Cooke,,,,,,,,,,,,,,,,,,,1,,,,,,,,,,,,,,,,January,,,,,,,,,,,,,,,,,,,Keen,1/1/1959,Tribute to the Lady,1959
3432,Sam Cooke,,,,,,,,,,,,,,,,,,,1,,,,,,,,,,,,,,,,May,,,,,,,,,,,,,,,,,,,RCA Victor,5/1/1960,Cooke's Tour,1960
3433,Sam Cooke,,,,,,,,,,,,,,,,,,,1,,,,,,,,,,,,,,,,August,,,,,,,,,,,,,,,,,,,RCA Victor,8/1/1960,Hits of the 50's,1960
3434,Sam Cooke,,,,,,,,,,,,,,,,,,,1,,,,,,,,,,,,,,,,February,,,,,,,,,,,,,,,,,,,RCA Victor,2/1/1961,Swing Low,1961
3435,Sam Cooke,,,,,,,,,,,,,,,,,,,1,,,,,,,,,,,,,,,,October,,,,,,,,,,,,,,,,,,,RCA Victor,10/1/1961,My Kind of Blues,1961
3436,Sam Cooke,,,,,,,,,,,,,,,,,,,1,,,,,,,,,,,,,,,,April,,,,,,,,,,,,,,,,74,,,RCA Victor,4/1/1962,Twistin' the Night Away,1962
3437,Sam Cooke,,,,,,,,,,,,,,,,,,,1,,,,,,,,,,,,,,,,February,,,,,,,,,,,,,,,,94,,,RCA Victor,2/1/1963,Mr. Soul,1963
3438,Sam Cooke,,,,,,,,,,,,,,,,,,,1,,,,,,,,,,,,,,,,August,,,,,,,,,,,,,,,,62,,,RCA Victor,8/1/1963,Night Beat,1963
3439,Sam Cooke,,,,,,,,,,,,,,,,,,,1,,,,,,,,,,,,,,,,March,,,,,,,,,,,,,,,,34,,,RCA Victor,3/1/1964,Ain't That Good News,1964
3440,Sam Cooke,,,,,,,,,,,,,,,,,,,1,,,,,,,,,,,,,,,,January,,,,,,,,,,,,,,,,44,,1,RCA Victor,1/1/1965,Shake,1965
3441,Sam Cooke,,,,,,,,,,,,,,,,,,,1,,,,,,,,,,,,,,,,October,,,,,,,,,,,,,,,,120,,,RCA,10/1/1965,Try a Little Love,1965
3442,Santana,,,,,,,,,,,,,RIAA,Platinum,,,,,30,,,,,,,,,,,,,,,,August,14,,,5,,,,,5,19,,,,,34,4,,,Columbia,8/30/1969,Santana,1969
3443,Santana,,,,,,,BPI,Gold,,MC,Platinum,,RIAA,Platinum,,SNEP,Platinum,,23,,,,,,,,,,,,,,,,September,1,,,7,,,,,7,3,,,,,7,1,,,Columbia,9/23/1970,Abraxas,1970
3444,Santana,,,,,,,,,,,,,RIAA,Platinum,,,,,1,,,,,,,,,,,,,,,,September,4,,,,,,,,3,3,,,,,6,1,,,Columbia,9/1/1971,Santana III,1971
3445,Santana,,,,,,,,,,MC,Gold,,RIAA,Platinum,,SNEP,Gold,,11,,,,,,,,,,,,,,,,October,16,,,,,,,,3,10,,,,,6,8,,,Columbia,10/11/1972,Caravanserai,1972
3446,Santana,,,,,,,BPI,Silver,,MC,Gold,,RIAA,Gold,,,,,9,,,,,,,,,,,,,,,,November,19,9,,,,,,,,,,,,,8,25,,,Columbia,11/9/1973,Welcome,1973
3447,Santana,,,,,,,BPI,Silver,,,,,RIAA,Gold,,,,,1,,,,,,,,,,,,,,,,October,38,9,,,,,,,,,13,,,,18,20,,,Columbia,10/1/1974,Borboletta,1974
3448,Santana,,,,,,,BPI,Silver,,MC,Gold,,RIAA,Gold,,SNEP,Gold,,26,,,,,,,,,,,,,,,,March,9,9,,5,,,,,2,13,8,,29,,21,10,,,Columbia,3/26/1976,Amigos,1976
3449,Santana,,,,,,,BPI,Silver,,,,,RIAA,Gold,,SNEP,Gold,,1,,,,,,,,,,,,,,,,January,25,9,,,,,,,11,,37,,37,,27,27,,,Columbia,1/1/1977,Festival,1977
3450,Santana,,,,BMVI,Gold,,BPI,Gold,,MC,Gold,,RIAA,Platinum,,SNEP,Platinum,,1,,,,,,,,,,,,,,,,October,7,10,,6,,,,,2,16,12,,22,57,7,10,,,Columbia,10/1/1977,Moonflower (studio / live),1977
3451,Santana,,,,,,,BPI,Gold,,MC,Gold,,RIAA,Gold,,SNEP,Gold,,1,,,,,,,,,,,,,,,,October,5,19,,3,,,,,7,17,20,,14,,17,27,,,Columbia,10/1/1978,Inner Secrets,1978
3452,Santana,,,,,,,BPI,Silver,,,,,RIAA,Gold,,SNEP,Gold,,1,,,,,,,,,,,,,,,,September,9,,,5,,,,,21,14,14,,15,,28,25,,,Columbia,9/1/1979,Marathon,1979
3453,Santana,,,,,,,,,,,,,RIAA,Platinum,,SNEP,Gold,,29,,,,,,,,,,,,,,,,April,14,12,,2,,,,,20,3,23,,9,,33,9,,,Columbia,4/29/1981,Zebop!,1981
3454,Santana,,,,,,,,,,,,,RIAA,Gold,,,,,1,,,,,,,,,,,,,,,,August,33,9,,,,,,,26,3,13,,12,,35,22,,,Columbia,8/1/1982,Shangó,1982
3455,Santana,,,,,,,,,,,,,,,,,,,1,,,,,,,,,,,,,,,,February,57,24,,,,,,,44,11,,,20,9,58,50,,,Columbia,2/1/1985,Beyond Appearances,1985
3456,Santana,,,,,,,,,,,,,,,,,,,1,,,,,,,,,,,,,,,,February,83,16,,,,,,,,16,,,22,8,,95,,,Columbia,2/1/1987,Freedom,1987
3457,Santana,,,,,,,,,,,,,,,,,,,1,,,,,,,,,,,,,,,,June,,28,,,,,,,66,,,,,19,68,85,,,Columbia,6/1/1990,Spirits Dancing in the Flesh,1990
3458,Santana,,,,,,,,,,,,,,,,,,,1,,,,,,,,,,,,,,,,May,,31,,41,,,,,51,,,,,11,,102,,,Polydor,5/1/1992,Milagro,1992
3459,Santana,ARIA,Platinum,,,,,BPI,Platinum,,MC,Diamond,,RIAA,Platinum,,SNEP,Platinum,,15,,,,,,,,,,,,,,,,June,1,1,,1,,,,,1,1,1,,1,1,1,1,,,Arista,6/15/1999,Supernatural,1999
3460,Santana,ARIA,Platinum,,,,,BPI,Silver,,,,,RIAA,Platinum,,SNEP,Platinum,,22,,,,,,,,,,,,,,,,October,11,4,,2,,,,,3,6,8,,15,1,15,1,,,Arista,10/22/2002,Shaman,2002
3461,Santana,,,,,,,,,,,,,RIAA,Gold,,,,,31,,,,,,,,,,,,,,,,October,36,6,,19,,,,,20,18,12,,29,5,36,2,,,Arista,10/31/2005,All That I Am,2005
3462,Santana,ARIA,Gold,,,,,,,,,,,,,,,,,21,,,,,,,,,,,,,,,,September,5,5,,9,,,,,24,9,2,,17,5,15,5,,,Arista,9/21/2010,Guitar Heaven: The Greatest Guitar Classics of All Time,2010
3463,Santana,,,,,,,,,,,,,,,,,,,14,,,,,,,,,,,,,,,,May,55,29,,71,,,,,63,,,,,8,49,16,,,Starfaith,5/14/2012,Shape Shifter,2012
3464,Santana,,,,,,,,,,,,,RIAA,Platinum,,,,,6,,,,,,,,,,,,,,,,May,67,5,,96,,,,,36,,,,,14,58,9,,,RCA/Sony Latin Iberia,5/6/2014,Corazón,2014
3465,Santana,,,,,,,,,,,,,,,,,,,15,,,,,,,,,,,,,,,,April,11,11,,29,,,,,7,24,8,,29,7,4,5,,,Santana IV Records,4/15/2016,Santana IV,2016
3466,Santana,,,,,,,,,,,,,,,,,,,7,,,,,,,,,,,,,,,,June,55,9,,50,,,,,63,,,,,6,35,3,,,Concord,6/7/2019,Africa Speaks,2019
3467,Santana,,,,,,,,,,,,,,,,,,,15,,,,,,,,,,,,,,,,October,,13,,89,,,,,,,,,,15,,,,,"Starfaith, BMG Rights Management",10/15/2021,Blessings and Miracles,2021
3468,Sex Pistols,,,,,,,,,,,,,,,,,,,1,,,,,,,,,,,,,,,,January,,,,,,,,,,,,,,,,,,,Blank,1/1/1977,Spunk,1977
3469,Sex Pistols,,,,,,,BPI,Gold,,,,,,,,,,,1,,,,,,,,,,,,,,,,January,44,,,,,,,,,,26,,,,7,,,,Virgin Records,1/1/1979,The Great Rock 'n' Roll Swindle Type: Various artists soundtrack,1979
3470,Sex Pistols,,,,,,,BPI,Silver,,,,,,,,,,,1,,,,,,,,,,,,,,,,January,,,,,,,,,,,,,,,6,,,,Warner Bros. Records,1/1/1979,Some Product: Carri on Sex Pistols,1979
3471,Sex Pistols,,,,,,,BPI,Silver,,,,,,,,,,,1,,,,,,,,,,,,,,,,January,,,,,,,,,,,49,,,,23,,,,Virgin Records,1/1/1980,Flogging a Dead Horse,1980
3472,Sex Pistols,,,,,,,,,,,,,,,,,,,1,,,,,,,,,,,,,,,,January,,,,,,,,,,,,,,,,,,,,1/1/1980,Sex Pack Type: Compilation,1980
3473,Sex Pistols,,,,,,,,,,,,,,,,,,,1,,,,,,,,,,,,,,,,January,,,,,,,,,,,,,,,,,,,,1/1/1985,Anarchy in the UK: Live at the 76 Club,1985
3474,Sex Pistols,,,,,,,,,,,,,,,,,,,1,,,,,,,,,,,,,,,,January,,,,,,,,,,,,,,,,,,,,1/1/1989,Pirates of Destiny,1989
3475,Sex Pistols,,,,,,,BPI,Gold,,,,,,,,,,,1,,,,,,,,,,,,,,,,January,40,,,,,,,,,,,,46,,10,,,,Virgin Records,1/1/1992,Kiss This,1992
3476,Sex Pistols,,,,,,,,,,,,,,,,,,,1,,,,,,,,,,,,,,,,January,,,,,,,,,,,,,,,,,,,,1/1/1993,Early Daze: The Studio Collection,1993
3477,Sex Pistols,,,,,,,,,,,,,,,,,,,1,,,,,,,,,,,,,,,,January,,,,,,,,,,,,,,,26,,,,Virgin,1/1/1996,Filthy Lucre Live,1996
3478,Sex Pistols,,,,,,,,,,,,,,,,,,,1,,,,,,,,,,,,,,,,January,,,,,,,,,,,,,,,,,,,,1/1/2001,Live at Winterland 1978,2001
3479,Sex Pistols,,,,,,,BPI,Silver,,,,,,,,,,,1,,,,,,,,,,,,,,,,January,,,,,,,,,,,,,,,29,,,,Virgin Records,1/1/2002,Jubilee,2002
3480,Sex Pistols,,,,,,,,,,,,,,,,,,,1,,,,,,,,,,,,,,,,January,,,,,,,,,,,,,,,,,,,Virgin Records,1/1/2002,Sex Pistols,2002
3481,Sex Pistols,,,,,,,,,,,,,,,,,,,1,,,,,,,,,,,,,,,,January,,,,,,,,,,,,,,,,,,,,1/1/2004,Raw and Live,2004
3482,Sex Pistols,,,,,,,,,,,,,,,,,,,1,,,,,,,,,,,,,,,,January,,,,,,,,,,,,,,,,,,,,1/1/2008,Agents of Anarchy,2008
3483,Sex Pistols,,,,,,,,,,,,,,,,,,,1,,,,,,,,,,,,,,,,January,,,,,,,,,,,,,,,,,,,,1/1/2008,Live & Filthy,2008
3484,Sex Pistols,,,,,,,BPI,Platinum,2,,,,RIAA,Platinum,,,,,1,,,,,,,,,,,,,,,,January,23,,,,,,,,,,27,100,12,,1,106,,,,1/1/1977,Never Mind the Bollocks. Here's the Sex Pistols,1977
3485,Sheryl Crow,ARIA,Platinum,,,,,BPI,Platinum,,MC,Platinum,,RIAA,Platinum,,,,,3,,,,,cassette,CD,,,,,,,,,,August,1,,5,,9,,,54,17,24,,,41,6,8,3,,,A&M,8/3/1993,Tuesday Night Music Club,1993
3486,Sheryl Crow,ARIA,Platinum,,,,,BPI,Platinum,,MC,Platinum,,RIAA,Platinum,,,,,24,,,,,cassette,CD,,,,,,,,,,September,14,,12,,17,,,24,23,20,,,8,3,5,6,,,A&M,9/24/1996,Sheryl Crow,1996
3487,Sheryl Crow,,,,,,,BPI,Platinum,,MC,Platinum,,RIAA,Platinum,,,,,29,,,,,cassette,CD,,,,,,,,,,September,52,,3,,4,,,18,28,10,,,9,5,2,5,,,A&M,9/29/1998,The Globe Sessions,1998
3488,Sheryl Crow,,,,,,,BPI,Gold,,MC,Platinum,,RIAA,Platinum,,,,,16,,,,,cassette,CD,,,,,,,,,,April,40,,2,,7,,,9,50,11,,,12,4,2,2,,,A&M,4/16/2002,"C'mon, C'mon",2002
3489,Sheryl Crow,,,,,,,,,,MC,Platinum,,RIAA,Platinum,,,,,27,,,,,,CD,,digital download,,,,,,,,September,98,,1,,21,,,20,54,,,,48,17,25,2,,,A&M,9/27/2005,Wildflower,2005
3490,Sheryl Crow,,,,,,,,,,MC,Gold,,,,,,,,5,,,,,,CD,,digital download,,,,,,,,February,111,,2,,18,,,22,36,,,,27,14,20,2,,,A&M,2/5/2008,Detours,2008
3491,Sheryl Crow,,,,,,,,,,,,,,,,,,,26,,,,,,CD,,digital download,,,,,,,,November,,,,,,,,,,,,,,,,164,,,A&M,11/26/2008,Home for Christmas,2008
3492,Sheryl Crow,,,,,,,,,,,,,,,,,,,20,,,,,,CD,,digital download,,,,,,,,July,95,,2,,46,,,34,44,19,,,,17,34,3,,,A&M,7/20/2010,100 Miles from Memphis,2010
3493,Sheryl Crow,,,,,,,,,,,,,,,,,,,10,,,,,,CD,,digital download,,,,,,,,September,134,,16,,,,,63,92,,,,,60,16,7,,,Warner Bros.,9/10/2013,Feels Like Home,2013
3494,Sheryl Crow,,,,,,,,,,,,,,,,,,,21,,,,,,CD,,digital download,,LP,,,,,,April,97,,59,,97,,,67,124,,,,,43,47,22,,,Warner Bros.,4/21/2017,Be Myself,2017
3495,Sheryl Crow,,,,,,,,,,,,,,,,,,,30,,,,,,CD,,digital download,,LP,,,,,,August,73,,31,,25,,,,67,,,,,9,10,30,,,Big Machine,8/30/2019,Threads,2019
3496,Sheryl Crow,,,,,,,,,,,,,,,,,,,29,,,,,,CD,,digital download,,LP,,,,,,March,,,,,67,,,123,,,,,,9,90,,,,Big Machine,3/29/2024,Evolution,2024
3497,Simon & Garfunkel,,,,,,,BPI,Silver,,,,,RIAA,Platinum,,,,,19,,,,,,,,,,,,,,,,October,,,,,,,,,,,,,,,24,30,,,Columbia,10/19/1964,"Wednesday Morning, 3 A.M.",1964
3498,Simon & Garfunkel,,,,,,,BPI,Gold,,,,,RIAA,Platinum,,,,,17,,,,,,,,,,,,,,,,January,,,,,,,,,,,,,,,13,21,,,Columbia,1/17/1966,Sounds of Silence,1966
3499,Simon & Garfunkel,,,,,,,BPI,Silver,,,,,RIAA,Platinum,,,,,24,,,,,,,,,,,,,,,,October,14,,,,,,,,,,,,,,13,4,,,Columbia,10/24/1966,"Parsley, Sage, Rosemary and Thyme",1966
3500,Simon & Garfunkel,,,,,,,BPI,Silver,,,,,RIAA,Platinum,,,,,3,,,,,,,,,,,,,,,,April,3,,,3,40,,,,,,,,,,1,1,,,Columbia,4/3/1968,Bookends,1968
3501,Simon & Garfunkel,,,,,,,BPI,Platinum,,,,,RIAA,Platinum,,SNEP,Platinum,,26,,,,,,,,,,,,,,,,January,1,,,1,1,,,1,1,1,,,1,,1,1,,,Columbia,1/26/1970,Bridge over Troubled Water,1970
3502,Sly and the Family Stone,,,,,,,,,,,,,,,,,,,1,,,,,,,,,,,,,,,,October,,,,,,,,195,,,,,,,,,,,Epic,10/1/1967,A Whole New Thing,1967
3503,Sly and the Family Stone,,,,,,,,,,,,,,,,,,,1,,,,,,,,,,,,,,,,April,,,,,,,,155,,,,,,,,142,,11,Epic,4/1/1968,Dance to the Music,1968
3504,Sly and the Family Stone,,,,,,,,,,,,,,,,,,,1,,,,,,,,,,,,,,,,September,,,,,,,,163,,,,,,,,195,,,Epic,9/1/1968,Life,1968
3505,Sly and the Family Stone,,,,,,,,,,,,,RIAA,Platinum,,,,,1,,,,,,,,,,,,,,,,May,9,,11,,,,,66,,,,,,,,13,,3,Epic,5/1/1969,Stand!,1969
3506,Sly and the Family Stone,,,,,,,BPI,Silver,,,,,RIAA,Platinum,,,,,1,,,,,,,,,,,,,,,,November,,,4,,,,,59,,,,,,,31,1,,1,Epic,11/1/1971,There's a Riot Goin' On,1971
3507,Sly and the Family Stone,,,,,,,,,,,,,RIAA,Gold,,,,,1,,,,,,,,,,,,,,,,June,,,17,,,,,84,,,,,,,,7,,1,Epic,6/1/1973,Fresh,1973
3508,Sly and the Family Stone,,,,,,,,,,,,,RIAA,Gold,,,,,1,,,,,,,,,,,,,,,,July,,,13,,,,,200,,,,,,,,15,,,Epic,7/1/1974,Small Talk,1974
3509,Sly and the Family Stone,,,,,,,,,,,,,,,,,,,1,,,,,,,,,,,,,,,,December,,,,,,,,,,,,,,,,,,33,Epic,12/1/1976,"Heard Ya Missed Me, Well I'm Back",1976
3510,Sly and the Family Stone,,,,,,,,,,,,,,,,,,,1,,,,,,,,,,,,,,,,November,,,,,,,,,,,,,,,,152,,31,Warner Bros.,11/1/1979,Back on the Right Track,1979
3511,Sly and the Family Stone,,,,,,,,,,,,,,,,,,,1,,,,,,,,,,,,,,,,January,,,,,,,,,,,,,,,,,,,Warner Bros.,1/1/1982,Ain't but the One Way,1982
3512,The Small Faces / Faces,,,,,,,,,,,,,,,,,,,1,,,,,,,,,,,,,,,,January,,,,,,,,,,,,,,,3,,,,Decca,1/1/1966,Small Faces,1966
3513,The Small Faces / Faces,,,,,,,,,,,,,,,,,,,1,,,,,,,,,,,,,,,,January,,,,,,,,,,,,,,,12,,,,Immediate,1/1/1967,Small Faces,1967
3514,The Small Faces / Faces,,,,,,,BPI,Gold,,,,,,,,,,,1,,,,,,,,,,,,,,,,January,,,,,6,,,,,13,,,,,1,159,,,Immediate,1/1/1968,Ogdens' Nut Gone Flake,1968
3515,The Small Faces / Faces,,,,,,,,,,,,,,,,,,,1,,,,,,,,,,,,,,,,January,,,,,,,,,,,,,,,,,,,Atlantic,1/1/1977,Playmates,1977
3516,The Small Faces / Faces,,,,,,,,,,,,,,,,,,,1,,,,,,,,,,,,,,,,January,,,,,,,,,,,,,,,,,,,Atlantic,1/1/1978,78 in the Shade,1978
3517,Smokey Robinson,,,,,,,,,,,,,,,,,,,1,,,,,,,,,,,,,,,,January,,,,,,,,,,,,,,,,70,,10,Tamla,1/1/1973,Smokey,1973
3518,Smokey Robinson,,,,,,,,,,,,,,,,,,,1,,,,,,,,,,,,,,,,January,,,,,,,,,,,,,,,,99,,12,Tamla,1/1/1974,Pure Smokey,1974
3519,Smokey Robinson,,,,,,,,,,,,,,,,,,,1,,,,,,,,,,,,,,,,January,,,,,,,,,,,,,,,,36,,7,Tamla,1/1/1975,A Quiet Storm,1975
3520,Smokey Robinson,,,,,,,,,,,,,,,,,,,1,,,,,,,,,,,,,,,,January,,,,,,,,,,,,,,,,57,,9,Tamla,1/1/1976,Smokey's Family Robinson,1976
3521,Smokey Robinson,,,,,,,,,,,,,,,,,,,1,,,,,,,,,,,,,,,,January,,,,,,,,,,,,,,,,47,,16,Tamla,1/1/1977,Deep in My Soul,1977
3522,Smokey Robinson,,,,,,,,,,,,,,,,,,,1,,,,,,,,,,,,,,,,January,,,,,,,,,,,,,,,,,,39,Motown,1/1/1977,Big Time (Original Motion Picture Soundtrack),1977
3523,Smokey Robinson,,,,,,,,,,,,,,,,,,,1,,,,,,,,,,,,,,,,January,,,,,,,,,,,,,,,,75,,19,Motown,1/1/1978,Love Breeze,1978
3524,Smokey Robinson,,,,,,,,,,,,,,,,,,,1,,,,,,,,,,,,,,,,January,,,,,,,,,,,,,,,,17,,8,Tamla,1/1/1979,Where There's Smoke...,1979
3525,Smokey Robinson,,,,,,,,,,,,,,,,,,,1,,,,,,,,,,,,,,,,January,,,,,,,,,,,,,,,,14,,4,Motown,1/1/1980,Warm Thoughts,1980
3526,Smokey Robinson,,,,,,,,,,,,,RIAA,Gold,,,,,1,,,,,,,,,,,,,,,,January,,,,,,,,,,,,,,,17,10,,1,Motown,1/1/1981,Being with You,1981
3527,Smokey Robinson,,,,,,,,,,,,,,,,,,,1,,,,,,,,,,,,,,,,January,,,,,,,,,,,,,,,,33,,6,Motown,1/1/1982,Yes It's You Lady,1982
3528,Smokey Robinson,,,,,,,,,,,,,,,,,,,1,,,,,,,,,,,,,,,,January,,,,,,,,,,,,,,,,50,,8,Motown,1/1/1983,Touch the Sky,1983
3529,Smokey Robinson,,,,,,,,,,,,,,,,,,,1,,,,,,,,,,,,,,,,January,,,,,,,,,,,,,,,,141,,35,Motown,1/1/1984,Essar,1984
3530,Smokey Robinson,,,,,,,,,,,,,,,,,,,1,,,,,,,,,,,,,,,,January,,,,,,,,,,,,,,,,104,,23,Motown,1/1/1986,Smoke Signals,1986
3531,Solomon Burke,,,,,,,,,,,,,,,,,,,1,,,,,,,,,,,,,,,,January,,,,,,,,,,,,,,,,,,,Apollo,1/1/1962,Solomon Burke,1962
3532,Solomon Burke,,,,,,,,,,,,,,,,,,,1,,,,,,,,,,,,,,,,January,,,,,,,,,,,,,,,,,,,Atlantic,1/1/1962,Solomon Burke's Greatest Hits,1962
3533,Solomon Burke,,,,,,,,,,,,,,,,,,,1,,,,,,,,,,,,,,,,January,,,,,,,,,,,,,,,,,,,Atlantic,1/1/1963,If You Need Me,1963
3534,Solomon Burke,,,,,,,,,,,,,,,,,,,1,,,,,,,,,,,,,,,,January,,,,,,,,,,,,,,,,,,,Clarion,1/1/1964,I Almost Lost My Mind,1964
3535,Solomon Burke,,,,,,,,,,,,,,,,,,,1,,,,,,,,,,,,,,,,January,,,,,,,,,,,,,,,,,,,Atlantic,1/1/1964,Rock 'n' Soul,1964
3536,Solomon Burke,,,,,,,,,,,,,,,,,,,1,,,,,,,,,,,,,,,,January,,,,,,,,,,,,,,,,,,,Atlantic,1/1/1965,The Best of Solomon Burke,1965
3537,Solomon Burke,,,,,,,,,,,,,,,,,,,1,,,,,,,,,,,,,,,,January,,,,,,,,,,,,,,,,,,,Atlantic,1/1/1968,King Solomon,1968
3538,Solomon Burke,,,,,,,,,,,,,,,,,,,1,,,,,,,,,,,,,,,,January,,,,,,,,,,,,,,,,,,,Atlantic,1/1/1968,I Wish I Knew,1968
3539,Solomon Burke,,,,,,,,,,,,,,,,,,,1,,,,,,,,,,,,,,,,January,,,,,,,,,,,,,,,,,,,Bell,1/1/1969,Proud Mary,1969
3540,Solomon Burke,,,,,,,,,,,,,,,,,,,1,,,,,,,,,,,,,,,,January,,,,,,,,,,,,,,,,,,,MGM,1/1/1971,The Electronic Magnetism (also known as King Heavy),1971
3541,Solomon Burke,,,,,,,,,,,,,,,,,,,1,,,,,,,,,,,,,,,,January,,,,,,,,,,,,,,,,,,,MGM,1/1/1972,Cool Breeze (soundtrack),1972
3542,Solomon Burke,,,,,,,,,,,,,,,,,,,1,,,,,,,,,,,,,,,,January,,,,,,,,,,,,,,,,,,,MGM,1/1/1972,We're Almost Home,1972
3543,Solomon Burke,,,,,,,,,,,,,,,,,,,1,,,,,,,,,,,,,,,,January,,,,,,,,,,,,,,,,,,,Pride,1/1/1972,History of Solomon Burke,1972
3544,Solomon Burke,,,,,,,,,,,,,,,,,,,1,,,,,,,,,,,,,,,,January,,,,,,,,,,,,,,,,,,,ABC/Dunhill,1/1/1974,I Have a Dream,1974
3545,Solomon Burke,,,,,,,,,,,,,,,,,,,1,,,,,,,,,,,,,,,,January,,,,,,,,,,,,,,,,,,,Chess,1/1/1975,Music to Make Love By,1975
3546,Solomon Burke,,,,,,,,,,,,,,,,,,,1,,,,,,,,,,,,,,,,January,,,,,,,,,,,,,,,,,,,Chess,1/1/1976,Back to My Roots,1976
3547,Solomon Burke,,,,,,,,,,,,,,,,,,,1,,,,,,,,,,,,,,,,January,,,,,,,,,,,,,,,,,,,Infinity,1/1/1979,"Sidewalks, Fences and Walls",1979
3548,Solomon Burke,,,,,,,,,,,,,,,,,,,1,,,,,,,,,,,,,,,,January,,,,,,,,,,,,,,,,,,,Charly,1/1/1981,From the Heart,1981
3549,Solomon Burke,,,,,,,,,,,,,,,,,,,1,,,,,,,,,,,,,,,,January,,,,,,,,,,,,,,,,,,,Savoy,1/1/1981,"Lord, I Need a Miracle Right Now",1981
3550,Solomon Burke,,,,,,,,,,,,,,,,,,,1,,,,,,,,,,,,,,,,January,,,,,,,,,,,,,,,,,,,Savoy,1/1/1982,Into My Life You Came,1982
3551,Solomon Burke,,,,,,,,,,,,,,,,,,,1,,,,,,,,,,,,,,,,January,,,,,,,,,,,,,,,,,,,Savoy,1/1/1983,"Take Me, Shake Me",1983
3552,Solomon Burke,,,,,,,,,,,,,,,,,,,1,,,,,,,,,,,,,,,,January,,,,,,,,,,,,,,,,,,,Savoy,1/1/1984,This Is His Song,1984
3553,Solomon Burke,,,,,,,,,,,,,,,,,,,1,,,,,,,,,,,,,,,,January,,,,,,,,,,,,,,,,,,,Rounder,1/1/1984,Soul Alive!,1984
3554,Solomon Burke,,,,,,,,,,,,,,,,,,,1,,,,,,,,,,,,,,,,January,,,,,,,,,,,,,,,,,,,Rounder,1/1/1986,A Change Is Gonna Come,1986
3555,Solomon Burke,,,,,,,,,,,,,,,,,,,1,,,,,,,,,,,,,,,,January,,,,,,,,,,,,,,,,,,,Royalty-Gate MCI Records/Isis-Voice,1/1/1987,Love Trap,1987
3556,Solomon Burke,,,,,,,,,,,,,,,,,,,1,,,,,,,,,,,,,,,,January,,,,,,,,,,,,,,,,,,,Bizarre/Straight,1/1/1991,Homeland,1991
3557,Solomon Burke,,,,,,,,,,,,,,,,,,,1,,,,,,,,,,,,,,,,January,,,,,,,,,,,,,,,,,,,Black Top,1/1/1993,Soul of the Blues,1993
3558,Solomon Burke,,,,,,,,,,,,,,,,,,,1,,,,,,,,,,,,,,,,January,,,,,,,,,,,,,,,,,,,Black Top,1/1/1994,Live at the House of the Blues,1994
3559,Solomon Burke,,,,,,,,,,,,,,,,,,,1,,,,,,,,,,,,,,,,January,,,,,,,,,,,,,,,,,,,Pointblank,1/1/1997,The Definition of Soul,1997
3560,Solomon Burke,,,,,,,,,,,,,,,,,,,1,,,,,,,,,,,,,,,,January,,,,,,,,,,,,,,,,,,,GTR,1/1/1999,Not by Water but Fire This Time,1999
3561,Solomon Burke,,,,,,,,,,,,,,,,,,,1,,,,,,,,,,,,,,,,January,,,,,,,,,,,,,,,,,,,E1,1/1/1999,Christmas All Over the World,1999
3562,Solomon Burke,,,,,,,,,,,,,,,,,,,1,,,,,,,,,,,,,,,,January,,,,,,,,,,,,,,,,,,,GTR,1/1/2001,The Commitment,2001
3563,Solomon Burke,,,,,,,,,,,,,,,,,,,1,,,,,,,,,,,,,,,,January,,,,,,,,,,,,,,,,,,,ANTI-/Fat Possum,1/1/2002,Don't Give Up on Me,2002
3564,Solomon Burke,,,,,,,,,,,,,,,,,,,1,,,,,,,,,,,,,,,,January,,,,,,,,,,,,,,,,,,,Shout! Factory,1/1/2005,Make Do With What You Got,2005
3565,Solomon Burke,,,,,,,,,,,,,,,,,,,1,,,,,,,,,,,,,,,,January,,,,,,,,,,,,,,,,,,,Shout! Factory,1/1/2006,Nashville,2006
3566,Solomon Burke,,,,,,,,,,,,,,,,,,,1,,,,,,,,,,,,,,,,January,,,,,,,,,,,,,,,,,,,Shout! Factory,1/1/2008,Like a Fire,2008
3567,Solomon Burke,,,,,,,,,,,,,,,,,,,1,,,,,,,,,,,,,,,,January,,,,,,,,,,,,,,,,,,,E1,1/1/2010,Nothing's Impossible,2010
3568,Solomon Burke,,,,,,,,,,,,,,,,,,,1,,,,,,,,,,,,,,,,January,,,,,,,,,,,,,,,,,,,Universal Music,1/1/2010,Hold On Tight (with De Dijk),2010
3569,Soundgarden,,,,,,,,,,,,,,,,,,,31,,,,,cassette,CD,,,,LP,,,,,,October,,,,,,,,,,,,,,,,,,,SST,10/31/1988,Ultramega OK,1988
3570,Soundgarden,,,,,,,,,,,,,,,,,,,5,,,,,cassette,CD,,,,LP,,,,,,September,,,,,,,,,,,,,,,,108,,,A&M,9/5/1989,Louder Than Love,1989
3571,Soundgarden,ARIA,Gold,,,,,BPI,Gold,,MC,Platinum,,RIAA,Platinum,,,,,8,,,,,cassette,CD,,,,LP,,,,,,October,27,,50,,,,,,,,16,,,,39,39,,,A&M,10/8/1991,Badmotorfinger,1991
3572,Soundgarden,ARIA,Platinum,,,,,BPI,Platinum,,MC,Platinum,,RIAA,Platinum,,,,,8,,,,,cassette,CD,,,,LP,,,,,,March,1,19,1,,13,,,,11,5,1,,3,,4,1,,,A&M,3/8/1994,Superunknown,1994
3573,Soundgarden,ARIA,Platinum,,,,,BPI,Silver,,MC,Platinum,,RIAA,Platinum,,,,,21,,,,,cassette,CD,,,,LP,,,,,,May,1,12,2,,15,,,,12,6,1,,3,,7,2,,,A&M,5/21/1996,Down on the Upside,1996
3574,Soundgarden,,,,,,,,,,,,,,,,,,,13,,,,,,CD,,digital download,,LP,,,,,,November,6,19,6,,10,,,,24,13,4,,25,,21,5,,,"Seven Four, Republic",11/13/2012,King Animal,2012
3575,Steely Dan,,,,,,,BPI,Gold,,,,,RIAA,Platinum,,,,,1,,,,,,,,,,,,,,,,November,46,,4,,84,,,,,,,,,,38,17,,,ABC,11/1/1972,Can't Buy a Thrill,1972
3576,Steely Dan,,,,,,,,,,,,,RIAA,Gold,,,,,1,,,,,,,,,,,,,,,,July,,,49,,,,,,,,,,,,,35,,,ABC,7/1/1973,Countdown to Ecstasy,1973
3577,Steely Dan,,,,,,,BPI,Silver,,,,,RIAA,Platinum,,,,,20,,,,,,,,,,,,,,,,February,18,,5,,,,,,,,23,,,,37,8,,,ABC,2/20/1974,Pretzel Logic,1974
3578,Steely Dan,,,,,,,BPI,Silver,,,,,RIAA,Platinum,,,,,1,,,,,,,,,,,,,,,,March,28,,12,,,,,,,,10,,,,13,13,,,ABC,3/1/1975,Katy Lied,1975
3579,Steely Dan,,,,,,,,,,MC,Gold,,RIAA,Platinum,,,,,31,,,,,,,,,,,,,,,,May,30,,24,,,,,,,,3,,,,11,15,,,ABC,5/31/1976,The Royal Scam,1976
3580,Steely Dan,,,,,,,BPI,Gold,,MC,Platinum,,RIAA,Platinum,,,,,23,,,,,,,,,,,,,,,,September,9,,3,,,,,,,10,3,,35,,5,3,,,ABC,9/23/1977,Aja,1977
3581,Steely Dan,ARIA,Platinum,,,,,,,,,,,RIAA,Platinum,,,,,21,,,,,,,,,,,,,,,,November,9,,18,,57,,,,,5,7,,15,,27,9,,,MCA,11/21/1980,Gaucho,1980
3582,Steely Dan,,,,,,,BPI,Silver,,MC,Gold,,RIAA,Platinum,,,,,29,,,,,,,,,,,,,,,,February,51,,6,,11,,,,,7,39,,17,,11,6,,,Giant,2/29/2000,Two Against Nature,2000
3583,Steely Dan,,,,,,,,,,,,,,,,,,,10,,,,,,,,,,,,,,,,June,68,,,,29,,,,,5,40,,11,,21,9,,,Reprise,6/10/2003,Everything Must Go,2003
3584,Steve Miller,,,,,,,,,,,,,,,,,,,1,,,,,,,,,,,,,,,,June,,,,,,,,,,,,,,,,134,,,Capitol,6/1/1968,Children of the Future,1968
3585,Steve Miller,,,,,,,,,,,,,,,,,,,1,,,,,,,,,,,,,,,,October,,,27,,,,,,,,,,,,,24,,,Capitol,10/1/1968,SailorA,1968
3586,Steve Miller,,,,,,,,,,,,,,,,,,,16,,,,,,,,,,,,,,,,June,,,38,,,,,,,,,,,,,22,,,Capitol,6/16/1969,Brave New WorldA,1969
3587,Steve Miller,,,,,,,,,,,,,,,,,,,1,,,,,,,,,,,,,,,,November,,,79,,,,,,,,,,,,,38,,,Capitol,11/1/1969,Your Saving GraceA,1969
3588,Steve Miller,,,,,,,,,,,,,,,,,,,1,,,,,,,,,,,,,,,,July,,,55,,,,,,,,,,,,,23,,,Capitol,7/1/1970,Number 5,1970
3589,Steve Miller,,,,,,,,,,,,,,,,,,,1,,,,,,,,,,,,,,,,September,,,,,,,,,,,,,,,,82,,,Capitol,9/1/1971,Rock Love,1971
3590,Steve Miller,,,,,,,,,,,,,,,,,,,1,,,,,,,,,,,,,,,,March,,,,,,,,,,,,,,,,109,,,Capitol,3/1/1972,Recall the Beginning...A Journey from Eden,1972
3591,Steve Miller,,,,,,,,,,,,,RIAA,Platinum,,,,,19,,,,,,,,,,,,,,,,October,38,,1,,,,,,,,,,,,,2,,,Capitol,10/19/1973,The Joker,1973
3592,Steve Miller,,,,,,,BPI,Gold,,MC,Platinum,,RIAA,Platinum,,,,,14,,,,,,,,,,,,,,,,May,25,,4,,20,,,,7,,16,,,,11,3,,19,Capitol,5/14/1976,Fly Like an Eagle,1976
3593,Steve Miller,,,,,,,BPI,Silver,,MC,Platinum,,RIAA,Platinum,,,,,1,,,,,,,,,,,,,,,,May,6,,1,,13,,,,4,,5,,11,,12,2,,,Capitol,5/1/1977,Book of Dreams,1977
3594,Steve Miller,,,,,,,,,,MC,Gold,,RIAA,Gold,,,,,23,,,,,,,,,,,,,,,,October,48,,27,,,,,,14,,38,,35,,,26,,,Capitol,10/23/1981,Circle of Love,1981
3595,Steve Miller,ARIA,Platinum,,,,,BPI,Silver,,MC,Platinum,,RIAA,Platinum,,,,,15,,,,,,,,,,,,,,,,June,5,,4,,1,,,,11,,47,,3,,10,3,,40,Capitol,6/15/1982,Abracadabra,1982
3596,Steve Miller,,,,,,,,,,,,,,,,,,,1,,,,,,,,,,,,,,,,November,,,88,,,,,,,,,,49,,,106,,,Capitol,11/1/1984,Italian X Rays,1984
3597,Steve Miller,,,,,,,,,,,,,,,,,,,1,,,,,,,,,,,,,,,,November,34,,,,,,,,,,,,,,,65,,,Capitol,11/1/1986,Living in the 20th Century,1986
3598,Steve Miller,,,,,,,,,,,,,,,,,,,1,,,,,,,,,,,,,,,,January,,,95,,,,,,,,,,,,,108,,,Capitol,1/1/1988,Born 2 B Blue,1988
3599,Steve Miller,,,,,,,,,,,,,,,,,,,8,,,,,,,,,,,,,,,,June,,,,,81,,,,,,,,,,,85,,,Polydor,6/8/1993,Wide River,1993
3600,Steve Miller,,,,,,,,,,,,,,,,,,,15,,,,,,,,,,,,,,,,June,,,,,68,,,,70,,,,,,,37,,,Roadrunner,6/15/2010,Bingo!,2010
3601,Steve Miller,,,,,,,,,,,,,,,,,,,19,,,,,,,,,,,,,,,,April,,,,,,,,,77,,,,,,,189,,,Roadrunner,4/19/2011,Let Your Hair Down,2011
3602,Stevie Nicks,,,,,,,,,,MC,Platinum,,RIAA,Platinum,,,,,27,,,,,,,,,,,,,,,,July,1,,2,,,,,,,,7,,14,,11,1,,,Modern,7/27/1981,Bella Donna,1981
3603,Stevie Nicks,,,,,,,BPI,Silver,,MC,Platinum,,RIAA,Platinum,,,,,10,,,,,,,,,,,,,,,,June,8,,7,,25,,,,,,17,,19,,28,5,,,Modern,6/10/1983,The Wild Heart,1983
3604,Stevie Nicks,,,,,,,BPI,Gold,,,,,RIAA,Platinum,,,,,18,,,,,,,,,,,,,,,,November,5,,11,,23,,,,,,25,,14,,30,12,,,Modern,11/18/1985,Rock a Little,1985
3605,Stevie Nicks,,,,,,,BPI,Gold,,,,,RIAA,Platinum,,,,,30,,,,,,,,,,,,,,,,May,8,,13,,14,,,,,,14,,8,,3,10,,,Modern,5/30/1989,The Other Side of the Mirror,1989
3606,Stevie Nicks,,,,,,,,,,,,,RIAA,Gold,,,,,23,,,,,,,,,,,,,,,,May,43,,,,67,,,,,,,,30,,16,45,,,Modern,5/23/1994,Street Angel,1994
3607,Stevie Nicks,,,,,,,,,,,,,RIAA,Gold,,,,,1,,,,,,,,,,,,,,,,May,70,,29,,44,,,,,,33,,,,43,5,,,Reprise,5/1/2001,Trouble in Shangri-La,2001
3608,Stevie Nicks,,,,,,,,,,,,,,,,,,,3,,,,,,,,,,,,,,,,May,24,,22,,37,,,,,,35,,39,,14,6,,,Reprise,5/3/2011,In Your Dreams,2011
3609,Stevie Nicks,,,,,,,,,,,,,,,,,,,7,,,,,,,,,,,,,,,,October,16,,29,,69,,,,,,40,,,,14,7,,,Reprise,10/7/2014,24 Karat Gold: Songs from the Vault,2014
3610,Stevie Ray Vaughan and Double Trouble,,,,,,,,,,MC,Platinum,,RIAA,Platinum,,,,,1,,,,,,,,,,,,,,,,January,,,,,,,,,,,,,,,,38,,,Epic / Legacy,1/1/1983,Texas Flood,1983
3611,Stevie Ray Vaughan and Double Trouble,ARIA,Gold,,,,,,,,MC,Platinum,,RIAA,Platinum,,,,,1,,,,,,,,,,,,,,,,January,,,,,,,,,,,,,,,,31,,,Epic,1/1/1984,Couldn't Stand the Weather,1984
3612,Stevie Ray Vaughan and Double Trouble,,,,,,,,,,MC,Gold,,RIAA,Platinum,,,,,1,,,,,,,,,,,,,,,,January,,,,,,,,,,,,,,,,34,,,Epic / Legacy,1/1/1985,Soul to Soul,1985
3613,Stevie Ray Vaughan and Double Trouble,,,,,,,,,,MC,Gold,,RIAA,Platinum,,,,,1,,,,,,,,,,,,,,,,June,,,,,,,,,,,,,,,,33,,,Epic / Legacy,6/1/1989,In Step,1989
3614,Stevie Ray Vaughan and Double Trouble,,,,,,,,,,MC,Platinum,,RIAA,Platinum,,,,,1,,,,,,,,,,,,,,,,September,,,,,,,,,,,,,,,,7,,,Epic,9/1/1990,Family Style,1990
3615,Stevie Ray Vaughan and Double Trouble,,,,,,,,,,MC,Platinum,,RIAA,Platinum,,,,,5,,,,,,,,,,,,,,,,November,,,,,,,,,,,,,,,,10,,,Epic,11/5/1991,The Sky Is Crying,1991
3616,Stevie Wonder,,,,,,,,,,,,,,,,,,,1,,,,,,,,,,,,,,,,September,,,,,,,,,,,,,,,,,,,Tamla,9/1/1962,The Jazz Soul of Little Stevie,1962
3617,Stevie Wonder,,,,,,,,,,,,,,,,,,,1,,,,,,,,,,,,,,,,October,,,,,,,,,,,,,,,,,,,Tamla,10/1/1962,Tribute to Uncle Ray,1962
3618,Stevie Wonder,,,,,,,,,,,,,,,,,,,21,,,,,,,,,,,,,,,,May,,,,,,,,,,,,,,,,1,,,Tamla,5/21/1963,Recorded Live: The 12 Year Old Genius (live),1963
3619,Stevie Wonder,,,,,,,,,,,,,,,,,,,28,,,,,,,,,,,,,,,,December,,,,,,,,,,,,,,,,,,,Tamla,12/28/1963,With a Song in My Heart,1963
3620,Stevie Wonder,,,,,,,,,,,,,,,,,,,23,,,,,,,,,,,,,,,,June,,,,,,,,,,,,,,,,,,,Tamla,6/23/1964,Stevie at the Beach,1964
3621,Stevie Wonder,,,,,,,,,,,,,,,,,,,4,,,,,,,,,,,,,,,,May,,,,,,,,,,,,,,,14,33,,2,Tamla,5/4/1966,Up-Tight,1966
3622,Stevie Wonder,,,,,,,,,,,,,,,,,,,16,,,,,,,,,,,,,,,,November,,,,,,,,,,,,,,,,92,,8,Tamla,11/16/1966,Down to Earth,1966
3623,Stevie Wonder,,,,,,,,,,,,,,,,,,,27,,,,,,,,,,,,,,,,August,,,,,,,,,,,,,,,,45,,7,Tamla,8/27/1967,I Was Made to Love Her,1967
3624,Stevie Wonder,,,,,,,,,,,,,,,,,,,27,,,,,,,,,,,,,,,,November,,,,,70,,,,,,,,,,,81,,,Tamla,11/27/1967,Someday at Christmas,1967
3625,Stevie Wonder,,,,,,,,,,,,,,,,,,,20,,,,,,,,,,,,,,,,November,,,,,,,,,,,,,,,,,,37,Gordy,11/20/1968,Eivets Rednow,1968
3626,Stevie Wonder,,,,,,,,,,,,,,,,,,,8,,,,,,,,,,,,,,,,December,,,,,,,,,,,,,,,,50,,4,Tamla,12/8/1968,For Once in My Life,1968
3627,Stevie Wonder,,,,,,,,,,,,,,,,,,,29,,,,,,,,,,,,,,,,August,,,37,,,,,,,,,,,,17,34,,3,Tamla,8/29/1969,My Cherie Amour,1969
3628,Stevie Wonder,,,,,,,,,,,,,,,,,,,1,,,,,,,,,,,,,,,,January,,,83,,,,,,,,,,,,,81,,16,Tamla,1/1/1970,Stevie Wonder Live (live),1970
3629,Stevie Wonder,,,,,,,,,,,,,,,,,,,6,,,,,,,,,,,,,,,,March,,,,,,,,,,,,,,,,,,,Tamla,3/6/1970,Live at the Talk of the Town (live),1970
3630,Stevie Wonder,,,,,,,,,,,,,,,,,,,7,,,,,,,,,,,,,,,,August,,,,,,,,,,,,,,,,25,,7,Tamla,8/7/1970,"Signed, Sealed & Delivered",1970
3631,Stevie Wonder,,,,,,,,,,,,,,,,,,,9,,,,,,,,,,,,,,,,April,,,,,,,,,,,,,,,,62,,7,Tamla,4/9/1971,Where I'm Coming From,1971
3632,Stevie Wonder,,,,,,,,,,,,,,,,,,,3,,,,,,,,,,,,,,,,March,,,,,,,,,,,,,,,,21,,6,Tamla,3/3/1972,Music of My Mind,1972
3633,Stevie Wonder,,,,,,,BPI,Gold,,MC,Gold,,,,,,,,28,,,,,,,,,,,,,,,,October,34,,12,,,,,,,24,,,,,16,3,,1,Tamla,10/28/1972,Talking Book,1972
3634,Stevie Wonder,,,,,,,BPI,Gold,,MC,Gold,,,,,,,,3,,,,,,,,,,,,,,,,August,26,,11,,,,,,,,,,,,8,4,,1,Tamla,8/3/1973,Innervisions,1973
3635,Stevie Wonder,,,,,,,BPI,Gold,,MC,Platinum,,,,,,,,22,,,,,,,,,,,,,,,,July,19,,1,,32,,,,,,,,,,5,1,,1,Tamla,7/22/1974,Fulfillingness' First Finale,1974
3636,Stevie Wonder,ARIA,Platinum,,,,,BPI,Platinum,,MC,Platinum,,RIAA,Diamond,,,,,28,,,,,,,,,,,,,,,,September,6,15,1,,23,,,,1,6,5,,9,,2,1,,1,Tamla,9/28/1976,Songs in the Key of Life,1976
3637,Stevie Wonder,,,,,,,BPI,Gold,,MC,Gold,,,,,,,,30,,,,,,,,,,,,,,,,October,24,,25,,33,,,,12,8,16,,13,,8,4,,4,Tamla,10/30/1979,"Stevie Wonder's Journey Through ""The Secret Life of Plants"" (soundtrack)",1979
3638,Stevie Wonder,ARIA,Platinum,,,,,BPI,Platinum,,MC,Platinum,,RIAA,Platinum,,,,,29,,,,,,,,,,,,,,,,September,3,2,18,,12,,,,4,5,2,,3,,2,3,,1,Tamla,9/29/1980,Hotter than July,1980
3639,Stevie Wonder,,,,BMVI,Gold,,BPI,Platinum,,MC,Platinum,,RIAA,Platinum,,,,,28,,,,,,,,,,,,,,,,August,4,2,4,,3,,,,2,1,4,,1,2,2,4,,1,Motown,8/28/1984,The Woman in Red (soundtrack),1984
3640,Stevie Wonder,,,,,,,BPI,Gold,,MC,Platinum,,RIAA,Platinum,,,,,13,,,,,,,,,,,,,,,,September,8,12,7,,8,,,,16,3,7,,2,4,5,5,,1,Tamla,9/13/1985,In Square Circle,1985
3641,Stevie Wonder,,,,,,,BPI,Gold,,,,,RIAA,Platinum,,,,,6,,,,,,,,,,,,,,,,November,23,21,31,,55,,,,53,,,,16,23,33,17,,1,Motown,11/6/1987,Characters,1987
3642,Stevie Wonder,,,,,,,,,,,,,RIAA,Gold,,,,,28,,,,,,,,,,,,,,,,May,,,58,,,,,,52,,,,33,,56,24,,1,Motown,5/28/1991,Jungle Fever (soundtrack),1991
3643,Stevie Wonder,,,,,,,,,,,,,RIAA,Gold,,,,,21,,,,,,,,,,,,,,,,March,81,17,48,,34,,,,19,23,15,,,28,8,16,,2,Motown,3/21/1995,Conversation Peace,1995
3644,Stevie Wonder,,,,,,,,,,,,,,,,,,,21,,,,,,,,,,,,,,,,November,,,,,,,,,,,32,,,,,,,88,Motown,11/21/1995,Natural Wonder (live),1995
3645,Stevie Wonder,,,,,,,BPI,Silver,,,,,RIAA,Gold,,,,,18,,,,,,,,,,,,,,,,October,61,,52,,43,,,,51,9,,,9,24,24,5,,2,Motown,10/18/2005,A Time to Love,2005
3646,T. Rex,,,,,,,,,,,,,,,,,,,5,,,,,,,,,,LP,,,,,,July,,,,,,,,,,,,,,,15,,,,Regal Zonophone,7/5/1968,My People Were Fair and Had Sky in Their Hair... But Now They're Content to Wear Stars on Their Brows,1968
3647,T. Rex,,,,,,,,,,,,,,,,,,,14,,,,,,,,,,LP,,,,,,October,,,,,,,,,,,,,,,44,,,,Regal Zonophone,10/14/1968,"Prophets, Seers & Sages: The Angels of the Ages",1968
3648,T. Rex,,,,,,,,,,,,,,,,,,,16,,8-track,,,cassette,,,,,LP,,,,,,May,,,,,,,,,,,,,,,12,,,,"Regal Zonophone, Blue Thumb",5/16/1969,Unicorn,1969
3649,T. Rex,,,,,,,,,,,,,,,,,,,1,,8-track,,,cassette,,,,,LP,,,,,,March,27,,,,,,,,,,,,,,21,,,,"Regal Zonophone, Blue Thumb",3/1/1970,A Beard of Stars,1970
3650,T. Rex,,,,,,,,,,,,,,,,,,,18,,8-track,,,cassette,,,,,LP,,,reel-to-reel,,,December,37,,,,,,18,,,,,,,,7,188,,,"Fly, Reprise",12/18/1970,T. Rex,1970
3651,T. Rex,,,,,,,BPI,Gold,,,,,RIAA,Gold,,,,,24,,8-track,,,cassette,,,,,LP,,,reel-to-reel,,,September,15,,25,,14,,,,,12,,17,18,,1,32,,,"Fly, Reprise",9/24/1971,Electric Warrior,1971
3652,T. Rex,,,,,,,,,,,,,,,,,,,21,,8-track,,,cassette,,,,,LP,,,reel-to-reel,,,July,13,,11,,7,,15,,,8,,,10,,4,17,,,"T. REX, Reprise",7/21/1972,The Slider,1972
3653,T. Rex,,,,,,,,,,,,,,,,,,,16,,8-track,,,cassette,,,,,LP,,,reel-to-reel,,,March,21,,57,,3,,,,,5,,26,15,,4,102,,,"T. REX, Reprise",3/16/1973,Tanx,1973
3654,T. Rex,,,,,,,,,,,,,,,,,,,1,,8-track,,,cassette,,,,,LP,,,,,,March,45,,,,,,,,,,,,,,12,,,,"T. REX, Reprise",3/1/1974,Zinc Alloy and the Hidden Riders of Tomorrow,1974
3655,T. Rex,,,,,,,,,,,,,,,,,,,1,,8-track,,,cassette,,,,,LP,,,,,,August,,,,,,,,,,,,,,,,205,,,Casablanca,8/1/1974,Light of Love,1974
3656,T. Rex,,,,,,,,,,,,,,,,,,,1,,,,,cassette,,,,,LP,,,,,,February,89,,,,,,,,,,,,,,,,,,T. REX,2/1/1975,Bolan's Zip Gun,1975
3657,T. Rex,,,,,,,,,,,,,,,,,,,30,,,,,cassette,,,,,LP,,,,,,January,,,,,,,,,,,,,,,50,,,,T. REX,1/30/1976,Futuristic Dragon,1976
3658,T. Rex,,,,,,,,,,,,,,,,,,,11,,,,,cassette,,,,,LP,,,,,,March,,,,,,,,,,,,,,,26,,,,T. REX,3/11/1977,Dandy in the Underworld,1977
3659,T. Rex,,,,,,,,,,,,,,,,,,,1,,,,,cassette,CD,,,,LP,,,,,,September,,,,,,,,,,,,,,,,,,,Marc on Wax,9/1/1982,Billy Super Duper,1982
3660,Talking Heads,,,,,,,BPI,Silver,,,,,,,,,,,16,,,,,,,,,,LP,,,,,,September,,,,,,,,,,,21,,,,60,97,,,Sire,9/16/1977,Talking Heads: 77,1977
3661,Talking Heads,,,,,,,BPI,Gold,,,,,RIAA,Gold,,,,,14,,8-track,,,,,,,,LP,,,,,,July,46,,42,,,,,,,,4,,,,21,29,,,Sire,7/14/1978,More Songs About Buildings and Food,1978
3662,Talking Heads,,,,,,,BPI,Silver,,,,,RIAA,Gold,,,,,3,,,,,cassette,,,,,LP,,,,,,August,35,,27,,,,,,,,11,,,,33,21,,,Sire,8/3/1979,Fear of Music,1979
3663,Talking Heads,,,,,,,BPI,Gold,,MC,Gold,,RIAA,Gold,,,,,8,,,,,cassette,,,,,LP,,,,,,October,25,,6,,,,,,22,26,8,,28,,21,19,,,Sire,10/8/1980,Remain in Light,1980
3664,Talking Heads,,,,,,,BPI,Silver,,MC,Platinum,,RIAA,Platinum,,,,,1,,,,,cassette,CD,,,,LP,,,,,,June,15,20,7,,,,,,14,11,3,,12,,21,15,,,Sire,6/1/1983,Speaking in Tongues,1983
3665,Talking Heads,,,,,,,BPI,Gold,,,,,RIAA,Platinum,,,,,10,,,,,cassette,CD,,,,LP,,,,,,June,2,4,18,,,,,,4,16,1,,10,12,10,20,,,"Sire, EMI",6/10/1985,Little Creatures,1985
3666,Talking Heads,,,,,,,BPI,Gold,,,,,RIAA,Gold,,,,,15,,,,,cassette,CD,,,,LP,,,,,,September,2,10,16,,,,,,16,13,1,,5,11,7,17,,,"Sire, EMI",9/15/1986,True Stories,1986
3667,Talking Heads,,,,,,,BPI,Gold,,,,,RIAA,Gold,,,,,15,,,,,cassette,CD,,,,LP,,,,,,March,8,8,13,,,,,,13,7,7,,9,6,3,19,,,"Sire, EMI",3/15/1988,Naked,1988
3668,The Allman Brothers Band,,,,,,,,,,,,,,,,,,,1,,,,,,,,,,,,,,,,November,,,,,,,,,,,,,,,,188,,,Atco,11/1/1969,The Allman Brothers Band,1969
3669,The Allman Brothers Band,,,,,,,,,,,,,,,,,,,1,,,,,,,,,,,,,,,,September,,,,,,,,,,,,,,,,38,,,Atco,9/1/1970,Idlewild South,1970
3670,The Allman Brothers Band,,,,,,,BPI,Silver,,,,,RIAA,Platinum,,,,,6,,,,,,,,,,,,,,,,July,,,44,,,,,,,,,,,,,13,,,Capricorn,7/6/1971,At Fillmore East (live),1971
3671,The Allman Brothers Band,,,,,,,,,,,,,RIAA,Platinum,,,,,1,,,,,,,,,,,,,,,,February,35,,12,,,,,,,,,,,,,4,,,Capricorn,2/1/1972,Eat a Peach (part live),1972
3672,The Allman Brothers Band,,,,,,,,,,,,,RIAA,Platinum,,,,,1,,,,,,,,,,,,,,,,August,5,,1,,52,,,,,,,,,,42,1,,,Capricorn,8/1/1973,Brothers and Sisters,1973
3673,The Allman Brothers Band,,,,,,,,,,,,,RIAA,Gold,,,,,1,,,,,,,,,,,,,,,,August,,,79,,,,,,,,14,,,,,5,,,Capricorn,8/1/1975,"Win, Lose or Draw",1975
3674,The Allman Brothers Band,,,,,,,,,,,,,,,,,,,1,,,,,,,,,,,,,,,,November,,,71,,,,,,,,,,,,,75,,,Capricorn,11/1/1976,"Wipe the Windows, Check the Oil, Dollar Gas (live)",1976
3675,The Allman Brothers Band,,,,,,,,,,,,,RIAA,Gold,,,,,1,,,,,,,,,,,,,,,,February,,,15,,,,,,,,,,,,,9,,,Capricorn,2/1/1979,Enlightened Rogues,1979
3676,The Allman Brothers Band,,,,,,,,,,,,,,,,,,,1,,,,,,,,,,,,,,,,August,92,,74,,,,,,,,,,,,,27,,,Arista,8/1/1980,Reach for the Sky,1980
3677,The Allman Brothers Band,,,,,,,,,,,,,,,,,,,1,,,,,,,,,,,,,,,,August,,,,,,,,,,,,,,,,44,,,Arista,8/1/1981,Brothers of the Road,1981
3678,The Allman Brothers Band,,,,,,,,,,,,,,,,,,,3,,,,,,,,,,,,,,,,July,,,42,,,,,,,19,,,,,,53,,,Epic,7/3/1990,Seven Turns,1990
3679,The Allman Brothers Band,,,,,,,,,,,,,,,,,,,2,,,,,,,,,,,,,,,,July,,,78,,,,,,,,,,,,,85,,,Epic,7/2/1991,Shades of Two Worlds,1991
3680,The Allman Brothers Band,,,,,,,,,,,,,,,,,,,9,,,,,,,,,,,,,,,,June,,,,,,,,,,,,,,,,80,,,Epic,6/9/1992,An Evening with the Allman Brothers Band: First Set (live),1992
3681,The Allman Brothers Band,,,,,,,,,,,,,RIAA,Gold,,,,,3,,,,,,,,,,,,,,,,May,,,,,,,,,,,,,,,,45,,,Epic,5/3/1994,Where It All Begins,1994
3682,The Allman Brothers Band,,,,,,,,,,,,,,,,,,,9,,,,,,,,,,,,,,,,May,,,,,,,,,,,,,,,,88,,,Epic,5/9/1995,An Evening with the Allman Brothers Band: 2nd Set (live),1995
3683,The Allman Brothers Band,,,,,,,,,,,,,,,,,,,4,,,,,,,,,,,,,,,,November,,,,,,,,,,,,,,,,,,,Epic,11/4/2000,Peakin' at the Beacon (live),2000
3684,The Allman Brothers Band,,,,,,,,,,,,,,,,,,,18,,,,,,,,,,,,,,,,March,,,,,55,,,,,,,,,,,37,,,Sanctuary,3/18/2003,Hittin' the Note,2003
3685,The Allman Brothers Band,,,,,,,,,,,,,,,,,,,23,,,,,,,,,,,,,,,,March,,,,,,,,,,,,,,,,190,,,Sanctuary,3/23/2004,One Way Out (live),2004
3686,The Animals,,,,,,,,,,,,,,,,,,,30,,,,,,,,,,,,,,,,October,,,,,,,,,,,,,,,,,,,Columbia,10/30/1964,The Animals,1964
3687,The Animals,,,,,,,,,,,,,,,,,,,7,,,,,,,,,,,,,,,,May,,,,,,,,,,,,,,,,,,,Columbia,5/7/1965,Animal Tracks,1965
3688,The Animals,,,,,,,,,,,,,,,,,,,13,,,,,,,,,,,,,,,,May,,,,,,,,,,,,,,,,,,,Decca,5/13/1966,Animalisms,1966
3689,The Animals,,,,,,,,,,,,,,,,,,,1,,,,,,,,,,,,,,,,September,,,,,,,,,,,,,,,,7,,,MGM,9/1/1964,The Animals,1964
3690,The Animals,,,,,,,,,,,,,,,,,,,1,,,,,,,,,,,,,,,,February,,,,,,,,,,,,,,,,99,,,MGM,2/1/1965,The Animals on Tour,1965
3691,The Animals,,,,,,,,,,,,,,,,,,,1,,,,,,,,,,,,,,,,September,,,,,,,,,,,,,,,,57,,,MGM,9/1/1965,Animal Tracks,1965
3692,The Animals,,,,,,,,,,,,,,,,,,,1,,,,,,,,,,,,,,,,August,,,,,,,,,,,,,,,,20,,,MGM,8/1/1966,Animalization,1966
3693,The Animals,,,,,,,,,,,,,,,,,,,21,,,,,,,,,,,,,,,,November,,,,,,,,,,,,,,,,33,,,MGM,11/21/1966,Animalism,1966
3694,The Animals,,,,,,,,,,,,,,,,,,,1,,,,,,,,,,,,,,,,March,,,,,,,,,,,,,,,,121,,,MGM,3/1/1967,Eric Is Here,1967
3695,The Animals,,,,,,,,,,,,,,,,,,,1,,,,,,,,,,,,,,,,September,,,,,,,,,,,,,,,,42,,,MGM,9/1/1967,Winds of Change,1967
3696,The Animals,,,,,,,,,,,,,,,,,,,1,,,,,,,,,,,,,,,,April,,,,,,,,,,,,,,,,79,,,MGM,4/1/1968,The Twain Shall Meet,1968
3697,The Animals,,,,,,,,,,,,,,,,,,,1,,,,,,,,,,,,,,,,August,,,,,,,,,,,,,,,,152,,,MGM,8/1/1968,Every One of Us,1968
3698,The Animals,,,,,,,,,,,,,,,,,,,1,,,,,,,,,,,,,,,,December,,,,,,,,,,,,,,,,123,,,MGM,12/1/1968,Love Is,1968
3699,The Animals,,,,,,,,,,,,,,,,,,,1,,,,,,,,,,,,,,,,August,,,84,,,,,,,,24,,,,,70,,,Jet,8/1/1977,Before We Were So Rudely Interrupted (released as The Original Animals),1977
3700,The Animals,,,,,,,,,,,,,,,,,,,1,,,,,,,,,,,,,,,,August,,,,,,,,,,,,,,,,66,,,I.R.S.,8/1/1983,Ark,1983
3701,The Band,,,,,,,,,,,,,RIAA,Gold,,,,,1,,,,,,,,,,,,,,,,July,,,18,,,,,,,,,,,,,30,,,Capitol,7/1/1968,Music from Big Pink,1968
3702,The Band,,,,,,,,,,,,,RIAA,Platinum,,,,,22,,,,,,,,,,,,,,,,September,18,,2,,,,,,,15,,,,,25,9,,,Capitol,9/22/1969,The Band,1969
3703,The Band,,,,,,,,,,,,,RIAA,Gold,,,,,17,,,,,,,,,,,,,,,,August,2,,6,,,,,,5,9,,,,,15,5,,,Capitol,8/17/1970,Stage Fright,1970
3704,The Band,,,,,,,,,,,,,,,,,,,15,,,,,,,,,,,,,,,,September,,,15,,,,,,2,20,,,13,,41,21,,,Capitol,9/15/1971,Cahoots,1971
3705,The Band,,,,,,,,,,,,,,,,,,,15,,,,,,,,,,,,,,,,October,,,19,,,,,,,,,,,,,28,,,Capitol,10/15/1973,Moondog Matinee,1973
3706,The Band,,,,,,,,,,,,,,,,,,,1,,,,,,,,,,,,,,,,November,,,27,,,,,,13,,,,,,,26,,,Capitol,11/1/1975,Northern Lights - Southern Cross,1975
3707,The Band,,,,,,,,,,,,,,,,,,,15,,,,,,,,,,,,,,,,March,,,,,,,,,18,,,,,,,64,,,Capitol,3/15/1977,Islands,1977
3708,The Band,,,,,,,,,,,,,,,,,,,2,,,,,,,,,,,,,,,,November,,,50,,,,,,,,,,,,,166,,,Rhino/Pyramid,11/2/1993,Jericho,1993
3709,The Band,,,,,,,,,,,,,,,,,,,27,,,,,,,,,,,,,,,,February,,,,,,,,,,,,,,,,,,,Rhino,2/27/1996,High on the Hog,1996
3710,The Band,,,,,,,,,,,,,,,,,,,15,,,,,,,,,,,,,,,,September,,,,,,,,,,,,,,,,,,,Compendia/River North,9/15/1998,Jubilation,1998
3711,The Band,,,,,,,,,,,,,RIAA,Gold,,,,,17,,,,,,,,,,,,,,,,January,,4,1,,,,,,7,5,,,,,,1,,,Asylum / Island,1/17/1974,Planet Waves,1974
3712,The Band,,,,,,,,,,,,,RIAA,Gold,,,,,26,,,,,,,,,,,,,,,,June,,,15,,,,,,,5,18,,,,,7,,,Columbia,6/26/1975,The Basement Tapes,1975
3713,The Beach Boys,,,,,,,,,,,,,,,,,,,1,,,,,,,,,,,,,,,,October,,,,,,,,,,,,,,,,32,,,Capitol,10/1/1962,Surfin' Safari,1962
3714,The Beach Boys,,,,,,,,,,,,,RIAA,Gold,,,,,25,,,,,,,,,,,,,,,,March,,,1,,,,,,,,,,,,17,2,,,Capitol,3/25/1963,Surfin' U.S.A.,1963
3715,The Beach Boys,,,,,,,,,,,,,RIAA,Gold,,,,,16,,,,,,,,,,,,,,,,September,,,,,,,,,,,,,,,13,7,,,Capitol,9/16/1963,Surfer Girl,1963
3716,The Beach Boys,,,,,,,,,,,,,RIAA,Platinum,,,,,7,,,,,,,,,,,,,,,,October,,,,,,,,,,,,,,,,4,,,Capitol,10/7/1963,Little Deuce Coupe,1963
3717,The Beach Boys,,,,,,,,,,,,,RIAA,Gold,,,,,2,,,,,,,,,,,,,,,,March,,,,,,,,,,,,,,,,13,,,Capitol,3/2/1964,Shut Down Volume 2,1964
3718,The Beach Boys,,,,,,,,,,,,,RIAA,Gold,,,,,13,,,,,,,,,,,,,,,,July,,,,,,,,,,,,,,,9,4,,,Capitol,7/13/1964,All Summer Long,1964
3719,The Beach Boys,,,,,,,,,,,,,RIAA,Gold,,,,,9,,,,,,,,,,,,,,,,November,,,,,,,,,,,,,,,,66,,,Capitol,11/9/1964,The Beach Boys' Christmas Album,1964
3720,The Beach Boys,,,,,,,,,,,,,RIAA,Gold,,,,,8,,,,,,,,,,,,,,,,March,,,,,14,,,,,,,,,,6,4,,,Capitol,3/8/1965,The Beach Boys Today!,1965
3721,The Beach Boys,,,,,,,,,,,,,RIAA,Gold,,,,,5,,,,,,,,,,,,,,,,July,,,,,18,,,,,,,,,,4,2,,,Capitol,7/5/1965,Summer Days (And Summer Nights!!),1965
3722,The Beach Boys,,,,,,,,,,,,,,,,,,,8,,,,,,,,,,,,,,,,November,,,,,4,,,,,,,,,,3,6,,,Capitol,11/8/1965,Beach Boys' Party!,1965
3723,The Beach Boys,,,,,,,BPI,Platinum,,,,,RIAA,Platinum,,,,,16,,,,,,,,,,,,,,,,May,42,,40,,16,,,,,,,,,,2,10,,,Capitol,5/16/1966,Pet Sounds,1966
3724,The Beach Boys,,,,,,,,,,,,,,,,,,,18,,,,,,,,,,,,,,,,September,,,,,,,,,,,,,,,9,41,,,Brother,9/18/1967,Smiley Smile,1967
3725,The Beach Boys,,,,,,,,,,,,,,,,,,,18,,,,,,,,,,,,,,,,December,,,41,,20,,,,,,,,,,7,24,,,Capitol,12/18/1967,Wild Honey,1967
3726,The Beach Boys,,,,,,,,,,,,,,,,,,,24,,,,,,,,,,,,,,,,June,,,,,,,,,,,,,,,13,126,,,Capitol,6/24/1968,Friends,1968
3727,The Beach Boys,,,,,,,,,,,,,,,,,,,10,,,,,,,,,,,,,,,,February,,,41,,23,,,,,,,,,,3,68,,,Capitol,2/10/1969,20/20,1969
3728,The Beach Boys,,,,,,,,,,,,,,,,,,,31,,,,,,,,,,,,,,,,August,,,79,,,,,,,,,,,,29,151,,,"Brother, Reprise",8/31/1970,Sunflower,1970
3729,The Beach Boys,,,,,,,,,,,,,,,,,,,30,,,,,,,,,,,,,,,,August,32,,22,,,,,,,,,,,,15,29,,,"Brother, Reprise",8/30/1971,Surf's Up,1971
3730,The Beach Boys,,,,,,,,,,,,,,,,,,,15,,,,,,,,,,,,,,,,May,42,,40,,,,,,,,,,,,25,50,,,"Brother, Reprise",5/15/1972,"Carl and the Passions - ""So Tough""",1972
3731,The Beach Boys,,,,,,,BPI,Silver,,,,,,,,,,,8,,,,,,,,,,,,,,,,January,37,,12,,,,,,,,,,,,20,36,,,"Brother, Reprise",1/8/1973,Holland,1973
3732,The Beach Boys,,,,,,,BPI,Silver,,,,,RIAA,Gold,,,,,5,,,,,,,,,,,,,,,,July,17,,6,,,,,,,,,,,,31,8,,,"Brother, Reprise",7/5/1976,15 Big Ones,1976
3733,The Beach Boys,,,,,,,,,,,,,,,,,,,11,,,,,,,,,,,,,,,,April,90,,66,,,,,,,,,,,,28,53,,,"Brother, Reprise",4/11/1977,The Beach Boys Love You,1977
3734,The Beach Boys,,,,,,,,,,,,,,,,,,,25,,,,,,,,,,,,,,,,September,70,,,,,,,,,,,,,,,151,,,"Brother, Reprise",9/25/1978,M.I.U. Album,1978
3735,The Beach Boys,,,,,,,,,,,,,,,,,,,19,,,,,,,,,,,,,,,,March,70,,88,,,,,,,,,,,,32,100,,,Caribou,3/19/1979,L.A. (Light Album),1979
3736,The Beach Boys,,,,,,,,,,,,,,,,,,,24,,,,,,,,,,,,,,,,March,64,,79,,,,,,,,,,,,54,75,,,Caribou,3/24/1980,Keepin' the Summer Alive,1980
3737,The Beach Boys,,,,,,,,,,,,,,,,,,,10,,,,,,,,,,,,,,,,June,67,,74,,60,,,,,,,,,,60,52,,,Caribou,6/10/1985,The Beach Boys,1985
3738,The Beach Boys,ARIA,Gold,,,,,,,,,,,RIAA,Platinum,,,,,28,,,,,,,,,,,,,,,,August,10,,75,,26,,,,,,,,,,,46,,,Capitol,8/28/1989,Still Cruisin',1989
3739,The Beach Boys,,,,,,,,,,,,,,,,,,,3,,,,,,,,,,,,,,,,August,53,,,,81,,,,,,,,,,,,,,Brother,8/3/1992,Summer in Paradise,1992
3740,The Beach Boys,,,,,,,,,,,,,,,,,,,19,,,,,,,,,,,,,,,,August,,,,,,,,,,,,,,,,101,,,River North,8/19/1996,Stars and Stripes Vol. 1,1996
3741,The Beach Boys,,,,,,,,,,,,,,,,,,,5,,,,,,,,,,,,,,,,June,31,,14,,36,,,,,,,,,,15,3,,,Capitol,6/5/2012,That's Why God Made the Radio,2012
3742,The Beatles,ARIA,Gold,,,,,BPI,Platinum,,MC,Gold,,RIAA,Platinum,,,,,22,,,,,,,,,,,,,,,,March,,,,5,5,,,,,,,,,,1,155,,,Parlophone,3/22/1963,Please Please Me,1963
3743,The Beatles,ARIA,Gold,,,,,BPI,Gold,,MC,Gold,,RIAA,Gold,,,,,22,,,,,,,,,,,,,,,,November,,,1,5,1,,,,,,,,,,1,179,,,Parlophone,11/22/1963,With the Beatles,1963
3744,The Beatles,ARIA,Gold,,,,,BPI,Platinum,,,,,,,,,,,10,,,,,,,,,,,,,,,,July,1,,,,1,,,,,,,,,,1,,,,Parlophone,7/10/1964,A Hard Day's Night,1964
3745,The Beatles,ARIA,Gold,,,,,BPI,Gold,,MC,Gold,,RIAA,Platinum,,,,,4,,,,,,,,,,,,,,,,December,1,,,,1,,,,,,,,,,1,,,,Parlophone,12/4/1964,Beatles for Sale,1964
3746,The Beatles,ARIA,Gold,,,,,BPI,Platinum,,,,,,,,,,,6,,,,,,,,,,,,,,,,August,1,,,5,1,,,,,,,,,,1,,,,Parlophone,8/6/1965,Help!,1965
3747,The Beatles,ARIA,Platinum,,,,,BPI,Platinum,,,,,,,,,,,3,,,,,,,,,,,,,,,,December,1,,,5,1,,,,,,,,,,1,,,,Parlophone,12/3/1965,Rubber Soul,1965
3748,The Beatles,ARIA,Platinum,,,,,BPI,Platinum,,,,,,,,,,,5,,,,,,,,,,,,,,,,August,1,,,5,1,,,,,14,,,,,1,,,,Parlophone,8/5/1966,Revolver,1966
3749,The Beatles,ARIA,Platinum,,,,,BPI,Platinum,,MC,Platinum,,RIAA,Diamond,,SNEP,Gold,,26,,,,,,,,,,,,,,,,May,1,,1,4,1,,,,,1,,,,,1,1,,,Parlophone,5/26/1967,Sgt. Pepper's Lonely Hearts Club Band,1967
3750,The Beatles,ARIA,Platinum,,,,,BPI,Platinum,,MC,Platinum,,RIAA,Diamond,,SNEP,Gold,,22,,,,,,,,,,,,,,,,November,1,,1,1,1,,,,,1,,,,,1,1,,,Apple,11/22/1968,"The Beatles (""The White Album"")",1968
3751,The Beatles,,,,,,,BPI,Gold,,MC,Gold,,RIAA,Platinum,,,,,17,,,,,,,,,,,,,,,,January,4,,1,4,5,,,,,1,,,,,3,2,,,Apple,1/17/1969,Yellow Submarine,1969
3752,The Beatles,ARIA,Platinum,,,,,BPI,Platinum,,MC,Diamond,,RIAA,Diamond,,SNEP,Platinum,,26,,,,,,,,,,,,,,,,September,1,,1,1,1,,,,,1,,,,,1,1,,,Apple,9/26/1969,Abbey Road,1969
3753,The Beatles,ARIA,Platinum,,,,,BPI,Platinum,,MC,Platinum,,RIAA,Platinum,,SNEP,Gold,,8,,,,,,,,,,,,,,,,May,1,,1,5,4,,,,,1,,,,,1,1,,,Apple,5/8/1970,Let It Be,1970
3754,The Beatles,,,,,,,,,,,,,RIAA,Platinum,,,,,10,,,,,,,,,,,,,,,,January,,,,,,,,,,,,,,,,2,,,Vee-Jay,1/10/1964,Introducing... The Beatles,1964
3755,The Beatles,,,,,,,,,,MC,Platinum,,RIAA,Platinum,,,,,20,,,,,,,,,,,,,,,,January,,,1,,68,,,,,,,,,,,1,,,Capitol,1/20/1964,Meet the Beatles!,1964
3756,The Beatles,,,,,,,,,,MC,Platinum,,RIAA,Platinum,,,,,10,,,,,,,,,,,,,,,,April,,,1,,50,,,,,,,,,,,1,,,Capitol,4/10/1964,The Beatles' Second Album,1964
3757,The Beatles,,,,,,,,,,MC,Platinum,,RIAA,Platinum,,,,,26,,,,,,,,,,,,,,,,June,,,1,5,,,,,,,,,,,,1,,,United Artists,6/26/1964,A Hard Day's Night,1964
3758,The Beatles,,,,,,,,,,MC,Gold,,RIAA,Platinum,,,,,20,,,,,,,,,,,,,,,,July,,,2,,38,,,,,,,,,,,2,,,Capitol,7/20/1964,Something New,1964
3759,The Beatles,,,,,,,,,,MC,Platinum,,RIAA,Platinum,,,,,15,,,,,,,,,,,,,,,,December,,,1,80,9,,,,,,,,,,,1,,,Capitol,12/15/1964,Beatles '65,1964
3760,The Beatles,,,,,,,,,,MC,Gold,,RIAA,Platinum,,,,,14,,,,,,,,,,,,,,,,June,,,1,,15,,,,,,,,,,,1,,,Capitol,6/14/1965,Beatles VI,1965
3761,The Beatles,,,,,,,,,,MC,Platinum,,RIAA,Platinum,,,,,13,,,,,,,,,,,,,,,,August,,,1,,,,,,,,,,,,,1,,,Capitol,8/13/1965,Help!,1965
3762,The Beatles,,,,,,,,,,MC,Platinum,,RIAA,Platinum,,,,,6,,,,,,,,,,,,,,,,December,,,1,,,,,,,,,,,,,1,,,Capitol,12/6/1965,Rubber Soul,1965
3763,The Beatles,,,,,,,,,,MC,Platinum,,RIAA,Platinum,,,,,15,,,,,,,,,,,,,,,,June,,,1,,13,,,,,,,,,,,1,,,Capitol,6/15/1966,Yesterday and Today,1966
3764,The Beatles,,,,,,,,,,MC,Platinum,,RIAA,Platinum,,,,,8,,,,,,,,,,,,,,,,August,,,1,,,,,,,,,,,,,1,,,Capitol,8/8/1966,Revolver,1966
3765,The Beatles,ARIA,Platinum,,,,,BPI,Platinum,,MC,Platinum,,RIAA,Diamond,,SNEP,Gold,,2,,,,,,,,,,,,,,,,June,1,,1,4,1,,,,,1,,,,,1,1,,,Capitol,6/2/1967,Sgt. Pepper's Lonely Hearts Club Band,1967
3766,The Beatles,ARIA,Platinum,,,,,BPI,Platinum,,MC,Platinum,,RIAA,Platinum,,,,,27,,,,,,,,,,,,,,,,November,48,,,2,8,,,,,13,,,,,31,1,,,Capitol,11/27/1967,Magical Mystery Tour,1967
3767,The Beatles,ARIA,Platinum,,,,,BPI,Platinum,,MC,Platinum,,RIAA,Diamond,,SNEP,Gold,,25,,,,,,,,,,,,,,,,November,1,,1,1,1,,,,,1,,,,,1,1,,,Apple,11/25/1968,"The Beatles (""The White Album"")",1968
3768,The Beatles,,,,,,,BPI,Gold,,MC,Gold,,RIAA,Platinum,,,,,13,,,,,,,,,,,,,,,,January,4,,1,4,5,,,,,1,,,,,3,2,,,Capitol,1/13/1969,Yellow Submarine,1969
3769,The Beatles,ARIA,Platinum,,,,,BPI,Platinum,,MC,Diamond,,RIAA,Diamond,,SNEP,Platinum,,1,,,,,,,,,,,,,,,,October,1,,1,1,1,,,,,1,,,,,1,1,,,Apple,10/1/1969,Abbey Road,1969
3770,The Beatles,ARIA,Platinum,,,,,BPI,Platinum,,MC,Platinum,,RIAA,Platinum,,SNEP,Gold,,18,,,,,,,,,,,,,,,,May,1,,1,5,4,,,,,1,,,,,1,1,,,Apple,5/18/1970,Let It Be,1970
3771,The Byrds,,,,,,,,,,,,,,,,,,,21,,,,,,,,,,,,,,,,June,,,,,35,,,,,,,,,,7,6,,,Columbia,6/21/1965,Mr. Tambourine Man,1965
3772,The Byrds,,,,,,,,,,,,,,,,,,,6,,,,,,,,,,,,,,,,December,,,,,,,,,,,,,,,11,17,,,Columbia,12/6/1965,Turn! Turn! Turn!,1965
3773,The Byrds,,,,,,,,,,,,,,,,,,,18,,,,,,,,,,,,,,,,July,,,,,,,,,,,,,,,27,24,,,Columbia,7/18/1966,Fifth Dimension,1966
3774,The Byrds,,,,,,,,,,,,,,,,,,,6,,,,,,,,,,,,,,,,February,,,,,,,,,,,,,,,37,24,,,Columbia,2/6/1967,Younger Than Yesterday,1967
3775,The Byrds,,,,,,,,,,,,,,,,,,,15,,,,,,,,,,,,,,,,January,,,,,,,,,,,,,,,12,47,,,Columbia,1/15/1968,The Notorious Byrd Brothers,1968
3776,The Byrds,,,,,,,,,,,,,,,,,,,30,,,,,,,,,,,,,,,,August,,,,,,,,,,,,,,,,77,,,Columbia,8/30/1968,Sweetheart of the Rodeo,1968
3777,The Byrds,,,,,,,,,,,,,,,,,,,5,,,,,,,,,,,,,,,,March,,,,,,,,,6,,,,,,15,153,,,Columbia,3/5/1969,Dr. Byrds & Mr. Hyde,1969
3778,The Byrds,,,,,,,,,,,,,,,,,,,10,,,,,,,,,,,,,,,,November,,,40,,,,,,,,,,,,41,36,,,Columbia,11/10/1969,Ballad of Easy Rider,1969
3779,The Byrds,,,,,,,,,,,,,,,,,,,14,,,,,,,,,,,,,,,,September,,,15,,,,,,3,,,,,,11,40,,,Columbia,9/14/1970,(Untitled),1970
3780,The Byrds,,,,,,,,,,,,,,,,,,,23,,,,,,,,,,,,,,,,June,,,23,,,,,,1,,,,,,,46,,,Columbia,6/23/1971,Byrdmaniax,1971
3781,The Byrds,,,,,,,,,,,,,,,,,,,17,,,,,,,,,,,,,,,,November,,,41,,,,,,,,,,,,,152,,,Columbia,11/17/1971,Farther Along,1971
3782,The Byrds,,,,,,,,,,,,,,,,,,,7,,,,,,,,,,,,,,,,March,,,19,,,,,,6,,,,,,31,20,,,Asylum,3/7/1973,Byrds,1973
3783,The Cars,ARIA,Platinum,,,,,BPI,Silver,,MC,Platinum,,RIAA,Platinum,,,,,6,,8-track,,,cassette,,,,,LP,,,,,,June,35,,50,,,,,,,,5,,,,29,18,,,Elektra,6/6/1978,The Cars,1978
3784,The Cars,,,,,,,,,,,,,RIAA,Platinum,,,,,2,,8-track,,,cassette,,,,,LP,,,,,,June,7,,4,,,,,,,,6,,,,30,3,,,Elektra,6/2/1979,Candy-O,1979
3785,The Cars,,,,,,,,,,MC,Platinum,,RIAA,Platinum,,,,,15,,8-track,,,cassette,,,,,LP,,,,,,August,19,,10,,,,,69,,,14,,,,,5,,,Elektra,8/15/1980,Panorama,1980
3786,The Cars,,,,,,,,,,MC,Platinum,,RIAA,Platinum,,,,,6,,8-track,,,cassette,,,,,LP,,,,,,November,20,,7,,,,,,,,12,,,,,9,,,Elektra,11/6/1981,Shake It Up,1981
3787,The Cars,,,,,,,BPI,Gold,,,,,RIAA,Platinum,,,,,13,,8-track,,,cassette,CD,,,,LP,,,,,,March,15,,5,,15,,,22,,,1,,26,20,25,3,,,Elektra,3/13/1984,Heartbeat City,1984
3788,The Cars,,,,,,,,,,,,,RIAA,Gold,,,,,25,,8-track,,,cassette,CD,,,,LP,,,,,,August,26,,19,,57,,,32,,,10,,29,20,72,26,,,Elektra,8/25/1987,Door to Door,1987
3789,The Cars,,,,,,,,,,,,,,,,,,,10,,,,,,CD,,digital download,,LP,,,,,,May,,,22,,,,,,,,,,,,,7,,,Hear Music,5/10/2011,Move Like This,2011
3790,The Clash,,,,,,,BPI,Gold,,,,,RIAA,Gold,,,,,1,,,,,,,,,,,,,,,,April,,,,,,,,,,,,,,,,126,,,Sony Music/Columbia; Epic Notes: Two versions: UK and US,4/1/1977,The Clash,1977
3791,The Clash,,,,,,,BPI,Gold,,,,,,,,,,,1,,,,,,,,,,,,,,,,November,79,,,,,,,,,,15,,,,,128,,,Sony Music/Columbia; Epic,11/1/1978,Give 'Em Enough Rope,1978
3792,The Clash,,,,,,,BPI,Platinum,,MC,Gold,,RIAA,Platinum,,SNEP,Gold,,1,,,,,,,,,,,,,,,,December,16,17,12,,,,,,,4,12,52,,72,,27,,,Sony Music/Columbia; Epic Notes:,12/1/1979,London Calling,1979
3793,The Clash,,,,,,,BPI,Silver,,,,,RIAA,Gold,,SNEP,Gold,,1,,,,,,,,,,,,,,,,December,36,,3,,,,,,,8,3,,,,,24,,,Sony Music/Columbia; Epic Notes:,12/1/1980,Sandinista!,1980
3794,The Clash,,,,,,,BPI,Gold,,MC,Gold,,RIAA,Platinum,,SNEP,Gold,,1,,,,,,,,,,,,,,,,May,32,,12,,,,,,,7,5,,,56,,7,,,Sony Music,5/1/1982,Combat Rock,1982
3795,The Clash,,,,,,,BPI,Silver,,,,,,,,,,,1,,,,,,,,,,,,,,,,November,69,,59,,,,,,,,35,,,,,88,,,Sony Music/Columbia; Epic,11/1/1985,Cut the Crap,1985
3796,The Coasters,,,,,,,,,,,,,,,,,,,1,,,,,,,,,,,,,,,,January,,,,,,,,,,,,,,,,,,,Atco,1/1/1960,The Coasters One by One,1960
3797,The Coasters,,,,,,,,,,,,,,,,,,,1,,,,,,,,,,,,,,,,January,,,,,,,,,,,,,,,,,,,King,1/1/1972,On Broadway,1972
3798,The Crickets,,,,,,,,,,,,,,,,,,,27,,,,,,,,,,LP,,,,,,November,,,,,,,,,,,,,,,5,,,,Brunswick,11/27/1957,"The ""Chirping"" Crickets",1957
3799,The Crickets,,,,,,,,,,,,,,,,,,,20,,,,,,,,,,LP,,,,,,February,,,,,,,,,,,,,,,,,,,Coral,2/20/1958,Buddy Holly ,1958
3800,The Crickets,,,,,,,,,,,,,,,,,,,5,,,,,,,,,,LP,,,,,,December,,,,,,,,,,,,,,,13,,,,Coral,12/5/1960,In Style with the Crickets,1960
3801,The Crickets,,,,,,,,,,,,,,,,,,,14,,,,,,,,,,LP,,,,,,July,,,,,,,,,,,,,,,2,42,,,Liberty,7/14/1962,Bobby Vee Meets the Crickets,1962
3802,The Crickets,,,,,,,,,,,,,,,,,,,1,,,,,,,,,,LP,,,,,,December,,,,,,,,,,,,,,,,,,,Liberty,12/1/1962,"Something Old, Something New, Something Blue, Somethin' Else",1962
3803,The Crickets,,,,,,,,,,,,,,,,,,,1,,,,,,,,,,LP,,,,,,February,,,,,,,,,,,,,,,,,,,Liberty,2/1/1964,California Sun / She Loves You,1964
3804,The Crickets,,,,,,,,,,,,,,,,,,,1,,,,,,,,,,LP,,,,,,December,,,,,,,,,,,,,,,,,,,Barnaby,12/1/1970,Rockin' 50's Rock'n'Roll,1970
3805,The Crickets,,,,,,,,,,,,,,,,,,,1,,,,,,,,,,LP,,,,,,April,,,,,,,,,,,,,,,,,,,Philips,4/1/1973,"Bubblegum, Pop, Ballads & Boogie",1973
3806,The Crickets,,,,,,,,,,,,,,,,,,,1,,,,,,,,,,LP,,,,,,December,,,,,,,,,,,,,,,,,,,Vertigo,12/1/1973,Remnants,1973
3807,The Crickets,,,,,,,,,,,,,,,,,,,1,,,,,,,,,,LP,,,,,,May,,,,,,,,,,,,,,,,,,,Mercury,5/1/1974,A Long Way from Lubbock,1974
3808,The Crickets,,,,,,,,,,,,,,,,,,,1,,,,,cassette,CD,,,,LP,,,,,,September,,,,,,,,,,,,,,,,,,,"Epic, CBS",9/1/1988,T Shirt,1988
3809,The Crickets,,,,,,,,,,,,,,,,,,,1,,,,,,CD,,,,,,,,,,September,,,,,,,,,,,,,,,,,,,Rollercoaster,9/1/1993,Double Exposure,1993
3810,The Crickets,,,,,,,,,,,,,,,,,,,1,,,,,cassette,CD,,,,,,,,,,March,,,,,,,,,,,,,,,,,,,Carlton Sounds,3/1/1997,Too Much Monday Morning,1997
3811,The Crickets,,,,,,,,,,,,,,,,,,,1,,,,,,CD,,,DVD,,,,,,,July,,,,,,,,,,,,,,,,,,,"Sovereign Artists, Cooking Vinyl",7/1/2004,The Crickets & Their Buddies,2004
3812,The Crickets,,,,,,,,,,,,,,,,,,,1,,,,,,CD,,,,,,,,,,September,,,,,,,,,,,,,,,,,,,Rollercoaster,9/1/2005,About Time Too!,2005
3813,The Cure,,,,,,,BPI,Silver,,,,,,,,,,,11,,,,,cassette,,,,,LP,,,,,,May,,,,140,,,,,,,37,,,,44,,,,Fiction,5/11/1979,Three Imaginary Boys,1979
3814,The Cure,,,,,,,,,,,,,,,,,,,18,,,,,cassette,,,,,LP,,,,,,April,39,,,80,,,,,,,9,,,,20,186,,,Fiction,4/18/1980,Seventeen Seconds,1980
3815,The Cure,,,,,,,BPI,Silver,,,,,,,,,,,17,,,,,cassette,,,,,LP,,,,,,April,38,,,84,,,,,,,1,,38,,14,193,,,Fiction,4/17/1981,Faith,1981
3816,The Cure,,,,,,,BPI,Silver,,,,,,,,,,,4,,,,,cassette,,,,,LP,,,,,,May,39,,,81,,,,,,,9,,45,,8,133,,,"Fiction, A&M",5/4/1982,Pornography,1982
3817,The Cure,,,,,,,BPI,Silver,,,,,,,,,,,4,,,,,cassette,CD,,,,LP,,,,,,May,55,,,18,44,,,,,,23,,31,,10,180,,,"Fiction, Sire",5/4/1984,The Top,1984
3818,The Cure,,,,,,,BPI,Gold,,,,,RIAA,Gold,,,,,30,,,,,cassette,CD,,,,LP,,,,,,August,6,,,6,15,,,,,,11,,24,14,7,59,,,"Fiction, Elektra",8/30/1985,The Head on the Door,1985
3819,The Cure,,,,,,,BPI,Gold,,,,,RIAA,Platinum,,,,,26,,,,,cassette,CD,,,,LP,,,,,,May,9,4,,2,4,,,,,,14,,13,3,6,35,,,"Fiction, Elektra",5/26/1987,"Kiss Me, Kiss Me, Kiss Me",1987
3820,The Cure,,,,,,,BPI,Gold,,,,,RIAA,Platinum,,,,,2,,,,,cassette,CD,,,,LP,,,,,,May,9,5,,3,2,,,,,,6,,10,4,3,12,,,"Fiction, Elektra",5/2/1989,Disintegration,1989
3821,The Cure,ARIA,Platinum,,,,,BPI,Gold,,,,,RIAA,Platinum,,,,,21,,,,,cassette,CD,,,,LP,,,,,,April,1,14,,17,4,,,,,,3,,10,5,1,2,,,"Fiction, Elektra",4/21/1992,Wish,1992
3822,The Cure,,,,,,,,,,,,,RIAA,Gold,,,,,7,,,,,cassette,CD,,,,LP,,,,,,May,5,12,,27,17,,,,,,10,,2,9,9,12,,,"Fiction, Elektra",5/7/1996,Wild Mood Swings,1996
3823,The Cure,,,,,,,,,,,,,,,,,,,2,,,,,cassette,CD,,,,LP,,,,,,February,11,22,,3,5,,,,,,41,,5,3,14,16,,,"Fiction/Polydor, Elektra",2/2/2000,Bloodflowers,2000
3824,The Cure,,,,,,,BPI,Silver,,,,,,,,,,,25,,,,,,CD,,,DVD,LP,,,,,,June,28,12,,4,3,,,,,,32,,10,5,8,7,,,I Am/Geffen,6/25/2004,The Cure,2004
3825,The Cure,,,,,,,,,,,,,,,,,,,27,,,,,,CD,,,,LP,,,,,,October,30,28,,8,21,,,,,,32,,36,15,33,16,,,Suretone/Geffen,10/27/2008,4:13 Dream,2008
3826,The Cure,,,,,,,BPI,Gold,,,,,,,,SNEP,Gold,,1,,,blu-ray,,cassette,CD,,,,LP,,,,,,November,5,1,,1,1,,,,,,3,,1,1,1,4,,,"Fiction/Polydor, Capitol",11/1/2024,Songs of a Lost World,2024
3827,The Dave Clark Five,,,,,,,,,,,,,,,,,,,1,,,,,,,,,,LP,,,,,,April,,,,,,,,,,,,,,,3,,,,Columbia,4/1/1964,A Session with the Dave Clark Five,1964
3828,The Dave Clark Five,,,,,,,,,,,,,,,,,,,1,,,,,,,,,,LP,,,,,,July,,,,,,,,,,,,,,,8,,,,Columbia,7/1/1965,Catch Us If You Can,1965
3829,The Dave Clark Five,,,,,,,,,,,,,,,,,,,15,,,,,,,,,,LP,,,reel-to-reel,,,December,,,,,,,,,,,,,,,,,,,Columbia,12/15/1967,Everybody Knows,1967
3830,The Dave Clark Five,,,,,,,,,,,,,,,,,,,1,,,,,,,,,,LP,,,,,,November,,,,,,,,,,,,,,,,,,,Columbia,11/1/1968,5 By 5 (1964-69),1968
3831,The Dave Clark Five,,,,,,,,,,,,,,,,,,,1,,,,,,,,,,LP,,,,,,December,,,,,,,,,,,,,,,,,,,Columbia,12/1/1970,If Somebody Loves You,1970
3832,The Dave Clark Five,,,,,,,,,,,,,,,,,,,1,,,,,,,,,,LP,,,,,,December,,,,,,,,,,,,,,,,,,,Starline,12/1/1971,The Dave Clark Five Play Good Old Rock & Roll - 18 Golden Oldies,1971
3833,The Dave Clark Five,,,,,,,,,,,,,,,,,,,1,,,,,,,,,,LP,,,,,,January,,,,,,,,,,,,,,,,,,,EMI Columbia,1/1/1972,Dave Clark & Friends ,1972
3834,The Dave Clark Five,,,,,,,,,,,,,RIAA,Gold,,,,,17,,,,,,,,,,LP,,,,,,March,,,1,,,,,,,,,,,,,3,,,"Epic, Capitol",3/17/1964,Glad All Over ,1964
3835,The Dave Clark Five,,,,,,,,,,,,,,,,,,,13,,,,,,,,,,LP,,,,,,April,,,3,,,,,,,,,,,,,,,,Capitol,4/13/1964,Session with the Dave Clark Five,1964
3836,The Dave Clark Five,,,,,,,,,,,,,,,,,,,22,,,,,,,,,,LP,,,,,,May,,,,,,,,,,,,,,,,5,,,Epic,5/22/1964,The Dave Clark Five Return!,1964
3837,The Dave Clark Five,,,,,,,,,,,,,,,,,,,20,,,,,,,,,,LP,,,,,,July,,,,,,,,,,,,,,,,11,,,"Epic, Capitol",7/20/1964,American Tour ,1964
3838,The Dave Clark Five,,,,,,,,,,,,,,,,,,,21,,,,,,,,,,LP,,,,,,December,,,,,,,,,,,,,,,,6,,,"Epic, Capitol",12/21/1964,Coast to Coast ,1964
3839,The Dave Clark Five,,,,,,,,,,,,,,,,,,,1,,,,,,,,,,LP,,,,,,March,,,,,,,,,,,,,,,,24,,,"Epic, Capitol",3/1/1965,Weekend in London ,1965
3840,The Dave Clark Five,,,,,,,,,,,,,,,,,,,28,,,,,,,,,,LP,,,,,,June,,,,,,,,,,,,,,,,15,,,"Epic, Capitol",6/28/1965,Having a Wild Weekend,1965
3841,The Dave Clark Five,,,,,,,,,,,,,,,,,,,15,,,,,,,,,,LP,,,,,,November,,,,,,,,,,,,,,,,32,,,"Epic, Capitol",11/15/1965,I Like It Like That ,1965
3842,The Dave Clark Five,,,,,,,,,,,,,,,,,,,2,,,,,,,,,,LP,,,,,,May,,,,,,,,,,,,,,,,,,,Capitol,5/2/1966,The Dave Clark Five Instrumental Album,1966
3843,The Dave Clark Five,,,,,,,,,,,,,,,,,,,31,,,,,,,,,,LP,,,,,,May,,,,,,,,,,,,,,,,77,,,"Epic, Capitol",5/31/1966,Try Too Hard ,1966
3844,The Dave Clark Five,,,,,,,,,,,,,,,,,,,15,,,,,,,,,,LP,,,,,,August,,,,,,,,,,,,,,,,127,,,Epic,8/15/1966,Satisfied with You,1966
3845,The Dave Clark Five,,,,,,,,,,,,,,,,,,,20,,,,,,,,,,LP,,,,,,February,,,,,,,,,,,,,,,,119,,,Epic,2/20/1967,5 by 5,1967
3846,The Dave Clark Five,,,,,,,,,,,,,,,,,,,26,,8-track,,,,,,,,LP,,,,,,June,,,,,,,,,,,,,,,,149,,,"Epic, Capitol",6/26/1967,You Got What It Takes,1967
3847,The Dave Clark Five,,,,,,,,,,,,,,,,,,,1,4-track,,,,,,,,,LP,,,,,,January,,,,,,,,,,,,,,,,,,,"Epic, Capitol",1/1/1968,Everybody Knows,1968
3848,The Dells,,,,,,,,,,,,,,,,,,,1,,,,,,,,,,,,,,,,January,,,,,,,,,,,,,,,,,,,Vee Jay,1/1/1959,"Oh, What a Nite",1959
3849,The Dells,,,,,,,,,,,,,,,,,,,1,,,,,,,,,,,,,,,,January,,,,,,,,,,,,,,,,,,,Vee Jay,1/1/1965,It's Not Unusual,1965
3850,The Dells,,,,,,,,,,,,,,,,,,,1,,,,,,,,,,,,,,,,January,,,,,,,,,,,,,,,,29,,4,Cadet,1/1/1968,There Is,1968
3851,The Dells,,,,,,,,,,,,,,,,,,,1,,,,,,,,,,,,,,,,January,,,,,,,,,,,,,,,,146,,9,Cadet,1/1/1969,Musical Menu,1969
3852,The Dells,,,,,,,,,,,,,,,,,,,1,,,,,,,,,,,,,,,,January,,,45,,,,,,,,,,,,,54,,3,Cadet,1/1/1969,Love Is Blue,1969
3853,The Dells,,,,,,,,,,,,,,,,,,,1,,,,,,,,,,,,,,,,January,,,,,,,,,,,,,,,,126,,7,Cadet,1/1/1970,Like It Is Like It Was,1970
3854,The Dells,,,,,,,,,,,,,,,,,,,1,,,,,,,,,,,,,,,,January,,,,,,,,,,,,,,,,81,,4,Cadet,1/1/1971,Freedom Means....,1971
3855,The Dells,,,,,,,,,,,,,,,,,,,1,,,,,,,,,,,,,,,,January,,,,,,,,,,,,,,,,162,,32,Cadet,1/1/1972,The Dells Sing Dionne Warwicke's Greatest Hits,1972
3856,The Dells,,,,,,,,,,,,,,,,,,,1,,,,,,,,,,,,,,,,January,,,,,,,,,,,,,,,,,,33,Cadet,1/1/1972,Sweet as Funk Can Be,1972
3857,The Dells,,,,,,,,,,,,,,,,,,,1,,,,,,,,,,,,,,,,January,,,,,,,,,,,,,,,,99,,10,Cadet,1/1/1973,Give Your Baby a Standing Ovation,1973
3858,The Dells,,,,,,,,,,,,,,,,,,,1,,,,,,,,,,,,,,,,January,,,,,,,,,,,,,,,,,,15,Cadet,1/1/1974,The Dells,1974
3859,The Dells,,,,,,,,,,,,,,,,,,,1,,,,,,,,,,,,,,,,January,,,,,,,,,,,,,,,,156,,15,Cadet,1/1/1974,The Dells vs. The Dramatics,1974
3860,The Dells,,,,,,,,,,,,,,,,,,,1,,,,,,,,,,,,,,,,January,,,,,,,,,,,,,,,,114,,13,Cadet,1/1/1974,The Mighty Mighty Dells,1974
3861,The Dells,,,,,,,,,,,,,,,,,,,1,,,,,,,,,,,,,,,,January,,,,,,,,,,,,,,,,,,31,Cadet,1/1/1975,We Got to Get Our Thing Together,1975
3862,The Dells,,,,,,,,,,,,,,,,,,,1,,,,,,,,,,,,,,,,January,,,,,,,,,,,,,,,,,,47,Mercury,1/1/1976,No Way Back,1976
3863,The Dells,,,,,,,,,,,,,,,,,,,1,,,,,,,,,,,,,,,,January,,,,,,,,,,,,,,,,,,40,Mercury,1/1/1977,"They Said It Couldn't Be Done, But We Did It!",1977
3864,The Dells,,,,,,,,,,,,,,,,,,,1,,,,,,,,,,,,,,,,January,,,,,,,,,,,,,,,,,,45,Mercury,1/1/1978,Love Connection,1978
3865,The Dells,,,,,,,,,,,,,,,,,,,1,,,,,,,,,,,,,,,,January,,,,,,,,,,,,,,,,169,,55,ABC,1/1/1978,New Beginnings,1978
3866,The Dells,,,,,,,,,,,,,,,,,,,1,,,,,,,,,,,,,,,,January,,,,,,,,,,,,,,,,,,71,ABC,1/1/1979,Face to Face,1979
3867,The Dells,,,,,,,,,,,,,,,,,,,1,,,,,,,,,,,,,,,,January,,,,,,,,,,,,,,,,137,,23,20th Century Fox,1/1/1980,I Touched a Dream,1980
3868,The Dells,,,,,,,,,,,,,,,,,,,1,,,,,,,,,,,,,,,,January,,,,,,,,,,,,,,,,,,76,20th Century Fox,1/1/1981,Whatever Turns You On,1981
3869,The Dells,,,,,,,,,,,,,,,,,,,1,,,,,,,,,,,,,,,,January,,,,,,,,,,,,,,,,,,49,Private I,1/1/1984,One Step Closer,1984
3870,The Dells,,,,,,,,,,,,,,,,,,,1,,,,,,,,,,,,,,,,January,,,,,,,,,,,,,,,,,,92,Veteran,1/1/1988,The Second Time ,1988
3871,The Dells,,,,,,,,,,,,,,,,,,,1,,,,,,,,,,,,,,,,January,,,,,,,,,,,,,,,,,,80,Philadelphia Int'l,1/1/1992,I Salute You,1992
3872,The Dells,,,,,,,,,,,,,,,,,,,1,,,,,,,,,,,,,,,,January,,,,,,,,,,,,,,,,,,56,Volt,1/1/2000,Reminiscing,2000
3873,The Doobie Brothers,,,,,,,,,,,,,,,,,,,1,,,,,,,,,,,,,,,,April,,,,,,,,,,,,,,,,,,,Warner Bros.,4/1/1971,The Doobie Brothers,1971
3874,The Doobie Brothers,ARIA,Gold,,,,,,,,,,,RIAA,Platinum,,,,,1,,,,,,,,,,,,,,,,July,57,,24,,,,,,,,30,,,,,21,,,Warner Bros.,7/1/1972,Toulouse Street,1972
3875,The Doobie Brothers,ARIA,Gold,,,,,,,,,,,RIAA,Platinum,,,,,1,,,,,,,,,,,,,,,,March,,,10,,,,,,,,12,,,,,7,,,Warner Bros.,3/1/1973,The Captain and Me,1973
3876,The Doobie Brothers,ARIA,Gold,,,,,BPI,Silver,,,,,RIAA,Platinum,,,,,1,,,,,,,,,,,,,,,,February,24,,13,,,,,,,,17,,,,19,4,,,Warner Bros.,2/1/1974,What Were Once Vices Are Now Habits,1974
3877,The Doobie Brothers,ARIA,Gold,,,,,BPI,Silver,,,,,RIAA,Gold,,,,,1,,,,,,,,,,,,,,,,April,6,,5,,,,,,11,,5,,,,14,4,,,Warner Bros.,4/1/1975,Stampede,1975
3878,The Doobie Brothers,,,,,,,BPI,Silver,,,,,RIAA,Platinum,,,,,1,,,,,,,,,,,,,,,,March,7,,18,,,,,,11,,7,,,,42,8,,,Warner Bros.,3/1/1976,Takin' It to the Streets,1976
3879,The Doobie Brothers,,,,,,,,,,,,,RIAA,Gold,,,,,1,,,,,,,,,,,,,,,,August,16,,12,,,,,,,,14,,40,,25,10,,,Warner Bros.,8/1/1977,Livin' on the Fault Line,1977
3880,The Doobie Brothers,,,,,,,,,,MC,Platinum,,RIAA,Platinum,,,,,1,,,,,,,,,,,,,,,,December,6,,1,,,,,,72,,6,,46,,,1,,,Warner Bros.,12/1/1978,Minute by Minute,1978
3881,The Doobie Brothers,,,,,,,,,,,,,RIAA,Platinum,,,,,1,,,,,,,,,,,,,,,,September,18,,18,,,,,,42,,22,,,,53,3,,,Warner Bros.,9/1/1980,One Step Closer,1980
3882,The Doobie Brothers,,,,,,,,,,MC,Platinum,,RIAA,Gold,,,,,1,,,,,,,,,,,,,,,,May,44,,8,,,,,,69,,32,,,,,17,,,Capitol,5/1/1989,Cycles,1989
3883,The Doobie Brothers,,,,,,,,,,,,,,,,,,,15,,,,,,,,,,,,,,,,April,,,18,,,,,,85,,,,,,,82,,,Capitol,4/15/1991,Brotherhood,1991
3884,The Doobie Brothers,,,,,,,,,,,,,,,,,,,1,,,,,,,,,,,,,,,,October,,,,,,,,,,,,,,,,,,,Pyramid / Rhino,10/1/2000,Sibling Rivalry,2000
3885,The Doobie Brothers,,,,,,,,,,,,,,,,,,,1,,,,,,,,,,,,,,,,September,,,,,,,,,,,,,,,,39,,,DooBro Entertainment / HOR,9/1/2010,World Gone Crazy,2010
3886,The Doobie Brothers,,,,,,,,,,,,,,,,,,,1,,,,,,,,,,,,,,,,November,,,,,,,,,,,,,,,,16,,,Arista Nashville,11/1/2014,Southbound,2014
3887,The Doobie Brothers,,,,,,,,,,,,,,,,,,,1,,,,,,,,,,,,,,,,October,,,,,,,,,,,,,,,,,,,DB Entertainment / Island,10/1/2021,Liberté,2021
3888,The Doobie Brothers,,,,,,,,,,,,,,,,,,,1,,,,,,,,,,,,,,,,June,,,,,,,,,,,,,,,,,,,Warner Bros. / Rhino,6/1/2025,Walk This Road,2025
3889,The Doors,,,,,,,BPI,Platinum,,MC,Platinum,,RIAA,Platinum,,SNEP,Platinum,,4,,,,,,,,,,,,,,,,January,,6,42,3,43,,51,,,4,,,24,,43,2,,,Elektra,1/4/1967,The Doors,1967
3890,The Doors,,,,,,,BPI,Gold,,MC,Platinum,,RIAA,Platinum,,SNEP,Gold,,25,,,,,,,,,,,,,,,,September,,,,10,,,,,,,,,,,,3,,,Elektra,9/25/1967,Strange Days,1967
3891,The Doors,,,,,,,BPI,Gold,,MC,Platinum,,RIAA,Platinum,,SNEP,Gold,,3,,,,,,,,,,,,,,,,July,,,3,1,20,,,,,,,,,,16,1,,,Elektra,7/3/1968,Waiting for the Sun,1968
3892,The Doors,ARIA,Gold,,,,,BPI,Silver,,MC,Platinum,,RIAA,Platinum,,,,,21,,,,,,,,,,,,,,,,July,,,4,8,33,,,,4,,,,,,,6,,,Elektra,7/21/1969,The Soft Parade,1969
3893,The Doors,ARIA,Platinum,,,,,BPI,Gold,,MC,Platinum,,RIAA,Platinum,,SNEP,Platinum,,9,,,,,,,,,,,,,,,,February,4,,3,32,,,,,6,13,,,,,12,4,,,Elektra,2/9/1970,Morrison Hotel,1970
3894,The Doors,ARIA,Platinum,,,,,BPI,Gold,,MC,Platinum,,RIAA,Platinum,,SNEP,Platinum,,19,,,,,,,,,,,,,,,,April,9,,11,4,,,,,1,15,,,,,28,9,,,Elektra,4/19/1971,L.A. Woman,1971
3895,The Doors,,,,,,,,,,,,,,,,,,,18,,,,,,,,,,,,,,,,October,,,36,,,,,,,,,,,,,31,,,Elektra,10/18/1971,Other Voices,1971
3896,The Doors,,,,,,,,,,,,,,,,,,,17,,,,,,,,,,,,,,,,July,,,26,,,,,,,,,,,,,68,,,Elektra,7/17/1972,Full Circle,1972
3897,The Doors,,,,,,,,,,,,,RIAA,Platinum,,,,,27,,,,,,,,,,,,,,,,November,80,,,,79,,,,,27,,,,,,54,,,Elektra,11/27/1978,An American Prayer,1978
3898,Clyde McPhatter,,,,,,,,,,,,,,,,,,,1,,,,,,,,,,,,,,,,January,,,,,,,,,,,,,,,,,,,Atlantic,1/1/1956,Clyde McPhatter & the Drifters,1956
3899,Clyde McPhatter,,,,,,,,,,,,,,,,,,,1,,,,,,,,,,,,,,,,January,,,,,,,,,,,,,,,,,,,Atlantic,1/1/1958,Rockin' & Driftin',1958
3900,Clyde McPhatter,,,,,,,,,,,,,,,,,,,1,,,,,,,,,,,,,,,,January,,,,,,,,,,,,,,,,,,,Atlantic,1/1/1960,Greatest Hits (compilation),1960
3901,Clyde McPhatter,,,,,,,,,,,,,,,,,,,1,,,,,,,,,,,,,,,,January,,,,,,,,,,,,,,,,,,,Atlantic,1/1/1962,Save the Last Dance for Me,1962
3902,Clyde McPhatter,,,,,,,BPI,Gold,,,,,,,,,,,1,,,,,,,,,,,,,,,,January,,,,,,,,,,,,,,,12,110,,,Atlantic,1/1/1963,Up on the Roof - The Best of the Drifters (compilation),1963
3903,Clyde McPhatter,,,,,,,,,,,,,,,,,,,1,,,,,,,,,,,,,,,,January,,,,,,,,,,,,,,,,40,,,Atlantic,1/1/1964,Under the Boardwalk,1964
3904,Clyde McPhatter,,,,,,,,,,,,,,,,,,,1,,,,,,,,,,,,,,,,January,,,,,,,,,,,,,,,,103,,,Atlantic,1/1/1965,The Good Life with the Drifters,1965
3905,Clyde McPhatter,,,,,,,,,,,,,,,,,,,1,,,,,,,,,,,,,,,,January,,,,,,,,,,,,,,,,,,,Atlantic,1/1/1966,I'll Take You Where the Music's Playing,1966
3906,Clyde McPhatter,,,,,,,,,,,,,,,,,,,1,,,,,,,,,,,,,,,,January,,,,,,,,,,,,,,,26,122,,33,Atlantic,1/1/1968,The Drifters Golden Hits (compilation),1968
3907,Clyde McPhatter,,,,,,,,,,,,,,,,,,,1,,,,,,,,,,,,,,,,January,,,,,,,,,,,,,,,,,,,Atlantic,1/1/1971,Their Greatest Recordings: The Early Years (compilation),1971
3908,Clyde McPhatter,,,,,,,,,,,,,,,,,,,1,,,,,,,,,,,,,,,,January,,,,,,,,,,,,,,,,,,,Bell,1/1/1973,The Drifters Now,1973
3909,Clyde McPhatter,,,,,,,BPI,Platinum,,,,,,,,,,,1,,,,,,,,,,,,,,,,January,,,,,,,,,,,,,,,2,,,,Atlantic,1/1/1975,24 Original Hits,1975
3910,Clyde McPhatter,,,,,,,BPI,Silver,,,,,,,,,,,1,,,,,,,,,,,,,,,,January,,,,,,,,,,,,,,,51,,,,Bell,1/1/1975,Love Games,1975
3911,Clyde McPhatter,,,,,,,,,,,,,,,,,,,1,,,,,,,,,,,,,,,,January,,,,,,,,,,,,,,,,,,,Bell,1/1/1975,There Goes My First Love,1975
3912,Clyde McPhatter,,,,,,,,,,,,,,,,,,,1,,,,,,,,,,,,,,,,January,,,,,,,,,,,,,,,,,,,Bell,1/1/1976,Every Nite's a Saturday Night,1976
3913,Clyde McPhatter,,,,,,,BPI,Gold,,,,,,,,,,,1,,,,,,,,,,,,,,,,January,,,,,,,,,,,,,,,24,,,,Telstar,1/1/1986,The Very Best Of (compilation),1986
3914,Clyde McPhatter,,,,,,,BPI,Gold,,,,,,,,,,,1,,,,,,,,,,,,,,,,January,,,,,,,,,,,,,,,8,,,,Atlantic,1/1/2003,The Definitive Drifters (compilation),2003
3915,Clyde McPhatter,,,,,,,,,,,,,,,,,,,1,,,,,,,,,,,,,,,,January,,,,,,,,,,,,,,,46,,,,Warner Music,1/1/2006,The Very Best of the Drifters (compilation),2006
3916,Clyde McPhatter,,,,,,,,,,,,,,,,,,,1,,,,,,,,,,,,,,,,January,,,,,,,,,,,,,,,,,,,"Atlantic, Rhino",1/1/2017,An Introduction to: The Drifters (compilation),2017
3917,The Everly Brothers,,,,,,,,,,,,,,,,,,,1,,,,,,,,,,,,,,,,December,,,,,,,,,,,,,,,,16,,,Cadence Records,12/1/1957,The Everly Brothers,1957
3918,The Everly Brothers,,,,,,,,,,,,,,,,,,,1,,,,,,,,,,,,,,,,December,,,,,,,,,,,,,,,,,,,Cadence Records,12/1/1958,Songs Our Daddy Taught Us,1958
3919,The Everly Brothers,,,,,,,,,,,,,,,,,,,1,,,,,,,,,,,,,,,,May,,,,,,,,,,,,,,,2,9,,,Warner Bros. Records,5/1/1960,It's Everly Time,1960
3920,The Everly Brothers,,,,,,,,,,,,,,,,,,,1,,,,,,,,,,,,,,,,October,,,,,,,,,,,,,,,3,9,,,Warner Bros. Records,10/1/1960,A Date with the Everly Brothers,1960
3921,The Everly Brothers,,,,,,,,,,,,,,,,,,,1,,,,,,,,,,,,,,,,August,,,,,,,,,,,,,,,,,,,Warner Bros. Records,8/1/1961,Both Sides of an Evening,1961
3922,The Everly Brothers,,,,,,,,,,,,,,,,,,,1,,,,,,,,,,,,,,,,January,,,,,,,,,,,,,,,20,,,,Warner Bros. Records,1/1/1962,Instant Party!,1962
3923,The Everly Brothers,,,,,,,,,,,,,,,,,,,1,,,,,,,,,,,,,,,,November,,,,,,,,,,,,,,,,,,,Warner Bros. Records,11/1/1962,Christmas with the Everly Brothers,1962
3924,The Everly Brothers,,,,,,,,,,,,,,,,,,,1,,,,,,,,,,,,,,,,October,,,,,,,,,,,,,,,,,,,Warner Bros. Records,10/1/1963,The Everly Brothers Sing Great Country Hits,1963
3925,The Everly Brothers,,,,,,,,,,,,,,,,,,,1,,,,,,,,,,,,,,,,December,,,,,,,,,,,,,,,,,,,Warner Bros. Records,12/1/1964,"Gone, Gone, Gone",1964
3926,The Everly Brothers,,,,,,,,,,,,,,,,,,,1,,,,,,,,,,,,,,,,March,,,,,,,,,,,,,,,,,,,Warner Bros. Records,3/1/1965,Rock'n Soul,1965
3927,The Everly Brothers,,,,,,,,,,,,,,,,,,,1,,,,,,,,,,,,,,,,August,,,,,,,,,,,,,,,,141,,,Warner Bros. Records,8/1/1965,Beat & Soul,1965
3928,The Everly Brothers,,,,,,,,,,,,,,,,,,,1,,,,,,,,,,,,,,,,January,,,,,,,,,,,,,,,,,,,Warner Bros. Records,1/1/1966,In Our Image,1966
3929,The Everly Brothers,,,,,,,,,,,,,,,,,,,1,,,,,,,,,,,,,,,,July,,,,,,,,,,,,,,,,,,,Warner Bros. Records,7/1/1966,Two Yanks in England,1966
3930,The Everly Brothers,,,,,,,,,,,,,,,,,,,1,,,,,,,,,,,,,,,,February,,,,,,,,,,,,,,,,,,,Warner Bros. Records,2/1/1967,The Hit Sound of the Everly Brothers,1967
3931,The Everly Brothers,,,,,,,,,,,,,,,,,,,1,,,,,,,,,,,,,,,,July,,,,,,,,,,,,,,,,,,,Warner Bros. Records,7/1/1967,The Everly Brothers Sing,1967
3932,The Everly Brothers,,,,,,,,,,,,,,,,,,,1,,,,,,,,,,,,,,,,December,,,,,,,,,,,,,,,,,,,Warner Bros. Records,12/1/1968,Roots,1968
3933,The Everly Brothers,,,,,,,,,,,,,,,,,,,1,,,,,,,,,,,,,,,,March,,,,,,,,,,,,,,,,,,,RCA Victor,3/1/1972,Stories We Could Tell,1972
3934,The Everly Brothers,,,,,,,,,,,,,,,,,,,1,,,,,,,,,,,,,,,,December,,,,,,,,,,,,,,,,,,,RCA Victor,12/1/1972,Pass the Chicken & Listen,1972
3935,The Everly Brothers,,,,,,,,,,,,,,,,,,,1,,,,,,,,,,,,,,,,September,,,90,,,,,,,,,,,,36,38,24,,Mercury Records,9/1/1984,EB 84,1984
3936,The Everly Brothers,,,,,,,,,,,,,,,,,,,1,,,,,,,,,,,,,,,,January,,,82,,,,,,,,,,,,,83,22,,Mercury Records,1/1/1986,Born Yesterday,1986
3937,The Everly Brothers,,,,,,,,,,,,,,,,,,,1,,,,,,,,,,,,,,,,November,,,,,,,,,,,,,,,,,,,Mercury Records,11/1/1988,Some Hearts,1988
3938,The Everly Brothers,,,,,,,,,,,,,,,,,,,1,,,,,,,,,,,,,,,,July,,,,,,,,,,,,,,,,,,,Warner Bros. Records,7/1/1970,The Everly Brothers Show,1970
3939,The Everly Brothers,,,,,,,,,,,,,,,,,,,1,,,,,,,,,,,,,,,,January,,,,,,,,,,,,,,,47,162,,,Passport Records,1/1/1983,The Everly Brothers Reunion Concert,1983
3940,The Everly Brothers,,,,,,,,,,,,,,,,,,,1,,,,,,,,,,,,,,,,January,,,,,,,,,,,,,,,,,,,BCI Music,1/1/1996,Everly Brothers Live,1996
3941,The Everly Brothers,,,,,,,,,,,,,,,,,,,1,,,,,,,,,,,,,,,,January,,,,,,,,,,,,,,,,,,,Big Beat Records,1/1/1997,The Everly Brothers Live in Paris 1963,1997
3942,The Famous Flames,,,,,,,,,,,,,,,,,,,1,,,,,,,,,,,,,,,,January,,,,,,,,,,,,,,,,,,,King,1/1/1958,Please Please Please,1958
3943,The Famous Flames,,,,,,,,,,,,,,,,,,,1,,,,,,,,,,,,,,,,January,,,,,,,,,,,,,,,,,,,King,1/1/1959,Try Me,1959
3944,The Famous Flames,,,,,,,,,,,,,,,,,,,1,,,,,,,,,,,,,,,,January,,,,,,,,,,,,,,,,,,,King,1/1/1960,Think!,1960
3945,The Famous Flames,,,,,,,,,,,,,,,,,,,1,,,,,,,,,,,,,,,,January,,,,,,,,,,,,,,,,,,,King,1/1/1961,The Amazing James Brown,1961
3946,The Famous Flames,,,,,,,,,,,,,,,,,,,1,,,,,,,,,,,,,,,,January,,,,,,,,,,,,,,,,,,,,1/1/1962,"""James Brown and His Famous Flames Tour the USA""",1962
3947,The Flamingos,,,,,,,,,,,,,,,,,,,1,,,,,,,,,,,,,,,,September,,,,,,,,,,,,,,,20,6,,,Vee-Jay,9/1/1962,Sherry & 11 Others,1962
3948,The Flamingos,,,,,,,,,,,,,,,,,,,1,,,,,,,,,,,,,,,,December,,,,,,,,,,,,,,,,13,,,Vee-Jay,12/1/1962,The 4 Seasons Greetings,1962
3949,The Flamingos,,,,,,,,,,,,,,,,,,,1,,,,,,,,,,,,,,,,February,,,,,,,,,,,,,,,,8,,,Vee-Jay,2/1/1963,Big Girls Don't Cry and Twelve Others...,1963
3950,The Flamingos,,,,,,,,,,,,,,,,,,,1,,,,,,,,,,,,,,,,June,,,,,,,,,,,,,,,,47,,,Vee-Jay,6/1/1963,The 4 Seasons Sing Ain't That a Shame and 11 Others,1963
3951,The Flamingos,,,,,,,,,,,,,,,,,,,1,,,,,,,,,,,,,,,,February,,,,,,,,,,,,,,,,84,,,Philips,2/1/1964,Born to Wander,1964
3952,The Flamingos,,,,,,,,,,,,,,,,,,,1,,,,,,,,,,,,,,,,March,,,,,,,,,,,,,,,,6,,,Philips,3/1/1964,Dawn (Go Away) and 11 Other Great Songs,1964
3953,The Flamingos,,,,,,,,,,,,,,,,,,,1,,,,,,,,,,,,,,,,July,,,,,,,,,,,,,,,,7,,,Philips,7/1/1964,Rag Doll,1964
3954,The Flamingos,,,,,,,,,,,,,,,,,,,1,,,,,,,,,,,,,,,,March,,,,,,,,,,,,,,,,77,,,Philips,3/1/1965,The 4 Seasons Entertain You,1965
3955,The Flamingos,,,,,,,,,,,,,,,,,,,1,,,,,,,,,,,,,,,,November,,,,,,,,,,,,,,,,106,,,Philips,11/1/1965,The 4 Seasons Sing Big Hits by Burt Bacharach... Hal David... Bob Dylan...,1965
3956,The Flamingos,,,,,,,,,,,,,,,,,,,1,,,,,,,,,,,,,,,,January,,,,,,,,,,,,,,,,50,,,Philips,1/1/1966,Working My Way Back to You and More Great New Hits,1966
3957,The Flamingos,,,,,,,,,,,,,,,,,,,1,,,,,,,,,,,,,,,,May,,,,,,,,,,,,,,,,37,,,Philips,5/1/1967,New Gold Hits,1967
3958,The Flamingos,,,,,,,,,,,,,,,,,,,1,,,,,,,,,,,,,,,,January,,,,,,,,,,,,,,,,85,,,Philips,1/1/1969,The Genuine Imitation Life Gazette,1969
3959,The Flamingos,,,,,,,,,,,,,,,,,,,1,,,,,,,,,,,,,,,,May,,,,,,,,,,,,,,,,190,,,Philips,5/1/1970,"Half & Half (half Four Seasons, half Frankie Valli solo)",1970
3960,The Flamingos,,,,,,,,,,,,,,,,,,,1,,,,,,,,,,,,,,,,May,,,,,,,,,,,,,,,,,,,MoWest,5/1/1972,Chameleon,1972
3961,The Flamingos,,,,,,,BPI,Gold,,,,,,,,,,,1,,,,,,,,,,,,,,,,November,,,,,,,,,,,,,,,12,38,,,Warner Bros.,11/1/1975,Who Loves You,1975
3962,The Flamingos,,,,,,,,,,,,,,,,,,,1,,,,,,,,,,,,,,,,April,,,,,,,,,,,,,,,,168,,,Warner Bros.,4/1/1977,Helicon,1977
3963,The Flamingos,,,,,,,,,,,,,,,,,,,1,,,,,,,,,,,,,,,,August,,,,,,,,,,,,,,,,,,,MCA/Curb,8/1/1985,Streetfighter,1985
3964,The Flamingos,,,,,,,,,,,,,,,,,,,1,,,,,,,,,,,,,,,,September,,,,,,,,,,,,,,,,,,,Curb,9/1/1992,Hope + Glory,1992
3965,The Flamingos,,,,,,,,,,,,,,,,,,,1,,,,,,,,,,,,,,,,January,,,,,,,,,,,,,,,,,,,Green Hill Records,1/1/2008,Jersey Babys: The Instrumental Music of Frankie Valli and the Four Seasons for Kids,2008
3966,The Flamingos,,,,,,,,,,,,,,,,,,,1,,,,,,,,,,,,,,,,June,,,,,,,,,,,,,,,,34,,,Philips,6/1/1967,The 4 Seasons Present Frankie Valli Solo,1967
3967,The Flamingos,,,,,,,,,,,,,,,,,,,1,,,,,,,,,,,,,,,,July,,,,,,,,,,,,,,,,176,,,Philips,7/1/1968,Timeless,1968
3968,The Flamingos,,,,,,,,,,,,,,,,,,,1,,,,,,,,,,,,,,,,February,70,,,,,,,,,,,,,,,51,,,Private Stock,2/1/1975,Closeup,1975
3969,The Flamingos,,,,,,,,,,,,,,,,,,,1,,,,,,,,,,,,,,,,September,,,,,,,,,,,,,,,,,,,MoWest,9/1/1975,Inside You,1975
3970,The Flamingos,,,,,,,,,,,,,,,,,,,1,,,,,,,,,,,,,,,,November,,,,,,,,,,,,,,,,107,,,Private Stock,11/1/1975,Our Day Will Come,1975
3971,The Flamingos,,,,,,,,,,,,,,,,,,,1,,,,,,,,,,,,,,,,September,,,,,,,,,,,,,,,,,,,Private Stock,9/1/1976,Valli,1976
3972,The Flamingos,,,,,,,,,,,,,,,,,,,1,,,,,,,,,,,,,,,,November,,,,,,,,,,,,,,,,,,,Private Stock,11/1/1977,Lady Put the Light Out,1977
3973,The Flamingos,,,,,,,,,,,,,,,,,,,1,,,,,,,,,,,,,,,,August,,,,,,,,,,,,,,,,160,,,Warner Bros,8/1/1978,Frankie Valli... Is the Word,1978
3974,The Flamingos,,,,,,,,,,,,,,,,,,,1,,,,,,,,,,,,,,,,November,,,,,,,,,,,,,,,,,,,MCA/Curb,11/1/1980,Heaven Above Me,1980
3975,The Four Seasons,,,,,,,,,,MC,Platinum,,RIAA,Platinum,,,,,8,,8-track,,,cassette,,,,,LP,,,,,,July,27,,2,,,,,,,,,,20,,,1,,,I.R.S.,7/8/1981,Beauty and the Beat,1981
3976,The Four Seasons,,,,,,,,,,,,,RIAA,Gold,,,,,20,,8-track,,,cassette,,,,,LP,,,,,,July,71,,24,,,,,,,,,,18,,75,8,,,I.R.S.,7/20/1982,Vacation,1982
3977,The Four Seasons,,,,,,,,,,,,,,,,,,,19,,8-track,,,cassette,CD,,,,LP,,,,,,March,,,64,,,,,,,,,,,,,18,,,I.R.S.,3/19/1984,Talk Show,1984
3978,The Four Seasons,,,,,,,,,,,,,,,,,,,15,,,,,cassette,CD,,,,,,,,,,May,,,,,,,,,,,,,,,,57,,,Beyond,5/15/2001,God Bless the Go-Go's,2001
3979,The Four Seasons,,,,,,,,,,MC,Platinum,,RIAA,Platinum,2,,,,8,,8-track,,,,,,,,LP,,,,,,July,27,,2,,,,,,,,,,20,,,1,,,I.R.S.,7/1/1981,Beauty and the Beat,1981
3980,The Four Seasons,,,,,,,,,,,,,RIAA,Gold,,,,,20,,8-track,,,,,,,,LP,,,,,,July,71,,24,,,,,,44,,,,18,,75,8,,,I.R.S.,7/20/1982,Vacation,1982
3981,The Four Seasons,,,,,,,,,,,,,,,,,,,19,,8-track,,,,CD,,,,LP,,,,,,March,,,64,,,,,,,,,,,,,18,,,I.R.S.,3/19/1984,Talk Show,1984
3982,The Four Seasons,,,,,,,,,,,,,,,,,,,15,,,,,,CD,,,,,,,,,,May,,,,,,,,,,,,,,,,57,,,Beyond,5/15/2001,God Bless the Go-Go's,2001
3983,The Hollies,,,,,,,,,,,,,,,,,,,1,,,,,,,,,,,,,,,,January,,,,,,,,,,,,,,,2,,,,Parlophone,1/1/1964,Stay with The Hollies,1964
3984,The Hollies,,,,,,,,,,,,,,,,,,,1,,,,,,,,,,,,,,,,November,,,,,,,,,,,,,,,,,,,Parlophone,11/1/1964,In The Hollies Style,1964
3985,The Hollies,,,,,,,,,,,,,,,,,,,1,,,,,,,,,,,,,,,,September,,,,,,,,,,,,,,,8,145,,,Parlophone,9/1/1965,Hollies,1965
3986,The Hollies,,,,,,,,,,,,,,,,,,,1,,,,,,,,,,,,,,,,June,,,,,,,,,,,,,,,16,,,,Parlophone,6/1/1966,Would You Believe?,1966
3987,The Hollies,,,,,,,,,,,,,,,,,,,1,,,,,,,,,,,,,,,,October,,,,,,,,,,,,,,,,75,,,Imperial,10/1/1966,Bus Stop,1966
3988,The Hollies,,,,,,,,,,,,,,,,,,,9,,,,,,,,,,,,,,,,December,,,,,,,,,,4,,,,,23,91,,,Parlophone,12/9/1966,For Certain Because,1966
3989,The Hollies,,,,,,,,,,,,,,,,,,,1,,,,,,,,,,,,,,,,June,,,,,,,,,,3,,,,,13,43,,,Parlophone,6/1/1967,Evolution,1967
3990,The Hollies,,,,,,,,,,,,,,,,,,,1,,,,,,,,,,,,,,,,November,,,,,,,,,,,,,,,,,,,Parlophone,11/1/1967,Butterfly,1967
3991,The Hollies,,,,,,,,,,,,,,,,,,,1,,,,,,,,,,,,,,,,May,,,,,,,,,,,,,,,3,,,,Parlophone,5/1/1969,Hollies Sing Dylan,1969
3992,The Hollies,,,,,,,,,,,,,,,,,,,1,,,,,,,,,,,,,,,,November,20,,38,,,,,,,,,,,,,32,,,Parlophone,11/1/1969,Hollies Sing Hollies,1969
3993,The Hollies,,,,,,,,,,,,,,,,,,,1,,,,,,,,,,,,,,,,November,8,,,,,,,,,,,,,,30,183,,,Parlophone,11/1/1970,Confessions of the Mind,1970
3994,The Hollies,,,,,,,,,,,,,,,,,,,8,,,,,,,,,,,,,,,,October,28,,17,,,,,,,28,,,,,,21,,,Parlophone,10/8/1971,Distant Light,1971
3995,The Hollies,,,,,,,,,,,,,,,,,,,1,,,,,,,,,,,,,,,,November,57,,29,,,,,,,,,,,,,84,,,Polydor,11/1/1972,Romany,1972
3996,The Hollies,,,,,,,,,,,,,,,,,,,1,,,,,,,,,,,,,,,,June,,,,,,,,,,,,,,,,,,,Hansa,6/1/1973,Out on the Road,1973
3997,The Hollies,,,,,,,,,,,,,,,,,,,1,,,,,,,,,,,,,,,,March,53,,15,,,,,,,,,,,,38,28,,,Polydor,3/1/1974,Hollies,1974
3998,The Hollies,,,,,,,,,,,,,,,,,,,1,,,,,,,,,,,,,,,,February,71,,,,,,,,,,21,,,,,123,,,Polydor,2/1/1975,Another Night,1975
3999,The Hollies,,,,,,,,,,,,,,,,,,,1,,,,,,,,,,,,,,,,January,63,,,,,,,,,,9,,,,,,,,Polydor,1/1/1976,Write On,1976
4000,The Hollies,,,,,,,,,,,,,,,,,,,1,,,,,,,,,,,,,,,,December,,,,,,,,,,,,,,,,,,,Polydor,12/1/1976,Russian Roulette,1976
4001,The Hollies,,,,,,,,,,,,,,,,,,,1,,,,,,,,,,,,,,,,March,,,,,,,,,,,,,,,4,,,,Polydor,3/1/1977,Hollies Live Hits,1977
4002,The Hollies,,,,,,,,,,,,,,,,,,,1,,,,,,,,,,,,,,,,March,,,,,,,,,,,,,,,,,,,Polydor,3/1/1978,A Crazy Steal,1978
4003,The Hollies,,,,,,,,,,,,,,,,,,,1,,,,,,,,,,,,,,,,March,,,,,,,,,,,,,,,,,,,Polydor,3/1/1979,Five Three One - Double Seven O Four,1979
4004,The Hollies,,,,,,,,,,,,,,,,,,,1,,,,,,,,,,,,,,,,October,,,,,,,,,,,,,,,,,,,Polydor,10/1/1980,Buddy Holly,1980
4005,The Hollies,,,,,,,,,,,,,,,,,,,1,,,,,,,,,,,,,,,,July,,,,,,,,,,,,,,,,90,,,WEA,7/1/1983,What Goes Around...,1983
4006,The Hollies,,,,,,,,,,,,,,,,,,,20,,,,,,,,,,,,,,,,February,,,,,,,,,,,,,,,,,,,EMI,2/20/2006,Staying Power,2006
4007,The Hollies,,,,,,,,,,,,,,,,,,,4,,,,,,,,,,,,,,,,March,,,,,,,,,,,,,,,,,,,EMI,3/4/2009,"Then, Now, Always",2009
4008,The Impressions,,,,,,,,,,,,,,,,,,,1,,,,,,,,,,,,,,,,January,,,,,,,,,,,,,,,,,,,ABC-Paramount,1/1/1963,The Impressions,1963
4009,The Impressions,,,,,,,,,,,,,,,,,,,1,,,,,,,,,,,,,,,,January,,,,,,,,,,,,,,,,,,,ABC-Paramount,1/1/1964,The Never Ending Impressions,1964
4010,The Impressions,,,,,,,,,,,,,,,,,,,1,,,,,,,,,,,,,,,,January,,,,,,,,,,,,,,,,,,4,ABC-Paramount,1/1/1964,Keep On Pushing,1964
4011,The Impressions,,,,,,,,,,,,,,,,,,,1,,,,,,,,,,,,,,,,January,,,,,,,,,,,,,,,,,,1,ABC-Paramount,1/1/1965,People Get Ready,1965
4012,The Impressions,,,,,,,,,,,,,,,,,,,1,,,,,,,,,,,,,,,,January,,,,,,,,,,,,,,,,,,4,ABC-Paramount,1/1/1965,One by One,1965
4013,The Impressions,,,,,,,,,,,,,,,,,,,1,,,,,,,,,,,,,,,,January,,,,,,,,,,,,,,,,,,4,ABC-Paramount,1/1/1966,Ridin' High,1966
4014,The Impressions,,,,,,,,,,,,,,,,,,,1,,,,,,,,,,,,,,,,January,,,,,,,,,,,,,,,,,,16,ABC,1/1/1967,The Fabulous Impressions,1967
4015,The Impressions,,,,,,,,,,,,,,,,,,,1,,,,,,,,,,,,,,,,January,,,,,,,,,,,,,,,,,,4,ABC,1/1/1968,We're a Winner,1968
4016,The Impressions,,,,,,,,,,,,,,,,,,,1,,,,,,,,,,,,,,,,January,,,,,,,,,,,,,,,,,,5,Curtom,1/1/1968,This Is My Country,1968
4017,The Impressions,,,,,,,,,,,,,,,,,,,1,,,,,,,,,,,,,,,,January,,,,,,,,,,,,,,,,,,,ABC,1/1/1969,The Versatile Impressions,1969
4018,The Impressions,,,,,,,,,,,,,,,,,,,1,,,,,,,,,,,,,,,,January,,,,,,,,,,,,,,,,,,21,Curtom,1/1/1969,The Young Mods' Forgotten Story,1969
4019,The Impressions,,,,,,,,,,,,,,,,,,,1,,,,,,,,,,,,,,,,January,,,,,,,,,,,,,,,,,,22,Curtom,1/1/1970,Check Out Your Mind!,1970
4020,The Impressions,,,,,,,,,,,,,,,,,,,1,,,,,,,,,,,,,,,,January,,,,,,,,,,,,,,,,,,,Curtom,1/1/1972,Times Have Changed,1972
4021,The Impressions,,,,,,,,,,,,,,,,,,,1,,,,,,,,,,,,,,,,January,,,,,,,,,,,,,,,,,,31,Curtom,1/1/1973,Preacher Man,1973
4022,The Impressions,,,,,,,,,,,,,,,,,,,1,,,,,,,,,,,,,,,,January,,,,,,,,,,,,,,,,,,16,Curtom,1/1/1974,Finally Got Myself Together,1974
4023,The Impressions,,,,,,,,,,,,,,,,,,,1,,,,,,,,,,,,,,,,January,,,,,,,,,,,,,,,,,,13,Curtom,1/1/1975,First Impressions,1975
4024,The Impressions,,,,,,,,,,,,,,,,,,,1,,,,,,,,,,,,,,,,January,,,,,,,,,,,,,,,,,,24,Curtom,1/1/1976,Loving Power,1976
4025,The Impressions,,,,,,,,,,,,,,,,,,,1,,,,,,,,,,,,,,,,January,,,,,,,,,,,,,,,,,,,Cotillion Records,1/1/1976,It's About Time,1976
4026,The Impressions,,,,,,,,,,,,,,,,,,,1,,,,,,,,,,,,,,,,January,,,,,,,,,,,,,,,,,,,Chi-Sound,1/1/1979,Come to My Party,1979
4027,The Impressions,,,,,,,,,,,,,,,,,,,1,,,,,,,,,,,,,,,,January,,,,,,,,,,,,,,,,,,,Chi-Sound,1/1/1981,Fan the Fire,1981
4028,The Isley Brothers,,,,,,,,,,,,,,,,,,,1,,,,,,,,,,,,,,,,January,,,,,,,,,,,,,,,,,,,RCA Victor,1/1/1959,Shout!,1959
4029,The Isley Brothers,,,,,,,,,,,,,,,,,,,1,,,,,,,,,,,,,,,,January,,,,,,,,,,,,,,,,61,,,Wand,1/1/1962,Twist & Shout,1962
4030,The Isley Brothers,,,,,,,,,,,,,,,,,,,1,,,,,,,,,,,,,,,,January,,,,,,,,,,,,,,,,,,,United Artists,1/1/1963,Twisting and Shouting,1963
4031,The Isley Brothers,,,,,,,,,,,,,,,,,,,1,,,,,,,,,,,,,,,,January,,,,,,,,,,,,,,,23,140,,15,Tamla,1/1/1966,This Old Heart of Mine,1966
4032,The Isley Brothers,,,,,,,,,,,,,,,,,,,1,,,,,,,,,,,,,,,,January,,,,,,,,,,,,,,,,,,,Tamla,1/1/1967,Soul on the Rocks,1967
4033,The Isley Brothers,,,,,,,,,,,,,,,,,,,1,,,,,,,,,,,,,,,,January,,,24,,,,,,,,,,,,,22,,2,T-Neck,1/1/1969,It's Our Thing,1969
4034,The Isley Brothers,,,,,,,,,,,,,,,,,,,1,,,,,,,,,,,,,,,,January,,,,,,,,,,,,,,,,180,,20,T-Neck,1/1/1969,The Brothers: Isley,1969
4035,The Isley Brothers,,,,,,,,,,,,,,,,,,,1,,,,,,,,,,,,,,,,January,,,,,,,,,,,,,,,,,,,T-Neck,1/1/1970,Get into Something,1970
4036,The Isley Brothers,,,,,,,,,,,,,,,,,,,1,,,,,,,,,,,,,,,,January,,,,,,,,,,,,,,,,71,,13,T-Neck,1/1/1971,Givin' It Back,1971
4037,The Isley Brothers,,,,,,,,,,,,,,,,,,,1,,,,,,,,,,,,,,,,January,,,,,,,,,,,,,,,,29,,5,T-Neck,1/1/1972,"Brother, Brother, Brother",1972
4038,The Isley Brothers,,,,,,,BPI,Silver,,,,,RIAA,Platinum,,,,,1,,,,,,,,,,,,,,,,January,,,66,,,,,,,,,,,,,8,,2,T-Neck,1/1/1973,3 + 3,1973
4039,The Isley Brothers,,,,,,,,,,,,,RIAA,Platinum,,,,,1,,,,,,,,,,,,,,,,January,,,17,,,,,,,,,,,,,14,,1,T-Neck,1/1/1974,Live It Up,1974
4040,The Isley Brothers,,,,,,,,,,,,,RIAA,Platinum,,,,,1,,,,,,,,,,,,,,,,January,99,,25,,,,,,,,,,,,,1,,1,T-Neck,1/1/1975,The Heat Is On,1975
4041,The Isley Brothers,,,,,,,,,,,,,RIAA,Platinum,,,,,1,,,,,,,,,,,,,,,,January,,,32,,,,,,,,,,,,50,9,,1,T-Neck,1/1/1976,Harvest for the World,1976
4042,The Isley Brothers,,,,,,,,,,,,,RIAA,Platinum,,,,,1,,,,,,,,,,,,,,,,January,,,39,,,,,,,,,,,,46,6,,1,T-Neck,1/1/1977,Go for Your Guns,1977
4043,The Isley Brothers,,,,,,,,,,,,,RIAA,Platinum,,,,,1,,,,,,,,,,,,,,,,January,,,68,,,,,,,,,,,,50,4,,1,T-Neck,1/1/1978,Showdown,1978
4044,The Isley Brothers,,,,,,,,,,,,,RIAA,Gold,,,,,1,,,,,,,,,,,,,,,,January,,,,,,,,,,,,,,,,14,,3,T-Neck,1/1/1979,Winner Takes All,1979
4045,The Isley Brothers,,,,,,,,,,,,,RIAA,Platinum,,,,,1,,,,,,,,,,,,,,,,January,,,,,,,,,,,,,,,,8,,1,T-Neck,1/1/1980,Go All the Way,1980
4046,The Isley Brothers,,,,,,,,,,,,,RIAA,Gold,,,,,1,,,,,,,,,,,,,,,,January,,,,,,,,,,,,,,,,28,,3,T-Neck,1/1/1981,Grand Slam,1981
4047,The Isley Brothers,,,,,,,,,,,,,,,,,,,1,,,,,,,,,,,,,,,,January,,,,,,,,,,,,,,,,45,,8,T-Neck,1/1/1981,Inside You,1981
4048,The Isley Brothers,,,,,,,,,,,,,,,,,,,1,,,,,,,,,,,,,,,,January,,,,,,,,,,,,,,,,87,,9,T-Neck,1/1/1982,The Real Deal,1982
4049,The Isley Brothers,,,,,,,,,,,,,RIAA,Platinum,,,,,1,,,,,,,,,,,,,,,,January,,,,,,,,,,,,,,,,19,,1,T-Neck,1/1/1983,Between the Sheets,1983
4050,The Isley Brothers,,,,,,,,,,,,,,,,,,,1,,,,,,,,,,,,,,,,January,,,,,,,,,,,,,,,,140,,19,Warner Bros.,1/1/1985,Masterpiece,1985
4051,The Isley Brothers,,,,,,,,,,,,,,,,,,,1,,,,,,,,,,,,,,,,January,,,,,,,,,,,,,,,,64,,5,Warner Bros.,1/1/1987,Smooth Sailin',1987
4052,The Isley Brothers,,,,,,,,,,,,,,,,,,,1,,,,,,,,,,,,,,,,January,,,,,,,,,,,,,,,,89,,4,Warner Bros.,1/1/1989,Spend the Night,1989
4053,The Isley Brothers,,,,,,,,,,,,,,,,,,,1,,,,,,,,,,,,,,,,January,,,,,,,,,,,,,,,,140,,19,Warner Bros.,1/1/1992,Tracks of Life,1992
4054,The Isley Brothers,,,,,,,,,,,,,RIAA,Platinum,,,,,1,,,,,,,,,,,,,,,,January,,,,,,,,,,,,,,,,31,,2,Island,1/1/1996,Mission to Please,1996
4055,The Isley Brothers,,,,,,,,,,,,,RIAA,Platinum,,,,,1,,,,,,,,,,,,,,,,January,,,,,,,,,50,,,,,,,3,,1,DreamWorks,1/1/2001,Eternal,2001
4056,The Isley Brothers,,,,,,,,,,,,,RIAA,Gold,,,,,1,,,,,,,,,,,,,,,,January,,,,,,,,,,,,,,,,1,,1,DreamWorks,1/1/2003,Body Kiss,2003
4057,The Isley Brothers,,,,,,,,,,,,,,,,,,,1,,,,,,,,,,,,,,,,January,,,,,,,,,,,,,,,,5,,1,Def Soul,1/1/2006,Baby Makin' Music,2006
4058,The Isley Brothers,,,,,,,,,,,,,,,,,,,1,,,,,,,,,,,,,,,,January,,,,,,,,,,,,,,,,,,38,Def Soul,1/1/2007,I'll Be Home for Christmas,2007
4059,The Isley Brothers,,,,,,,,,,,,,,,,,,,1,,,,,,,,,,,,,,,,January,,,,,,,,,,,,,,,,64,,32,Sony Legacy,1/1/2017,Power of Peace (with Santana),2017
4060,The Isley Brothers,,,,,,,,,,,,,,,,,,,1,,,,,,,,,,,,,,,,January,,,,,,,,,,,,,,,,,,,BFD/BSMF,1/1/2022,"Make Me Say It Again, Girl",2022
4061,The Jackson 5,,,,,,,,,,,,,,,,,,,8,,,,,,,,,,,,,,,,December,17,,10,,,,,,,,,,,,16,5,,,Motown,12/8/1969,Diana Ross Presents The Jackson 5,1969
4062,The Jackson 5,,,,,,,,,,,,,,,,,,,8,,,,,,,,,,,,,,,,May,14,,25,,,,,,,,,,,,22,4,,,Motown,5/8/1970,ABC,1970
4063,The Jackson 5,,,,,,,,,,,,,,,,,,,8,,,,,,,,,,,,,,,,September,,,9,,,,,,,,,,,,,4,,,Motown,9/8/1970,Third Album,1970
4064,The Jackson 5,,,,,,,,,,,,,,,,,,,15,,,,,,,,,,,,,,,,October,,,45,,,,,,,40,,,30,,,36,,,Motown,10/15/1970,Jackson 5 Christmas Album,1970
4065,The Jackson 5,,,,,,,,,,,,,,,,,,,12,,,,,,,,,,,,,,,,April,,,16,,,,,,,,,,,,,11,,,Motown,4/12/1971,Maybe Tomorrow,1971
4066,The Jackson 5,,,,,,,BPI,Silver,,,,,,,,,,,17,,,,,,,,,,,,,,,,May,,,16,,,,,,,,,,,,16,7,,,Motown,5/17/1972,Lookin' Through the Windows,1972
4067,The Jackson 5,,,,,,,,,,,,,,,,,,,29,,,,,,,,,,,,,,,,March,41,,60,,,,,,,,,,,,,44,,,Motown,3/29/1973,Skywriter,1973
4068,The Jackson 5,,,,,,,,,,,,,,,,,,,12,,,,,,,,,,,,,,,,September,,,,,,,,,,,,,,,,100,,,Motown,9/12/1973,G.I.T.: Get It Together,1973
4069,The Jackson 5,,,,,,,,,,,,,,,,,,,5,,,,,,,,,,,,,,,,September,,,12,,,,,,,,,,,,,16,,,Motown,9/5/1974,Dancing Machine,1974
4070,The Jackson 5,,,,,,,,,,,,,,,,,,,15,,,,,,,,,,,,,,,,May,,,,,,,,,,,,,,,,36,,,Motown,5/15/1975,Moving Violation,1975
4071,The Jackson 5,,,,,,,,,,,,,RIAA,Gold,,,,,5,,,,,,,,,,,,,,,,November,,,4,,,,,,,,,,,,53,36,,,Epic,11/5/1976,The Jacksons,1976
4072,The Jackson 5,,,,,,,,,,,,,,,,,,,18,,,,,,,,,,,,,,,,October,,,,,,,,,,,,,,,45,63,,,Epic,10/18/1977,Goin' Places,1977
4073,The Jackson 5,ARIA,Platinum,,,,,,,,,,,RIAA,Platinum,,,,,1,,,,,,,,,,,,,,,,November,5,,3,,,,,,,,37,,,,33,11,,,"Epic, CBS",11/1/1978,Destiny,1978
4074,The Jackson 5,ARIA,Platinum,,,,,BPI,Gold,,,,,RIAA,Platinum,,,,,26,,,,,,,,,,,,,,,,September,3,,7,,,,,,,,8,,46,,13,10,,,"Epic, CBS",9/26/1980,Triumph,1980
4075,The Jackson 5,ARIA,Gold,,,,,BPI,Gold,,,,,RIAA,Platinum,,,,,2,,,,,,,,,,,,,,,,July,2,,1,,,,,,,6,19,,7,,3,4,,,"Epic, CBS",7/2/1984,Victory,1984
4076,The Jackson 5,,,,,,,,,,,,,,,,,,,23,,,,,,,,,,,,,,,,May,81,,78,,,,,,,,,,23,,39,59,,,"Epic, CBS",5/23/1989,2300 Jackson Street,1989
4077,The Kinks,,,,,,,,,,,,,,,,,,,1,,,,,,,,,,,,,,,,January,,,,60,7,,,,,,,,,,3,29,,,Pye,1/1/1964,Kinks,1964
4078,The Kinks,,,,,,,,,,,,,,,,,,,1,,,,,,,,,,,,,,,,January,,,,,,,,,,,,,,,,13,,,Reprise,1/1/1965,Kinks-Size,1965
4079,The Kinks,,,,,,,,,,,,,,,,,,,1,,,,,,,,,,,,,,,,January,,,,,12,,,,,,,,,,3,60,,,Pye,1/1/1965,Kinda Kinks,1965
4080,The Kinks,,,,,,,,,,,,,,,,,,,1,,,,,,,,,,,,,,,,January,,,,,,,,,,,,,,,,47,,,Reprise,1/1/1965,Kinkdom,1965
4081,The Kinks,,,,,,,,,,,,,,,,,,,1,,,,,,,,,,,,,,,,January,,,,,8,,,,,,,,,,9,95,,,Pye,1/1/1965,The Kink Kontroversy,1965
4082,The Kinks,,,,,,,,,,,,,,,,,,,1,,,,,,,,,,,,,,,,January,,,,,12,,,,,9,,,,,12,135,,,Reprise,1/1/1966,Face to Face,1966
4083,The Kinks,,,,,,,,,,,,,,,,,,,1,,,,,,,,,,,,,,,,January,,,,50,31,,,,,12,,,,,35,153,,,Pye,1/1/1967,Something Else by the Kinks,1967
4084,The Kinks,,,,,,,BPI,Gold,,,,,,,,,,,1,,,,,,,,,,,,,,,,January,,,,,84,,,,,,,,,,47,,,,Pye,1/1/1968,The Kinks Are the Village Green Preservation Society,1968
4085,The Kinks,,,,,,,,,,,,,,,,,,,1,,,,,,,,,,,,,,,,January,,,54,,68,,,,,,,,,,,105,,,Reprise,1/1/1969,Arthur (Or the Decline and Fall of the British Empire),1969
4086,The Kinks,,,,,,,,,,,,,,,,,,,1,,,,,,,,,,,,,,,,January,24,,33,,,,,,,,,,,,,35,,,Reprise,1/1/1970,"Lola Versus Powerman and the Moneygoround, Part One",1970
4087,The Kinks,,,,,,,,,,,,,,,,,,,1,,,,,,,,,,,,,,,,January,,,,,,,,,,,,,,,,,,,Pye,1/1/1971,Percy,1971
4088,The Kinks,,,,,,,,,,,,,,,,,,,1,,,,,,,,,,,,,,,,January,36,,,,,,,,,,,,,,,100,,,RCA,1/1/1971,Muswell Hillbillies,1971
4089,The Kinks,,,,,,,,,,,,,,,,,,,1,,,,,,,,,,,,,,,,January,38,,63,,,,,,,,,,,,,70,,,RCA,1/1/1972,Everybody's in Show-Biz,1972
4090,The Kinks,,,,,,,,,,,,,,,,,,,1,,,,,,,,,,,,,,,,January,92,,,,,,,,,,,,,,,177,,,RCA,1/1/1973,Preservation Act 1,1973
4091,The Kinks,,,,,,,,,,,,,,,,,,,1,,,,,,,,,,,,,,,,January,,,,,,,,,,,,,,,,114,,,RCA,1/1/1974,Preservation Act 2,1974
4092,The Kinks,,,,,,,,,,,,,,,,,,,1,,,,,,,,,,,,,,,,January,,,86,,,,,,,,,,,,,51,,,RCA,1/1/1975,The Kinks Present a Soap Opera,1975
4093,The Kinks,,,,,,,,,,,,,,,,,,,1,,,,,,,,,,,,,,,,January,,,,,,,,,18,,,,,,,45,,,RCA,1/1/1975,The Kinks Present Schoolboys in Disgrace,1975
4094,The Kinks,,,,,,,,,,,,,,,,,,,1,,,,,,,,,,,,,,,,January,,,13,,,,,,,,,,29,,,21,,,Arista,1/1/1977,Sleepwalker,1977
4095,The Kinks,,,,,,,,,,,,,,,,,,,1,,,,,,,,,,,,,,,,January,79,,48,,,,,,,,,,34,,,40,,,Arista,1/1/1978,Misfits,1978
4096,The Kinks,,,,,,,,,,MC,Platinum,,RIAA,Gold,,,,,1,,,,,,,,,,,,,,,,January,85,,13,,,,,,,,,,46,,,11,,,Arista,1/1/1979,Low Budget,1979
4097,The Kinks,,,,,,,,,,MC,Gold,,RIAA,Gold,,,,,1,,,,,,,,,,,,,,,,January,,,11,,,,,,,28,,,23,,,15,,,Arista,1/1/1981,Give the People What They Want,1981
4098,The Kinks,,,,,,,,,,MC,Gold,,,,,,,,1,,,,,,,,,,,,,,,,January,96,,14,,55,,,,,10,44,,23,,,12,,,Arista,1/1/1983,State of Confusion,1983
4099,The Kinks,,,,,,,,,,,,,,,,,,,1,,,,,,,,,,,,,,,,January,,,60,,,,,,,,,,50,,,57,,,Arista,1/1/1984,Word of Mouth,1984
4100,The Kinks,,,,,,,,,,,,,,,,,,,1,,,,,,,,,,,,,,,,January,97,,78,,,,,,,,,,,,,81,,,MCA,1/1/1986,Think Visual,1986
4101,The Kinks,,,,,,,,,,,,,,,,,,,1,,,,,,,,,,,,,,,,January,,,,,,,,,,,,,,,,122,,,MCA,1/1/1989,UK Jive,1989
4102,The Kinks,,,,,,,,,,,,,,,,,,,1,,,,,,,,,,,,,,,,January,,,,,92,,,,,,,,,,,166,,,Columbia,1/1/1993,Phobia,1993
4103,The Lovin' Spoonful,,,,,,,,,,,,,,,,,,,1,,,,,,,,,,,,,,,,October,,,,,,,,,,,,,,,,32,,,Kama Sutra,10/1/1965,Do You Believe in Magic,1965
4104,The Lovin' Spoonful,,,,,,,,,,,,,,,,,,,1,,,,,,,,,,,,,,,,March,,,,,,,,,,,,,,,8,10,,,Kama Sutra,3/1/1966,Daydream,1966
4105,The Lovin' Spoonful,,,,,,,,,,,,,,,,,,,1,,,,,,,,,,,,,,,,November,,,8,,,,,,,9,,,,,,14,,,Kama Sutra,11/1/1966,Hums of the Lovin' Spoonful,1966
4106,The Lovin' Spoonful,,,,,,,,,,,,,,,,,,,1,,,,,,,,,,,,,,,,December,,,,,,,,,,,,,,,,118,,,Kama Sutra,12/1/1967,Everything Playing,1967
4107,The Lovin' Spoonful,,,,,,,,,,,,,,,,,,,1,,,,,,,,,,,,,,,,October,,,,,,,,,,,,,,,,,,,Kama Sutra,10/1/1968,Revelation: Revolution '69,1968
4108,The Mamas & the Papas,,,,,,,,,,,,,RIAA,Platinum,,,,,1,,,,,,,,,,,,,,,,February,,,,,,,,,,,,,,,3,1,,,Dunhill,2/1/1966,If You Can Believe Your Eyes and Ears,1966
4109,The Mamas & the Papas,,,,,,,,,,,,,RIAA,Gold,,,,,1,,,,,,,,,,,,,,,,September,,,10,,14,,,,,,,,,,24,4,,,Dunhill,9/1/1966,The Mamas & the Papas,1966
4110,The Mamas & the Papas,,,,,,,,,,,,,RIAA,Gold,,,,,1,,,,,,,,,,,,,,,,February,,,3,,30,,,,,,,,,,4,2,,,Dunhill,2/1/1967,Deliver,1967
4111,The Mamas & the Papas,,,,,,,,,,,,,,,,,,,1,,,,,,,,,,,,,,,,May,,,,,,,,,,,,,,,,15,,,Dunhill,5/1/1968,The Papas & the Mamas,1968
4112,The Mamas & the Papas,,,,,,,,,,,,,,,,,,,1,,,,,,,,,,,,,,,,November,,,55,,,,,,,,,,,,,84,,,Dunhill,11/1/1971,People Like Us,1971
4113,The Midnighters,,,,,,,,,,,,,,,,,,,1,,,,,,,,,,,,,,,,January,,,,,,,,,,,,,,,,,,,King Records,1/1/1958,Volume 2,1958
4114,The Midnighters,,,,,,,,,,,,,,,,,,,1,,,,,,,,,,,,,,,,January,,,,,,,,,,,,,,,,,,,King Records,1/1/1959,Singin' and Swingin',1959
4115,The Midnighters,,,,,,,,,,,,,,,,,,,1,,,,,,,,,,,,,,,,January,,,,,,,,,,,,,,,,,,,King Records,1/1/1960,The One and Only,1960
4116,The Midnighters,,,,,,,,,,,,,,,,,,,1,,,,,,,,,,,,,,,,January,,,,,,,,,,,,,,,,,,,King Records,1/1/1960,Mr. Rhythm and Blues,1960
4117,The Midnighters,,,,,,,,,,,,,,,,,,,1,,,,,,,,,,,,,,,,January,,,,,,,,,,,,,,,,,,,King Records,1/1/1961,Dance Along,1961
4118,The Midnighters,,,,,,,,,,,,,,,,,,,1,,,,,,,,,,,,,,,,January,,,,,,,,,,,,,,,,,,,King Records,1/1/1961,Spotlight on Hank Ballard,1961
4119,The Midnighters,,,,,,,,,,,,,,,,,,,1,,,,,,,,,,,,,,,,January,,,,,,,,,,,,,,,,,,,King Records,1/1/1962,The Twistin' Fools,1962
4120,The Midnighters,,,,,,,,,,,,,,,,,,,1,,,,,,,,,,,,,,,,January,,,,,,,,,,,,,,,,,,,King Records,1/1/1962,Jumpin',1962
4121,The Miracles,,,,,,,,,,,,,,,,,,,1,,,,,,,,,,,,,,,,January,,,,,,,,,,,,,,,,,,,Tamla,1/1/1961,Hi... We're the Miracles,1961
4122,The Miracles,,,,,,,,,,,,,,,,,,,1,,,,,,,,,,,,,,,,January,,,,,,,,,,,,,,,,,,,Tamla,1/1/1961,Cookin' with the Miracles,1961
4123,The Miracles,,,,,,,,,,,,,,,,,,,1,,,,,,,,,,,,,,,,January,,,,,,,,,,,,,,,,,,,Tamla,1/1/1962,I'll Try Something New,1962
4124,The Miracles,,,,,,,,,,,,,,,,,,,1,,,,,,,,,,,,,,,,January,,,,,,,,,,,,,,,,118,,,Tamla,1/1/1963,The Fabulous Miracles,1963
4125,The Miracles,,,,,,,,,,,,,,,,,,,1,,,,,,,,,,,,,,,,January,,,,,,,,,,,,,,,,139,,,Tamla,1/1/1963,The Miracles Recorded Live on Stage,1963
4126,The Miracles,,,,,,,,,,,,,,,,,,,1,,,,,,,,,,,,,,,,January,,,,,,,,,,,,,,,,,,,Tamla,1/1/1963,Christmas with The Miracles,1963
4127,The Miracles,,,,,,,,,,,,,,,,,,,1,,,,,,,,,,,,,,,,January,,,,,,,,,,,,,,,,113,,,Tamla,1/1/1963,The Miracles Doin' Mickey's Monkey,1963
4128,The Miracles,,,,,,,,,,,,,,,,,,,1,,,,,,,,,,,,,,,,January,,,,,,,,,,,,,,,,,,,Tamla,1/1/1964,I Like It Like That,1964
4129,The Miracles,,,,,,,,,,,,,,,,,,,1,,,,,,,,,,,,,,,,January,,,,,,,,,,,,,,,,8,,1,Tamla,1/1/1965,Going to a Go-Go,1965
4130,The Miracles,,,,,,,,,,,,,,,,,,,1,,,,,,,,,,,,,,,,January,,,,,,,,,,,,,,,,41,,3,Tamla,1/1/1966,Away We a Go-Go,1966
4131,The Miracles,,,,,,,,,,,,,,,,,,,1,,,,,,,,,,,,,,,,January,,,,,,,,,,,,,,,,28,,3,Tamla,1/1/1967,Make It Happen (re-issued as The Tears of a Clown in 1970),1967
4132,The Miracles,,,,,,,,,,,,,,,,,,,1,,,,,,,,,,,,,,,,January,,,,,,,,,,,,,,,,42,,1,Tamla,1/1/1968,Special Occasion,1968
4133,The Miracles,,,,,,,,,,,,,,,,,,,1,,,,,,,,,,,,,,,,January,,,,,,,,,,,,,,,,71,,7,Tamla,1/1/1969,Smokey Robinson & the Miracles LIVE!,1969
4134,The Miracles,,,,,,,,,,,,,,,,,,,1,,,,,,,,,,,,,,,,January,,,,,,,,,,,,,,,,25,,,Tamla,1/1/1969,Time Out for Smokey Robinson & The Miracles,1969
4135,The Miracles,,,,,,,,,,,,,,,,,,,1,,,,,,,,,,,,,,,,January,,,,,,,,,,,,,,,,78,,3,Tamla,1/1/1969,Four in Blue,1969
4136,The Miracles,,,,,,,,,,,,,,,,,,,1,,,,,,,,,,,,,,,,January,,,,,,,,,,,,,,,,97,,9,Tamla,1/1/1970,What Love Has...Joined Together,1970
4137,The Miracles,,,,,,,,,,,,,,,,,,,1,,,,,,,,,,,,,,,,January,,,,,,,,,,,,,,,,56,,10,Tamla,1/1/1970,A Pocket Full of Miracles,1970
4138,The Miracles,,,,,,,,,,,,,,,,,,,1,,,,,,,,,,,,,,,,January,,,,,,,,,,,,,,,,,,,Tamla,1/1/1970,The Season for Miracles (Christmas album),1970
4139,The Miracles,,,,,,,,,,,,,,,,,,,1,,,,,,,,,,,,,,,,January,,,,,,,,,,,,,,,,92,,17,Tamla,1/1/1971,One Dozen Roses,1971
4140,The Miracles,,,,,,,,,,,,,,,,,,,1,,,,,,,,,,,,,,,,January,,,,,,,,,,,,,,,,46,,31,Tamla,1/1/1972,Flying High Together (last studio album with Smokey Robinson),1972
4141,The Miracles,,,,,,,,,,,,,,,,,,,1,,,,,,,,,,,,,,,,January,,,,,,,,,,,,,,,,75,,14,Tamla,1/1/1972,Smokey Robinson & The Miracles: 1957 - 1972,1972
4142,The Miracles,,,,,,,,,,,,,,,,,,,1,,,,,,,,,,,,,,,,January,,,,,,,,,,,,,,,,174,,33,Tamla,1/1/1973,Renaissance,1973
4143,The Miracles,,,,,,,,,,,,,,,,,,,1,,,,,,,,,,,,,,,,January,,,,,,,,,,,,,,,,41,,4,Tamla,1/1/1974,Do It Baby,1974
4144,The Miracles,,,,,,,,,,,,,,,,,,,1,,,,,,,,,,,,,,,,January,,,,,,,,,,,,,,,,96,,7,Tamla,1/1/1975,Don't Cha Love It,1975
4145,The Miracles,,,,,,,,,,,,,,,,,,,1,,,,,,,,,,,,,,,,January,81,,,,,,,,,,,,,,,33,,29,Tamla,1/1/1975,City of Angels,1975
4146,The Miracles,,,,,,,,,,,,,,,,,,,1,,,,,,,,,,,,,,,,January,,,,,,,,,,,,,,,,178,,35,Tamla,1/1/1976,The Power of Music,1976
4147,The Miracles,,,,,,,,,,,,,,,,,,,1,,,,,,,,,,,,,,,,January,,,,,,,,,,,,,,,,117,,31,,1/1/1977,Love Crazy,1977
4148,The Miracles,,,,,,,,,,,,,,,,,,,1,,,,,,,,,,,,,,,,January,,,,,,,,,,,,,,,,,,,,1/1/1978,The Miracles,1978
4149,The Moody Blues,,,,,,,,,,,,,,,,,,,23,,,,,,,,,,,,,,,,July,,,,,,,,,,,,,,,,,,,Decca,7/23/1965,The Magnificent Moodies (US title: Go Now: The Moody Blues #1),1965
4150,The Moody Blues,,,,,,,BPI,Silver,,MC,Platinum,,RIAA,Platinum,,,,,10,,,,,,,,,,,,,,,,November,10,,3,,,,,,,,,,,,27,3,,,Deram,11/10/1967,Days of Future Passed,1967
4151,The Moody Blues,,,,,,,BPI,Silver,,MC,Platinum,,RIAA,Gold,,,,,26,,,,,,,,,,,,,,,,July,,,37,,30,,,,,,,,,,5,23,,,Deram,7/26/1968,In Search of the Lost Chord,1968
4152,The Moody Blues,,,,,,,BPI,Silver,,MC,Platinum,,RIAA,Platinum,,,,,25,,,,,,,,,,,,,,,,April,,,26,,37,,,,,12,,,,,1,20,,,Deram,4/25/1969,On the Threshold of a Dream,1969
4153,The Moody Blues,,,,,,,,,,MC,Platinum,,RIAA,Gold,,,,,21,,,,,,,,,,,,,,,,November,,,11,,,,,,,,,,,,2,14,,,Threshold,11/21/1969,To Our Children's Children's Children,1969
4154,The Moody Blues,,,,,,,,,,MC,Platinum,,RIAA,Platinum,,,,,7,,,,,,,,,,,,,,,,August,2,,3,,,,,,8,5,,,,,1,3,,,Threshold,8/7/1970,A Question of Balance,1970
4155,The Moody Blues,,,,,,,,,,MC,Platinum,,RIAA,Gold,,,,,23,,,,,,,,,,,,,,,,July,5,,2,,44,,,,6,5,,,,,1,2,,,Threshold,7/23/1971,Every Good Boy Deserves Favour,1971
4156,The Moody Blues,,,,,,,,,,MC,Platinum,,RIAA,Gold,,,,,23,,,,,,,,,,,,,,,,October,2,,1,,38,,,,7,10,,,,,5,1,,,Threshold,10/23/1972,Seventh Sojourn,1972
4157,The Moody Blues,,,,,,,BPI,Gold,,MC,Platinum,,RIAA,Platinum,,,,,9,,,,,,,,,,,,,,,,June,,,9,,15,,,,7,9,14,,12,,6,13,,,Decca,6/9/1978,Octave,1978
4158,The Moody Blues,,,,,,,BPI,Silver,,MC,Platinum,,RIAA,Platinum,,,,,15,,,,,,,,,,,,,,,,May,7,,1,,28,,,,16,12,8,,46,,7,1,,,Threshold,5/15/1981,Long Distance Voyager,1981
4159,The Moody Blues,,,,,,,,,,MC,Gold,,,,,,,,2,,,,,,,,,,,,,,,,September,,,11,,33,,,,26,14,26,,35,,15,26,,,Threshold,9/2/1983,The Present,1983
4160,The Moody Blues,,,,,,,,,,MC,Platinum,,RIAA,Platinum,,,,,21,,,,,,,,,,,,,,,,April,34,,46,,56,,,,65,,,,,,24,9,,,Polydor,4/21/1986,The Other Side of Life,1986
4161,The Moody Blues,,,,,,,,,,MC,Gold,,,,,,,,13,,,,,,,,,,,,,,,,June,35,,35,,,,,,,,,,,,21,38,,,Polydor,6/13/1988,Sur la Mer,1988
4162,The Moody Blues,,,,,,,,,,,,,,,,,,,1,,,,,,,,,,,,,,,,July,,,29,,,,,,67,,,,,,54,94,,,Polydor,7/1/1991,Keys of the Kingdom,1991
4163,The Moody Blues,,,,,,,,,,,,,,,,,,,17,,,,,,,,,,,,,,,,August,,,,,,,,,,,,,,,92,93,,,Universal,8/17/1999,Strange Times,1999
4164,The Moody Blues,,,,,,,,,,,,,,,,,,,28,,,,,,,,,,,,,,,,October,,,,,,,,,,,,,,,,,,,Universal,10/28/2003,December,2003
4165,The Notorious B.I.G.,,,,,,,BPI,Platinum,,,,,RIAA,Platinum,,,,,13,,,,,cassette,CD,,digital download,,LP,,,,,,September,,,,118,,,,,,,,,,,,15,,,Bad BoyArista,9/13/1994,Ready to Die,1994
4166,The Notorious B.I.G.,,,,,,,BPI,Platinum,,MC,Platinum,,RIAA,Platinum,,,,,25,,,,,cassette,CD,,digital download,,LP,,,,,,March,59,,3,,,,,,16,,28,,30,,23,1,,,Bad BoyArista,3/25/1997,Life After Death,1997
4167,The O'Jays,,,,,,,,,,,,,,,,,,,1,,,,,,,,,,,,,,,,January,,,,,,,,,,,,,,,,,,,Imperial,1/1/1965,Comin' Through,1965
4168,The O'Jays,,,,,,,,,,,,,,,,,,,1,,,,,,,,,,,,,,,,January,,,,,,,,,,,,,,,,,,,Minit,1/1/1967,Soul Sounds,1967
4169,The O'Jays,,,,,,,,,,,,,,,,,,,1,,,,,,,,,,,,,,,,January,,,,,,,,,,,,,,,,,,,Bell,1/1/1968,Back on Top,1968
4170,The O'Jays,,,,,,,,,,,,,,,,,,,1,,,,,,,,,,,,,,,,January,,,,,,,,,,,,,,,,156,,37,Neptune,1/1/1970,In Philadelphia,1970
4171,The O'Jays,,,,,,,,,,,,,,,,,,,1,,,,,,,,,,,,,,,,January,,,,,,,,,,,,,,,,,,,Trip,1/1/1971,Super Bad,1971
4172,The O'Jays,,,,,,,,,,,,,RIAA,Gold,,,,,1,,,,,,,,,,,,,,,,January,,,49,,,,,,,,,,,,,10,,3,Philadelphia International,1/1/1972,Back Stabbers,1972
4173,The O'Jays,,,,,,,,,,,,,RIAA,Platinum,,,,,1,,,,,,,,,,,,,,,,January,,,36,,,,,,,,,,,,,11,,1,Philadelphia International,1/1/1973,Ship Ahoy,1973
4174,The O'Jays,,,,,,,,,,,,,RIAA,Gold,,,,,1,,,,,,,,,,,,,,,,January,91,,41,,,,,,,,,,,,,11,,1,Philadelphia International,1/1/1975,Survival,1975
4175,The O'Jays,,,,,,,,,,,,,RIAA,Platinum,,,,,1,,,,,,,,,,,,,,,,January,,,81,,,,,,,,,,,,,7,,1,Philadelphia International,1/1/1975,Family Reunion,1975
4176,The O'Jays,,,,,,,,,,,,,RIAA,Gold,,,,,1,,,,,,,,,,,,,,,,January,,,83,,,,,,,,,,,,,20,,3,Philadelphia International,1/1/1976,Message in the Music,1976
4177,The O'Jays,,,,,,,,,,,,,RIAA,Gold,,,,,1,,,,,,,,,,,,,,,,January,,,,,,,,,,,,,,,,27,,6,Philadelphia International,1/1/1977,Travelin' at the Speed of Thought,1977
4178,The O'Jays,,,,,,,,,,,,,RIAA,Platinum,,,,,1,,,,,,,,,,,,,,,,January,,,83,,,,,,,,,,,,,6,,1,Philadelphia International,1/1/1978,So Full of Love,1978
4179,The O'Jays,,,,,,,,,,,,,RIAA,Platinum,,,,,1,,,,,,,,,,,,,,,,January,,,,,,,,,,,,,,,,16,,3,Philadelphia International,1/1/1979,Identify Yourself,1979
4180,The O'Jays,,,,,,,,,,,,,,,,,,,1,,,,,,,,,,,,,,,,January,,,,,,,,,,,,,,,,36,,6,TSOP,1/1/1980,The Year 2000,1980
4181,The O'Jays,,,,,,,,,,,,,,,,,,,1,,,,,,,,,,,,,,,,January,,,,,,,,,,,,,,,,49,,7,Philadelphia International,1/1/1982,My Favorite Person,1982
4182,The O'Jays,,,,,,,,,,,,,,,,,,,1,,,,,,,,,,,,,,,,January,,,,,,,,,,,,,,,,142,,19,Philadelphia International,1/1/1983,When Will I See You Again,1983
4183,The O'Jays,,,,,,,,,,,,,,,,,,,1,,,,,,,,,,,,,,,,January,,,,,,,,,,,,,,,,,,35,Philadelphia International,1/1/1984,Love and More,1984
4184,The O'Jays,,,,,,,,,,,,,,,,,,,1,,,,,,,,,,,,,,,,January,,,,,,,,,,,,,,,,121,,20,Philadelphia International,1/1/1985,Love Fever,1985
4185,The O'Jays,,,,,,,,,,,,,,,,,,,1,,,,,,,,,,,,,,,,January,,,,,,,,,,,,,,,,66,,3,Philadelphia International,1/1/1987,Let Me Touch You,1987
4186,The O'Jays,,,,,,,,,,,,,,,,,,,1,,,,,,,,,,,,,,,,January,,,,,,,,,,,,,,,,114,,4,EMI America,1/1/1989,Serious,1989
4187,The O'Jays,,,,,,,,,,,,,RIAA,Gold,,,,,1,,,,,,,,,,,,,,,,January,,,,,,,,,,,,,,,,73,,2,EMI America,1/1/1991,Emotionally Yours,1991
4188,The O'Jays,,,,,,,,,,,,,,,,,,,1,,,,,,,,,,,,,,,,January,,,,,,,,,,,,,,,,,,78,EMI America,1/1/1991,Home for Christmas,1991
4189,The O'Jays,,,,,,,,,,,,,,,,,,,1,,,,,,,,,,,,,,,,January,,,,,,,,,,,,,,,,75,,7,EMI America,1/1/1993,Heartbreaker,1993
4190,The O'Jays,,,,,,,,,,,,,,,,,,,1,,,,,,,,,,,,,,,,January,,,,,,,,,,,,,,,,75,,14,Volcano,1/1/1997,Love You to Tears,1997
4191,The O'Jays,,,,,,,,,,,,,,,,,,,1,,,,,,,,,,,,,,,,January,,,,,,,,,,,,,,,,53,,11,MCA,1/1/2001,For the Love...,2001
4192,The O'Jays,,,,,,,,,,,,,,,,,,,1,,,,,,,,,,,,,,,,January,,,,,,,,,,,,,,,,,,36,Philadelphia International,1/1/2004,Together We Are One,2004
4193,The O'Jays,,,,,,,,,,,,,,,,,,,1,,,,,,,,,,,,,,,,January,,,,,,,,,,,,,,,,178,,19,Sanctuary,1/1/2004,Imagination,2004
4194,The O'Jays,,,,,,,,,,,,,,,,,,,1,,,,,,,,,,,,,,,,January,,,,,,,,,,,,,,,,,,45,Saguaro Road,1/1/2010,Christmas with the O'Jays,2010
4195,The O'Jays,,,,,,,,,,,,,,,,,,,1,,,,,,,,,,,,,,,,January,,,,,,,,,,,,,,,,,,26,S-Curve,1/1/2019,The Last Word,2019
4196,The Paul Butterfield Blues Band,,,,,,,,,,,,,,,,,,,1,,,,,,,,,,,,,,,,January,,,,,,,,,,,,,,,,123,,,Elektra,1/1/1967,The Paul Butterfield Blues Band,1965
4197,The Paul Butterfield Blues Band,,,,,,,,,,,,,,,,,,,1,,,,,,,,,,,,,,,,January,,,,,,,,,,,,,,,,65,,,Elektra,1/1/1966,East-West,1966
4198,The Paul Butterfield Blues Band,,,,,,,,,,,,,,,,,,,1,,,,,,,,,,,,,,,,January,,,,,,,,,,,,,,,,52,,,Elektra,1/1/1967,The Resurrection of Pigboy Crabshaw,1967
4199,The Paul Butterfield Blues Band,,,,,,,,,,,,,,,,,,,1,,,,,,,,,,,,,,,,January,,,,,,,,,,,,,,,,79,,,Elektra,1/1/1968,In My Own Dream,1968
4200,The Paul Butterfield Blues Band,,,,,,,,,,,,,,,,,,,1,,,,,,,,,,,,,,,,January,,,,,,,,,,,,,,,,102,,,Elektra,1/1/1969,Keep On Moving,1969
4201,The Paul Butterfield Blues Band,,,,,,,,,,,,,,,,,,,1,,,,,,,,,,,,,,,,January,,,,,,,,,,,,,,,,124,,,,1/1/1971,Sometimes I Just Feel Like Smilin',1971
4202,Gladys Knight & the Pips,,,,,,,,,,,,,,,,,,,1,,,,,,,,,,,,,,,,January,,,,,,,,,,,,,,,,,,,Fury,1/1/1962,Letter Full of Tears,1962
4203,Gladys Knight & the Pips,,,,,,,,,,,,,,,,,,,1,,,,,,,,,,,,,,,,January,,,,,,,,,,,,,,,,,,,Maxx,1/1/1965,Gladys Knight and the Pips,1965
4204,Gladys Knight & the Pips,,,,,,,,,,,,,,,,,,,1,,,,,,,,,,,,,,,,January,,,,,,,,,,,,,,,,60,,12,Motown,1/1/1967,Everybody Needs Love,1967
4205,Gladys Knight & the Pips,,,,,,,,,,,,,,,,,,,1,,,,,,,,,,,,,,,,January,,,,,,,,,,,,,,,,158,,12,Motown,1/1/1968,Feelin' Bluesy,1968
4206,Gladys Knight & the Pips,,,,,,,,,,,,,,,,,,,1,,,,,,,,,,,,,,,,January,,,,,,,,,,,,,,,,136,,11,Motown,1/1/1968,Silk N' Soul,1968
4207,Gladys Knight & the Pips,,,,,,,,,,,,,,,,,,,1,,,,,,,,,,,,,,,,January,,,,,,,,,,,,,,,,81,,11,Motown,1/1/1969,Nitty Gritty,1969
4208,Gladys Knight & the Pips,,,,,,,,,,,,,,,,,,,1,,,,,,,,,,,,,,,,January,,,,,,,,,,,,,,,,35,,4,Motown,1/1/1971,If I Were Your Woman,1971
4209,Gladys Knight & the Pips,,,,,,,,,,,,,,,,,,,1,,,,,,,,,,,,,,,,January,,,,,,,,,,,,,,,,60,,11,Motown,1/1/1971,Standing Ovation,1971
4210,Gladys Knight & the Pips,,,,,,,,,,,,,,,,,,,1,,,,,,,,,,,,,,,,January,,,,,,,,,,,,,,,,9,,1,Motown,1/1/1973,Neither One of Us,1973
4211,Gladys Knight & the Pips,,,,,,,,,,,,,,,,,,,1,,,,,,,,,,,,,,,,January,,,,,,,,,,,,,,,,70,,14,Motown,1/1/1973,All I Need Is Time,1973
4212,Gladys Knight & the Pips,,,,,,,,,,MC,Gold,,RIAA,Gold,,,,,1,,,,,,,,,,,,,,,,January,27,,22,,,,,,,,,,,,,9,,1,Buddah,1/1/1973,Imagination,1973
4213,Gladys Knight & the Pips,,,,,,,,,,,,,,,,,,,1,,,,,,,,,,,,,,,,January,,,,,,,,,,,,,,,,139,,29,Soul,1/1/1974,Knight Time,1974
4214,Gladys Knight & the Pips,,,,,,,BPI,Silver,,,,,RIAA,Gold,,,,,1,,,,,,,,,,,,,,,,January,24,,16,,,,,,,,,,,,20,17,,1,Buddah,1/1/1974,I Feel a Song,1974
4215,Gladys Knight & the Pips,,,,,,,,,,,,,,,,,,,1,,,,,,,,,,,,,,,,January,,,,,,,,,,,,,,,,164,,32,Soul,1/1/1975,A Little Knight Music,1975
4216,Gladys Knight & the Pips,,,,,,,,,,,,,RIAA,Gold,,,,,1,,,,,,,,,,,,,,,,January,,,91,,,,,,,,,,,,,24,,4,Buddah,1/1/1975,2nd Anniversary,1975
4217,Gladys Knight & the Pips,,,,,,,,,,,,,,,,,,,1,,,,,,,,,,,,,,,,January,,,,,,,,,,,,,,,,,,,Buddah,1/1/1975,Bless This House,1975
4218,Gladys Knight & the Pips,,,,,,,,,,,,,,,,,,,1,,,,,,,,,,,,,,,,January,,,,,,,,,,,,,,,42,51,,18,Buddah,1/1/1977,Still Together,1977
4219,Gladys Knight & the Pips,,,,,,,,,,,,,,,,,,,1,,,,,,,,,,,,,,,,January,,,,,,,,,,,,,,,,145,,30,Buddah,1/1/1978,The One and Only,1978
4220,Gladys Knight & the Pips,,,,,,,,,,,,,,,,,,,1,,,,,,,,,,,,,,,,January,,,,,,,,,,,,,,,,48,,5,Columbia,1/1/1980,About Love,1980
4221,Gladys Knight & the Pips,,,,,,,,,,,,,,,,,,,1,,,,,,,,,,,,,,,,January,,,,,,,,,,,,,,,,,,45,Columbia,1/1/1980,That Special Time of Year,1980
4222,Gladys Knight & the Pips,,,,,,,,,,,,,,,,,,,1,,,,,,,,,,,,,,,,January,,,,,,,,,,,,,,,,109,,22,Columbia,1/1/1981,Touch,1981
4223,Gladys Knight & the Pips,,,,,,,,,,,,,RIAA,Gold,,,,,1,,,,,,,,,,,,,,,,January,,,,,,,,,,,,,,,,34,,3,Columbia,1/1/1983,Visions,1983
4224,Gladys Knight & the Pips,,,,,,,,,,,,,,,,,,,1,,,,,,,,,,,,,,,,January,,,,,,,,,,,,,,,,126,,31,Columbia,1/1/1985,Life,1985
4225,Gladys Knight & the Pips,,,,,,,,,,,,,RIAA,Gold,,,,,1,,,,,,,,,,,,,,,,January,,,,,,,,,,,,,,,80,39,,1,MCA,1/1/1987,All Our Love,1987
4226,Gladys Knight & the Pips,,,,,,,,,,,,,,,,,,,1,,,,,,,,,,,,,,,,January,,,,,,,,,,,,,,,,,,,Casablanca,1/1/1977,At Last… The Pips,1977
4227,Gladys Knight & the Pips,,,,,,,,,,,,,,,,,,,1,,,,,,,,,,,,,,,,January,,,,,,,,,,,,,,,,,,,Casablanca,1/1/1978,Callin',1978
4228,The Police,ARIA,Platinum,,BMVI,Gold,,BPI,Platinum,,MC,Platinum,,RIAA,Platinum,,,,,17,,,,,,,,,,,,,,,,November,15,,22,,,,,,2,,6,,,,6,23,,,A&M,11/17/1978,Outlandos d'Amour,1978
4229,The Police,ARIA,Platinum,,BMVI,Gold,,BPI,Platinum,,MC,Platinum,,RIAA,Platinum,,,,,5,,,,,,,,,,,,,,,,October,1,,3,,16,,,,1,,4,2,21,,1,25,,,A&M,10/5/1979,Reggatta de Blanc,1979
4230,The Police,ARIA,Platinum,,BMVI,Gold,,BPI,Platinum,,MC,Platinum,,RIAA,Platinum,,,,,3,,,,,,,,,,,,,,,,October,1,,2,,5,,,16,2,,3,1,8,,1,5,,,A&M,10/3/1980,Zenyatta Mondatta,1980
4231,The Police,,,,BMVI,Gold,,BPI,Platinum,,MC,Platinum,,RIAA,Platinum,,,,,2,,,,,,,,,,,,,,,,October,1,,1,,4,,,29,1,,5,2,6,,1,2,,,A&M,10/2/1981,Ghost in the Machine,1981
4232,The Police,,,,BMVI,Gold,,BPI,Platinum,,MC,Platinum,,RIAA,Platinum,,,,,17,,,,,,,,,,,,,,,,June,1,,1,,3,,,17,2,,1,1,4,,1,1,,,A&M,6/17/1983,Synchronicity,1983
4233,The Pretenders,ARIA,Platinum,,,,,BPI,Gold,,,,,RIAA,Platinum,,,,,11,,,,,cassette,CD,,,,LP,,,,,,January,6,,5,,,,,,14,24,2,,2,,1,9,,,Sire,1/11/1980,Pretenders,1980
4234,The Pretenders,,,,,,,BPI,Silver,,,,,RIAA,Gold,,,,,7,,,,,cassette,CD,,,,LP,,,,,,August,18,,9,,,,,,16,,1,,20,,7,10,,,Sire,8/7/1981,Pretenders II,1981
4235,The Pretenders,,,,,,,BPI,Gold,,,,,RIAA,Platinum,,,,,13,,,,,cassette,CD,,,,LP,,,,,,January,18,,4,,38,,,,11,18,19,,3,30,11,5,,,Sire,1/13/1984,Learning to Crawl,1984
4236,The Pretenders,,,,,,,BPI,Gold,,,,,RIAA,Gold,,,,,20,,,,,,CD,,,,LP,,,,,,October,12,,9,,33,,,,22,18,13,,6,22,6,25,,,Sire,10/20/1986,Get Close,1986
4237,The Pretenders,,,,,,,BPI,Silver,,,,,,,,,,,14,,,,,,CD,,,,LP,,,,,,May,55,,23,,48,,,,43,15,31,,7,,19,48,,,Sire,5/14/1990,Packed!,1990
4238,The Pretenders,,,,,,,BPI,Gold,,,,,RIAA,Gold,,,,,9,,,,,cassette,CD,,,,LP,,,,,,May,22,,25,,42,,,,50,16,14,,6,26,8,41,,,Sire,5/9/1994,Last of the Independents,1994
4239,The Pretenders,,,,,,,,,,,,,,,,,,,1,,,,,,CD,,,,LP,,,,,,May,,,,,73,,,,,,,,36,,32,158,,,Warner Bros.,5/1/1999,¡Viva El Amor!,1999
4240,The Pretenders,,,,,,,,,,,,,,,,,,,12,,,,,,CD,,,,LP,,,,,,November,,,,,,,,,,,,,,,55,179,,,Artemis / Eagle,11/12/2002,Loose Screw,2002
4241,The Pretenders,,,,,,,BPI,Gold,,,,,,,,,,,7,,,,,,CD,,digital download,,LP,,,,,,October,,,,,,,,,,,,,58,,35,32,,,Shangri-La Music / Rhino,10/7/2008,Break Up the Concrete,2008
4242,The Pretenders,,,,,,,,,,,,,,,,,,,21,,,,,,CD,,digital download,,LP,,,,,,October,,,,,,,,,,,,,,,40,150,,,BMG Rights Management,10/21/2016,Alone,2016
4243,The Pretenders,,,,,,,,,,,,,,,,,,,17,,,,,,CD,,digital download,,LP,,,,streaming,,July,,,,,21,,,,,,,,,11,29,,,,BMG Rights Management,7/17/2020,Hate for Sale,2020
4244,The Pretenders,,,,,,,,,,,,,,,,,,,15,,,,,,CD,,digital download,,LP,,,,streaming,,September,,,,,43,,,,,,,,,15,25,,,,Parlophone,9/15/2023,Relentless,2023
4245,The (Young) Rascals,,,,,,,,,,,,,RIAA,Gold,,,,,28,,,,,,,,,,,,,,,,March,,,,,,,,,,,,,,,,,,,Atlantic 8123,3/28/1966,The Young Rascals,1966
4246,The (Young) Rascals,,,,,,,,,,,,,RIAA,Gold,,,,,9,,,,,,,,,,,,,,,,January,,,,,,,,,,,,,,,,,,,Atlantic 8134 / SD-8134,1/9/1967,Collections,1967
4247,The (Young) Rascals,,,,,,,,,,,,,RIAA,Gold,,,,,31,,,,,,,,,,,,,,,,July,,,,,,,,,,,,,,,,,,,Atlantic 8148 / SD-8148,7/31/1967,Groovin',1967
4248,The (Young) Rascals,,,,,,,,,,,,,,,,,,,19,,,,,,,,,,,,,,,,February,,,,,,,,,,,,,,,,,,,Atlantic 8169 / SD-8169,2/19/1968,Once Upon a Dream,1968
4249,The (Young) Rascals,,,,,,,,,,,,,RIAA,Gold,,,,,17,,,,,,,,,,,,,,,,March,,,,,,,,,,,,,,,,,,,Atlantic SD 2-901 Mono is promo only. All remaining albums issued in Stereo only,3/17/1969,Freedom Suite,1969
4250,The (Young) Rascals,,,,,,,,,,,,,,,,,,,15,,,,,,,,,,,,,,,,December,,,,,,,,,,,,,,,,,,,Atlantic SD-8246,12/15/1969,See,1969
4251,The (Young) Rascals,,,,,,,,,,,,,,,,,,,1,,,,,,,,,,,,,,,,March,,,,,,,,,,,,,,,,,,,Atlantic SD-8276,3/1/1971,Search and Nearness,1971
4252,The (Young) Rascals,,,,,,,,,,,,,,,,,,,5,,,,,,,,,,,,,,,,May,,,,,,,,,,,,,,,,,,,Columbia G 30462,5/5/1971,Peaceful World,1971
4253,The (Young) Rascals,,,,,,,,,,,,,,,,,,,2,,,,,,,,,,,,,,,,May,,,,,,,,,,,,,,,,,,,Columbia KC 31103,5/2/1972,The Island of Real,1972
4254,The Righteous Brothers,,,,,,,,,,,,,,,,,,,1,,,,,,,,,,,,,,,,January,,,,,,,,,,,,,,,,11,,8,Moonglow Records,1/1/1963,Right Now!,1963
4255,The Righteous Brothers,,,,,,,,,,,,,,,,,,,1,,,,,,,,,,,,,,,,January,,,,,,,,,,,,,,,,14,,,Moonglow Records,1/1/1964,Some Blue-Eyed Soul,1964
4256,The Righteous Brothers,,,,,,,,,,,,,,,,,,,1,,,,,,,,,,,,,,,,January,,,,,,,,,,,,,,,,39,,,Moonglow Records,1/1/1965,This Is New!,1965
4257,The Righteous Brothers,,,,,,,,,,,,,,,,,,,1,,,,,,,,,,,,,,,,January,,,,,,,,,,,,,,,,4,,3,Philles Records,1/1/1965,You've Lost That Lovin' Feelin',1965
4258,The Righteous Brothers,,,,,,,,,,,,,,,,,,,1,,,,,,,,,,,,,,,,January,,,,,,,,,,,,,,,,9,,8,Philles Records,1/1/1965,Just Once in My Life…,1965
4259,The Righteous Brothers,,,,,,,,,,,,,,,,,,,1,,,,,,,,,,,,,,,,January,,,,,,,,,,,,,,,,16,,,Philles Records,1/1/1965,Back to Back,1965
4260,The Righteous Brothers,,,,,,,,,,,,,RIAA,Gold,,,,,1,,,,,,,,,,,,,,,,January,,,,,,,,,,,,,,,,7,,18,Verve Records,1/1/1966,Soul & Inspiration,1966
4261,The Righteous Brothers,,,,,,,,,,,,,,,,,,,1,,,,,,,,,,,,,,,,January,,,,,,,,,,,,,,,,32,,,Verve Records,1/1/1966,Go Ahead and Cry,1966
4262,The Righteous Brothers,,,,,,,,,,,,,,,,,,,1,,,,,,,,,,,,,,,,January,,,,,,,,,,,,,,,,155,,,Verve Records,1/1/1967,Sayin' Somethin',1967
4263,The Righteous Brothers,,,,,,,,,,,,,,,,,,,1,,,,,,,,,,,,,,,,January,,,,,,,,,,,,,,,,198,,,Verve Records,1/1/1967,Souled Out,1967
4264,The Righteous Brothers,,,,,,,,,,,,,,,,,,,1,,,,,,,,,,,,,,,,January,,,,,,,,,,,,,,,,,,,Verve Records,1/1/1967,Standards,1967
4265,The Righteous Brothers,,,,,,,,,,,,,,,,,,,1,,,,,,,,,,,,,,,,January,,,,,,,,,,,,,,,,187,,,Verve Records,1/1/1968,One for the Road,1968
4266,The Righteous Brothers,,,,,,,,,,,,,,,,,,,1,,,,,,,,,,,,,,,,January,,,,,,,,,,,,,,,,,,,Verve Records,1/1/1969,Re-Birth (Bobby Hatfield and Jimmy Walker),1969
4267,The Righteous Brothers,,,,,,,,,,,,,,,,,,,1,,,,,,,,,,,,,,,,January,83,,27,,,,,,,,,,,,,27,,,Haven Records,1/1/1974,Give It to the People,1974
4268,The Righteous Brothers,,,,,,,,,,,,,,,,,,,1,,,,,,,,,,,,,,,,January,,,,,,,,,,,,,,,,,,,Haven Records,1/1/1975,Sons of Mrs. Righteous,1975
4269,The Righteous Brothers,,,,,,,,,,,,,,,,,,,1,,,,,,CD,,,,,,,,,,January,,,,,,,,,,,,,,,,,,,Rock Canyon Records,1/1/2016,The Righteous Brothers (Bill Medley and Bucky Heard),2016
4270,The Rolling Stones,,,,,,,,,,,,,,,,,,,17,,,,,,,,,,,,,,,,April,1,,,45,2,,,,,,,,,,1,,,,Decca,4/17/1964,The Rolling Stones (UK),1964
4271,The Rolling Stones,,,,,,,,,,MC,Platinum,,RIAA,Gold,,,,,29,,,,,,,,,,,,,,,,May,,,,,,,,,,,,,,,,11,,,London,5/29/1964,England's Newest Hit Makers (US),1964
4272,The Rolling Stones,,,,,,,,,,,,,RIAA,Gold,,,,,17,,,,,,,,,,,,,,,,October,2,,,,,,,,,,,,,,,3,,,London,10/17/1964,12 X 5 (US),1964
4273,The Rolling Stones,,,,,,,,,,,,,,,,,,,15,,,,,,,,,,,,,,,,January,,,,45,1,,,,,,,,,,1,,,,Decca,1/15/1965,The Rolling Stones No. 2 (UK),1965
4274,The Rolling Stones,,,,,,,,,,,,,RIAA,Gold,,,,,13,,,,,,,,,,,,,,,,February,2,,,,,,,,,,,,,,,5,,,London,2/13/1965,"The Rolling Stones, Now! (US)",1965
4275,The Rolling Stones,,,,,,,,,,,,,RIAA,Platinum,,,,,30,,,,,,,,,,,,,,,,July,,,,,,,,,,,,,,,,1,,,London,7/30/1965,Out of Our Heads (US),1965
4276,The Rolling Stones,,,,,,,,,,,,,,,,,,,24,,,,,,,,,,,,,,,,September,2,,,,2,,,,,,,,,,2,,,,Decca,9/24/1965,Out of Our Heads (UK),1965
4277,The Rolling Stones,,,,,,,,,,,,,RIAA,Gold,,,,,3,,,,,,,,,,,,,,,,December,,,,,,,,,,,,,,,,4,,,London,12/3/1965,December's Children (And Everybody's) (US),1965
4278,The Rolling Stones,,,,,,,BPI,Gold,,,,,,,,,,,15,,,,,,,,,,,,,,,,April,2,,,,1,,,,,,,,,,1,,,,Decca,4/15/1966,Aftermath (UK),1966
4279,The Rolling Stones,,,,,,,,,,,,,RIAA,Platinum,,,,,1,,,,,,,,,,,,,,,,July,,,,,,,,,,,,,,,,2,,,London,7/1/1966,Aftermath (US),1966
4280,The Rolling Stones,,,,,,,,,,,,,,,,,,,20,,,,,,,,,,,,,,,,January,7,,,,2,,,,,2,,,,,3,,,,Decca,1/20/1967,Between the Buttons (UK),1967
4281,The Rolling Stones,,,,,,,,,,,,,RIAA,Gold,,,,,10,,,,,,,,,,,,,,,,February,,,,,,,,,,,,,,,,2,,,London,2/10/1967,Between the Buttons (US),1967
4282,The Rolling Stones,,,,,,,BPI,Silver,,,,,RIAA,Gold,,,,,8,,,,,,,,,,,,,,,,December,1,,,1,4,,,99,,2,,,,,3,2,,,Decca,12/8/1967,Their Satanic Majesties Request,1967
4283,The Rolling Stones,ARIA,Gold,,,,,BPI,Gold,,MC,Gold,,RIAA,Platinum,,,,,6,,,,,,,,,,,,,,,,December,3,,3,1,8,,,124,,2,,,,,3,5,,,Decca,12/6/1968,Beggars Banquet,1968
4284,The Rolling Stones,ARIA,Platinum,,,,,BPI,Platinum,,MC,Platinum,,RIAA,Platinum,,,,,28,,,,,,,,,,,,,,,,November,2,,4,1,3,,,11,1,2,,,2,,1,3,,,Decca,11/28/1969,Let It Bleed,1969
4285,The Rolling Stones,ARIA,Platinum,,,,,BPI,Platinum,,,,,RIAA,Platinum,,SNEP,Gold,,23,,,,,,,,,,,,,,,,April,1,,1,3,1,,,9,1,1,,,1,,1,1,,,Rolling Stones,4/23/1971,Sticky Fingers,1971
4286,The Rolling Stones,ARIA,Platinum,,,,,BPI,Platinum,,,,,RIAA,Platinum,,,,,26,,,,,,,,,,,,,,,,May,2,,1,97,2,,,7,1,1,,,1,,1,1,,,Rolling Stones,5/26/1972,Exile on Main St.,1972
4287,The Rolling Stones,,,,,,,BPI,Gold,,,,,RIAA,Platinum,,SNEP,Gold,,31,,,,,,,,,,,,,,,,August,1,,1,1,2,,,7,1,1,,,2,,1,1,,,Rolling Stones,8/31/1973,Goats Head Soup,1973
4288,The Rolling Stones,,,,,,,BPI,Gold,,,,,RIAA,Platinum,,,,,18,,,,,,,,,,,,,,,,October,7,,5,1,12,,,29,5,3,,,3,,2,1,,,Rolling Stones,10/18/1974,It's Only Rock 'n Roll,1974
4289,The Rolling Stones,,,,,,,BPI,Gold,,,,,RIAA,Platinum,,,,,23,,,,,,,,,,,,,,,,April,4,,2,1,15,,,32,1,2,,,6,,2,1,,,Rolling Stones,4/23/1976,Black and Blue,1976
4290,The Rolling Stones,,,,,,,BPI,Gold,,,,,RIAA,Platinum,,SNEP,Gold,,9,,,,,,,,,,,,,,,,June,3,,1,2,6,,,11,3,3,,,3,,2,1,,,Rolling Stones,6/9/1978,Some Girls,1978
4291,The Rolling Stones,ARIA,Platinum,,,,,BPI,Gold,,,,,RIAA,Platinum,,SNEP,Gold,,23,,,,,,,,,,,,,,,,June,4,,1,1,2,,,10,1,4,,,1,,1,1,,,Rolling Stones,6/23/1980,Emotional Rescue,1980
4292,The Rolling Stones,,,,,,,BPI,Gold,,MC,Platinum,,RIAA,Platinum,,SNEP,Gold,,24,,,,,,,,,,,,,,,,August,1,,1,1,3,,,8,1,3,,,3,,2,1,,,Rolling Stones,8/24/1981,Tattoo You,1981
4293,The Rolling Stones,,,,,,,BPI,Gold,,,,,RIAA,Platinum,,,,,7,,,,,,,,,,,,,,,,November,3,,2,11,2,,,12,1,3,,,1,,3,4,,,Rolling Stones,11/7/1983,Undercover,1983
4294,The Rolling Stones,,,,,,,BPI,Gold,,MC,Platinum,,RIAA,Platinum,,SNEP,Gold,,24,,,,,,,,,,,,,,,,March,2,,2,9,2,,,6,1,3,,,4,,4,4,,,Rolling Stones,3/24/1986,Dirty Work,1986
4295,The Rolling Stones,,,,,,,BPI,Gold,,MC,Platinum,,RIAA,Platinum,,SNEP,Gold,,29,,,,,,,,,,,,,,,,August,7,,1,6,2,,,5,2,1,,,2,,2,3,,,Rolling Stones,8/29/1989,Steel Wheels,1989
4296,The Rolling Stones,ARIA,Gold,,,,,BPI,Gold,,MC,Platinum,,RIAA,Platinum,,SNEP,Gold,,11,,,,,,,,,,,,,,,,July,1,,1,2,1,,,2,1,3,,,2,,1,2,,,Virgin,7/11/1994,Voodoo Lounge,1994
4297,The Rolling Stones,,,,,,,BPI,Gold,,MC,Platinum,,RIAA,Platinum,,SNEP,Gold,,29,,,,,,,,,,,,,,,,September,19,,2,2,1,,,10,2,1,,,1,,6,3,,,Virgin,9/29/1997,Bridges to Babylon,1997
4298,The Rolling Stones,,,,,,,BPI,Gold,,MC,Platinum,,RIAA,Platinum,,SNEP,Gold,,6,,,,,,,,,,,,,,,,September,4,,1,3,1,,,5,1,2,,,1,,2,3,,,Virgin,9/6/2005,A Bigger Bang,2005
4299,The Rolling Stones,ARIA,Gold,,,,,BPI,Platinum,,MC,Gold,,,,,SNEP,Platinum,,2,,,,,,,,,,,,,,,,December,3,,2,2,1,,,3,1,1,,,1,,1,4,,,Polydor,12/2/2016,Blue & Lonesome,2016
4300,The Rolling Stones,,,,,,,BPI,Gold,,,,,,,,SNEP,Platinum,,20,,,,,,,,,,,,,,,,October,1,,8,1,1,,,5,1,1,,,1,,1,3,,,Polydor,10/20/2023,Hackney Diamonds,2023
4301,The Ronettes,,,,,,,,,,,,,,,,,,,1,,,,,,,,,,,,,,,,January,,,,,,,,,,,,,,,,96,,,Philles,1/1/1964,Presenting the Fabulous Ronettes,1964
4302,The Shirelles,,,,,,,,,,,,,,,,,,,1,,,,,,,,,,,,,,,,January,,,,,,,,,,,,,,,,,,,Scepter Records,1/1/1960,Tonight's the Night,1960
4303,The Shirelles,,,,,,,,,,,,,,,,,,,1,,,,,,,,,,,,,,,,January,,,,,,,,,,,,,,,,,,,Scepter Records,1/1/1961,The Shirelles Sing to Trumpets and Strings,1961
4304,The Shirelles,,,,,,,,,,,,,,,,,,,1,,,,,,,,,,,,,,,,January,,,,,,,,,,,,,,,,,,,Scepter Records,1/1/1962,The Shirelles and King Curtis Give a Twist Party (with King Curtis),1962
4305,The Shirelles,,,,,,,,,,,,,,,,,,,1,,,,,,,,,,,,,,,,January,,,,,,,,,,,,,,,,,,,Scepter Records,1/1/1962,Baby It's You,1962
4306,The Shirelles,,,,,,,,,,,,,,,,,,,1,,,,,,,,,,,,,,,,January,,,,,,,,,,,,,,,,,,,Scepter Records,1/1/1963,Foolish Little Girl,1963
4307,The Shirelles,,,,,,,,,,,,,,,,,,,1,,,,,,,,,,,,,,,,January,,,,,,,,,,,,,,,,,,,Scepter Records,1/1/1963,"It's a Mad, Mad, Mad, Mad World",1963
4308,The Shirelles,,,,,,,,,,,,,,,,,,,1,,,,,,,,,,,,,,,,January,,,,,,,,,,,,,,,,,,,Scepter Records,1/1/1964,The Shirelles Sing the Golden Oldies,1964
4309,The Shirelles,,,,,,,,,,,,,,,,,,,1,,,,,,,,,,,,,,,,January,,,,,,,,,,,,,,,,,,,Pricewise Records,1/1/1965,Hear & Now,1965
4310,The Shirelles,,,,,,,,,,,,,,,,,,,1,,,,,,,,,,,,,,,,January,,,,,,,,,,,,,,,,,,,Pricewise Records,1/1/1965,Swing the Most,1965
4311,The Shirelles,,,,,,,,,,,,,,,,,,,1,,,,,,,,,,,,,,,,January,,,,,,,,,,,,,,,,,,,Scepter Records,1/1/1967,Spontaneous Combustion,1967
4312,The Shirelles,,,,,,,,,,,,,,,,,,,1,,,,,,,,,,,,,,,,January,,,,,,,,,,,,,,,,,,,RCA Records,1/1/1971,Happy and In Love,1971
4313,The Shirelles,,,,,,,,,,,,,,,,,,,1,,,,,,,,,,,,,,,,January,,,,,,,,,,,,,,,,,,,RCA Records,1/1/1972,The Shirelles,1972
4314,The Shirelles,,,,,,,,,,,,,,,,,,,1,,,,,,,,,,,,,,,,January,,,,,,,,,,,,,,,,,,,Scepter Records,1/1/1973,"Eternally, Soul",1973
4315,The Spinners,,,,,,,,,,,,,,,,,,,1,,,,,,,,,,,,,,,,January,,,,,,,,,,,,,,,,,,,Motown,1/1/1967,The Original Spinners,1967
4316,The Spinners,,,,,,,,,,,,,,,,,,,1,,,,,,,,,,,,,,,,January,,,,,,,,,,,,,,,,199,,46,V.I.P.,1/1/1970,2nd Time Around,1970
4317,The Spinners,,,,,,,,,,,,,RIAA,Gold,,,,,1,,,,,,,,,,,,,,,,January,,,67,,,,,,,,,,,,,14,,1,Atlantic,1/1/1973,Spinners,1973
4318,The Spinners,,,,,,,,,,,,,RIAA,Platinum,,,,,1,,,,,,,,,,,,,,,,January,,,24,,,,,,,,,,,,,16,,1,Atlantic,1/1/1974,Mighty Love,1974
4319,The Spinners,,,,,,,,,,,,,RIAA,Gold,,,,,1,,,,,,,,,,,,,,,,January,,,45,,,,,,,,,,,,,9,,1,Atlantic,1/1/1974,New and Improved,1974
4320,The Spinners,,,,,,,,,,,,,RIAA,Gold,,,,,1,,,,,,,,,,,,,,,,January,,,31,,,,,,,,,,,,,8,,2,Atlantic,1/1/1975,Pick of the Litter,1975
4321,The Spinners,,,,,,,,,,,,,RIAA,Gold,,,,,1,,,,,,,,,,,,,,,,January,,,41,,,,,,,,,,,,,25,,5,Atlantic,1/1/1976,Happiness Is Being with the Spinners,1976
4322,The Spinners,,,,,,,,,,,,,,,,,,,1,,,,,,,,,,,,,,,,January,,,36,,,,,,,,,,,,,26,,11,Atlantic,1/1/1977,"Yesterday, Today, & Tomorrow",1977
4323,The Spinners,,,,,,,,,,,,,,,,,,,1,,,,,,,,,,,,,,,,January,,,59,,,,,,,,,,,,,57,,34,Atlantic,1/1/1978,8,1978
4324,The Spinners,,,,,,,,,,,,,,,,,,,1,,,,,,,,,,,,,,,,January,,,,,,,,,,,,,,,,165,,61,Atlantic,1/1/1979,From Here to Eternally,1979
4325,The Spinners,,,,,,,,,,,,,,,,,,,1,,,,,,,,,,,,,,,,January,87,,,,,,,,,,,,,,,32,,11,Atlantic,1/1/1979,Dancin' and Lovin',1979
4326,The Spinners,,,,,,,,,,,,,,,,,,,1,,,,,,,,,,,,,,,,January,,,,,,,,,,,,,,,,53,,16,Atlantic,1/1/1980,Love Trippin',1980
4327,The Spinners,,,,,,,,,,,,,,,,,,,1,,,,,,,,,,,,,,,,January,,,,,,,,,,,,,,,,128,,40,Atlantic,1/1/1981,Labor of Love,1981
4328,The Spinners,,,,,,,,,,,,,,,,,,,1,,,,,,,,,,,,,,,,January,,,,,,,,,,,,,,,,196,,34,Atlantic,1/1/1981,Can't Shake This Feelin',1981
4329,The Spinners,,,,,,,,,,,,,,,,,,,1,,,,,,,,,,,,,,,,January,,,,,,,,,,,,,,,,167,,43,Atlantic,1/1/1982,Grand Slam,1982
4330,The Spinners,,,,,,,,,,,,,,,,,,,1,,,,,,,,,,,,,,,,January,,,,,,,,,,,,,,,,,,47,Atlantic,1/1/1984,Cross Fire,1984
4331,The Spinners,,,,,,,,,,,,,,,,,,,1,,,,,,,,,,,,,,,,January,,,,,,,,,,,,,,,,,,,Mirage,1/1/1985,Lovin' Feelings,1985
4332,The Spinners,,,,,,,,,,,,,,,,,,,1,,,,,,,,,,,,,,,,January,,,,,,,,,,,,,,,,,,82,Volt,1/1/1989,Down to Business,1989
4333,The Spinners,,,,,,,,,,,,,,,,,,,1,,,,,,,,,,,,,,,,January,,,,,,,,,,,,,,,,,,,Click,1/1/1999,At Their Best,1999
4334,The Spinners,,,,,,,,,,,,,,,,,,,1,,,,,,,,,,,,,,,,January,,,,,,,,,,,,,,,,,,,Peak Records,1/1/2021,Round the Block and Back Again,2021
4335,The Spinners,,,,,,,,,,,,,,,,,,,1,,,,,,,,,,,,,,,,January,,,,,,,,,,,,,,,,,,,Peak Records,1/1/2024,Full Circle,2024
4336,The Staple Singers,,,,,,,,,,,,,,,,,,,1,,,,,,,,,,,,,,,,January,,,,,,,,,,,,,,,,,,,Gospel/Savoy,1/1/1958,A Gospel Program,1958
4337,The Staple Singers,,,,,,,,,,,,,,,,,,,1,,,,,,,,,,,,,,,,January,,,,,,,,,,,,,,,,,,,Vee Jay,1/1/1959,Uncloudy Day,1959
4338,The Staple Singers,,,,,,,,,,,,,,,,,,,1,,,,,,,,,,,,,,,,January,,,,,,,,,,,,,,,,,,,Vee Jay,1/1/1960,Will the Circle Be Unbroken,1960
4339,The Staple Singers,,,,,,,,,,,,,,,,,,,1,,,,,,,,,,,,,,,,January,,,,,,,,,,,,,,,,,,,Vee Jay,1/1/1961,Swing Low,1961
4340,The Staple Singers,,,,,,,,,,,,,,,,,,,1,,,,,,,,,,,,,,,,January,,,,,,,,,,,,,,,,,,,Riverside,1/1/1962,Hammer and Nails,1962
4341,The Staple Singers,,,,,,,,,,,,,,,,,,,1,,,,,,,,,,,,,,,,January,,,,,,,,,,,,,,,,,,,Riverside,1/1/1962,The Twenty-Fifth Day of December,1962
4342,The Staple Singers,,,,,,,,,,,,,,,,,,,1,,,,,,,,,,,,,,,,January,,,,,,,,,,,,,,,,,,,Riverside,1/1/1963,This Land,1963
4343,The Staple Singers,,,,,,,,,,,,,,,,,,,1,,,,,,,,,,,,,,,,January,,,,,,,,,,,,,,,,,,,Vee Jay,1/1/1963,Swing Low Sweet Chariot,1963
4344,The Staple Singers,,,,,,,,,,,,,,,,,,,1,,,,,,,,,,,,,,,,January,,,,,,,,,,,,,,,,,,,Epic,1/1/1965,Amen!,1965
4345,The Staple Singers,,,,,,,,,,,,,,,,,,,1,,,,,,,,,,,,,,,,January,,,,,,,,,,,,,,,,,,,Epic,1/1/1965,Freedom Highway,1965
4346,The Staple Singers,,,,,,,,,,,,,,,,,,,1,,,,,,,,,,,,,,,,January,,,,,,,,,,,,,,,,,,,Riverside,1/1/1965,This Little Light,1965
4347,The Staple Singers,,,,,,,,,,,,,,,,,,,1,,,,,,,,,,,,,,,,January,,,,,,,,,,,,,,,,,,,Epic,1/1/1966,Why,1966
4348,The Staple Singers,,,,,,,,,,,,,,,,,,,1,,,,,,,,,,,,,,,,January,,,,,,,,,,,,,,,,,,,Epic,1/1/1967,Pray On,1967
4349,The Staple Singers,,,,,,,,,,,,,,,,,,,1,,,,,,,,,,,,,,,,January,,,,,,,,,,,,,,,,,,,Epic,1/1/1967,For What It's Worth,1967
4350,The Staple Singers,,,,,,,,,,,,,,,,,,,1,,,,,,,,,,,,,,,,January,,,,,,,,,,,,,,,,,,,Epic,1/1/1968,What the World Needs Now is Love,1968
4351,The Staple Singers,,,,,,,,,,,,,,,,,,,1,,,,,,,,,,,,,,,,January,,,,,,,,,,,,,,,,,,,Stax,1/1/1968,Soul Folk in Action,1968
4352,The Staple Singers,,,,,,,,,,,,,,,,,,,1,,,,,,,,,,,,,,,,January,,,,,,,,,,,,,,,,,,,Stax,1/1/1969,We'll Get Over,1969
4353,The Staple Singers,,,,,,,,,,,,,,,,,,,1,,,,,,,,,,,,,,,,January,,,,,,,,,,,,,,,,117,,9,Stax,1/1/1971,The Staple Swingers,1971
4354,The Staple Singers,,,,,,,,,,,,,,,,,,,1,,,,,,,,,,,,,,,,January,,,72,,,,,,,,,,,,,19,,3,Stax,1/1/1972,Be Altitude: Respect Yourself,1972
4355,The Staple Singers,,,,,,,,,,,,,,,,,,,1,,,,,,,,,,,,,,,,January,,,,,,,,,,,,,,,,102,,13,Stax,1/1/1973,Be What You Are,1973
4356,The Staple Singers,,,,,,,,,,,,,,,,,,,1,,,,,,,,,,,,,,,,January,,,,,,,,,,,,,,,,125,,13,Stax,1/1/1974,City in the Sky,1974
4357,The Staple Singers,,,,,,,,,,,,,,,,,,,1,,,,,,,,,,,,,,,,January,,,87,,,,,,,,,,,,,20,,1,Curtom,1/1/1975,Let's Do It Again,1975
4358,The Staple Singers,,,,,,,,,,,,,,,,,,,1,,,,,,,,,,,,,,,,January,,,,,,,,,,,,,,,,155,,20,Warner Bros.,1/1/1976,Pass It On,1976
4359,The Staple Singers,,,,,,,,,,,,,,,,,,,1,,,,,,,,,,,,,,,,January,,,,,,,,,,,,,,,,,,58,Warner Bros.,1/1/1977,Family Tree,1977
4360,The Staple Singers,,,,,,,,,,,,,,,,,,,1,,,,,,,,,,,,,,,,January,,,,,,,,,,,,,,,,,,34,Warner Bros.,1/1/1978,Unlock Your Mind,1978
4361,The Staple Singers,,,,,,,,,,,,,,,,,,,1,,,,,,,,,,,,,,,,January,,,,,,,,,,,,,,,,,,43,Private I,1/1/1984,Turning Point,1984
4362,The Stooges,,,,,,,BPI,Silver,,,,,,,,,,,1,,,,,,,,,,,,,,,,August,,,,,,,,,,,,,,,,106,,,Elektra,8/1/1969,The Stooges,1969
4363,The Stooges,,,,,,,,,,,,,,,,,,,1,,,,,,,,,,,,,,,,July,,,,167,,,,,,,,,,,,,,,Elektra,7/1/1970,Fun House,1970
4364,The Stooges,,,,,,,BPI,Gold,,,,,,,,,,,1,,,,,,,,,,,,,,,,February,,,,138,,,,,,,20,,,,44,182,,,Columbia,2/1/1973,Raw Power as 'Iggy and The Stooges',1973
4365,The Stooges,,,,,,,,,,,,,,,,,,,1,,,,,,,,,,,,,,,,March,,,,53,,,,,37,,,,35,,81,130,,,Virgin,3/1/2007,The Weirdness,2007
4366,The Stooges,,,,,,,,,,,,,,,,,,,1,,,,,,,,,,,,,,,,April,,,,36,,,,,,,,,49,,77,96,,,Fat Possum,4/1/2013,Ready to Die as 'Iggy and The Stooges',2013
4367,The Supremes,,,,,,,,,,,,,,,,,,,9,,,,,,,,,,,,,,,,December,,,,,,,,,,,,,,,13,,,,Motown,12/9/1962,Meet The Supremes,1962
4368,The Supremes,,,,,,,,,,,,,,,,,,,31,,,,,,,,,,,,,,,,August,,,,,33,,,,,,,,,,,2,,1,Motown,8/31/1964,Where Did Our Love Go,1964
4369,The Supremes,,,,,,,,,,,,,,,,,,,16,,,,,,,,,,,,,,,,October,,,,,,,,,,,,,,,,21,,5,Motown,10/16/1964,A Bit of Liverpool,1964
4370,The Supremes,,,,,,,,,,,,,,,,,,,22,,,,,,,,,,,,,,,,February,,,,,,,,,,,,,,,,79,,,Motown,2/22/1965,"The Supremes Sing Country, Western and Pop",1965
4371,The Supremes,,,,,,,,,,,,,,,,,,,12,,,,,,,,,,,,,,,,April,,,,,,,,,,,,,,,,75,,5,Motown,4/12/1965,We Remember Sam Cooke,1965
4372,The Supremes,,,,,,,,,,,,,,,,,,,23,,,,,,,,,,,,,,,,July,,,,,,,,,,,,,,,,6,,2,Motown,7/23/1965,More Hits by The Supremes,1965
4373,The Supremes,,,,,,,,,,,,,,,,,,,1,,,,,,,,,,,,,,,,November,,,,,,,,,,,,,,,,,,,Motown,11/1/1965,Merry Christmas,1965
4374,The Supremes,,,,,,,BPI,Silver,,,,,,,,,,,18,,,,,,,,,,,,,,,,February,,,,,,,,,,,,,,,,8,,1,Motown,2/18/1966,I Hear a Symphony,1966
4375,The Supremes,,,,,,,,,,,,,,,,,,,25,,,,,,,,,,,,,,,,August,,,,,,,,,,,,,,,15,1,,1,Motown,8/25/1966,The Supremes A' Go-Go,1966
4376,The Supremes,,,,,,,,,,,,,,,,,,,23,,,,,,,,,,,,,,,,January,,,,,,,,,,,,,,,15,6,,1,Motown,1/23/1967,The Supremes Sing Holland-Dozier-Holland,1967
4377,The Supremes,,,,,,,,,,,,,,,,,,,22,,,,,,,,,,,,,,,,May,,,4,,,,,,,,,,,,25,20,,3,Motown,5/22/1967,The Supremes Sing Rodgers & Hart,1967
4378,The Supremes,,,,,,,,,,,,,,,,,,,25,,,,,,,,,,,,,,,,March,,,,,,,,,,20,,,,,30,18,,3,Motown,3/25/1968,Reflections,1968
4379,The Supremes,,,,,,,,,,,,,,,,,,,26,,,,,,,,,,,,,,,,August,,,,,,,,,,,,,,,,150,,45,Motown,8/26/1968,"Diana Ross & the Supremes Sing and Perform ""Funny Girl""",1968
4380,The Supremes,,,,,,,,,,,,,RIAA,Gold,,,,,8,,,,,,,,,,,,,,,,November,,,5,,,,,,,,,,,,1,2,,1,Motown,11/8/1968,Diana Ross & the Supremes Join The Temptations (withThe Temptations),1968
4381,The Supremes,,,,,,,,,,,,,,,,,,,13,,,,,,,,,,,,,,,,November,,,11,,,,,,,10,,,,,13,14,,3,Motown,11/13/1968,Love Child,1968
4382,The Supremes,,,,,,,,,,,,,,,,,,,26,,,,,,,,,,,,,,,,May,,,27,,,,,,,,,,,,,24,,7,Motown,5/26/1969,Let the Sunshine In,1969
4383,The Supremes,,,,,,,,,,,,,,,,,,,23,,,,,,,,,,,,,,,,September,,,29,,,,,,,,,,,,28,28,,6,Motown,9/23/1969,Together (withThe Temptations),1969
4384,The Supremes,,,,,,,,,,,,,,,,,,,3,,,,,,,,,,,,,,,,November,,,50,,,,,,,,,,,,34,33,,3,Motown,11/3/1969,Cream of the Crop,1969
4385,The Supremes,,,,,,,,,,,,,,,,,,,26,,,,,,,,,,,,,,,,April,,,41,,,,,,,,,,,,,25,,4,Motown,4/26/1970,Right On,1970
4386,The Supremes,,,,,,,,,,,,,,,,,,,1,,,,,,,,,,,,,,,,September,,,73,,,,,,,,,,,,6,113,,18,Motown,9/1/1970,The Magnificent 7 (with theFour Tops),1970
4387,The Supremes,,,,,,,,,,,,,,,,,,,1,,,,,,,,,,,,,,,,October,,,,,,,,,,,,,,,,68,,12,Motown,10/1/1970,New Ways but Love Stays,1970
4388,The Supremes,,,,,,,,,,,,,,,,,,,1,,,,,,,,,,,,,,,,June,,,,,,,,,,,,,,,,154,,18,Motown,6/1/1971,The Return of the Magnificent Seven (with theFour Tops),1971
4389,The Supremes,,,,,,,,,,,,,,,,,,,1,,,,,,,,,,,,,,,,June,,,,,,,,,,,,,,,40,85,,6,Motown,6/1/1971,Touch,1971
4390,The Supremes,,,,,,,,,,,,,,,,,,,1,,,,,,,,,,,,,,,,December,,,,,,,,,,,,,,,,160,,21,Motown,12/1/1971,Dynamite (with theFour Tops),1971
4391,The Supremes,,,,,,,,,,,,,,,,,,,1,,,,,,,,,,,,,,,,May,,,,,,,,,,,,,,,,54,,12,Motown,5/1/1972,Floy Joy,1972
4392,The Supremes,,,,,,,,,,,,,,,,,,,1,,,,,,,,,,,,,,,,November,,,,,,,,,,,,,,,,129,,27,Motown,11/1/1972,The Supremes Produced and Arranged by Jimmy Webb,1972
4393,The Supremes,,,,,,,,,,,,,,,,,,,1,,,,,,,,,,,,,,,,May,,,,,,,,,,,,,,,,152,,25,Motown,5/1/1975,The Supremes,1975
4394,The Supremes,,,,,,,,,,,,,,,,,,,1,,,,,,,,,,,,,,,,April,,,26,,,,,,,,,,,,,42,,24,Motown,4/1/1976,High Energy,1976
4395,The Supremes,,,,,,,,,,,,,,,,,,,1,,,,,,,,,,,,,,,,October,,,,,,,,,,,,,,,,,,,Motown,10/1/1976,"Mary, Scherrie & Susaye",1976
4396,Frankie Lymon & The Teenagers,,,,,,,,,,,,,,,,,,,1,,,,,,,,,,,,,,,,January,,,,,,,,,,,,,,,,,,,Gee Records,1/1/1956,The Teenagers Featuring Frankie Lymon,1956
4397,The Temptations,,,,,,,,,,,,,,,,,,,1,,,,,,,,,,,,,,,,January,,,,,,,,,,,,,,,,95,,,Gordy,1/1/1964,Meet the Temptations,1964
4398,The Temptations,,,,,,,,,,,,,,,,,,,1,,,,,,,,,,,,,,,,January,,,,,,,,,,,,,,,,35,,1,Gordy,1/1/1965,The Temptations Sing Smokey,1965
4399,The Temptations,,,,,,,,,,,,,,,,,,,1,,,,,,,,,,,,,,,,January,,,,,,,,,,,,,,,,11,,1,Gordy,1/1/1965,The Temptin' Temptations,1965
4400,The Temptations,,,,,,,,,,,,,,,,,,,1,,,,,,,,,,,,,,,,January,,,,,,,,,,,,,,,40,12,,1,Gordy,1/1/1966,Gettin' Ready,1966
4401,The Temptations,,,,,,,,,,,,,,,,,,,1,,,,,,,,,,,,,,,,January,,,,,,,,,,,,,,,19,7,,1,Gordy,1/1/1967,The Temptations with a Lot o' Soul,1967
4402,The Temptations,,,,,,,,,,,,,,,,,,,1,,,,,,,,,,,,,,,,January,,,,,,,,,,,,,,,,13,,1,Gordy,1/1/1967,The Temptations in a Mellow Mood,1967
4403,The Temptations,,,,,,,,,,,,,,,,,,,1,,,,,,,,,,,,,,,,January,,,44,,,,,,,,,,,,,13,,1,Gordy,1/1/1968,The Temptations Wish It Would Rain,1968
4404,The Temptations,,,,,,,,,,,,,RIAA,Gold,,,,,1,,,,,,,,,,,,,,,,January,,,5,,,,,,,,,,,,1,2,,1,Motown,1/1/1968,Diana Ross & the Supremes Join the Temptations (with Diana Ross & The Supremes),1968
4405,The Temptations,,,,,,,,,,,,,RIAA,Gold,,,,,1,,,,,,,,,,,,,,,,January,,,12,,,,,,,,,,,,32,4,,1,Gordy,1/1/1969,Cloud Nine,1969
4406,The Temptations,,,,,,,,,,,,,,,,,,,1,,,,,,,,,,,,,,,,January,,,29,,,,,,,,,,,,28,28,,6,Motown,1/1/1969,Together (with Diana Ross & The Supremes),1969
4407,The Temptations,,,,,,,,,,,,,RIAA,Gold,,,,,1,,,,,,,,,,,,,,,,January,,,8,,,,,82,,,,,,,20,5,,1,Gordy,1/1/1969,Puzzle People,1969
4408,The Temptations,,,,,,,,,,,,,RIAA,Gold,,,,,1,,,,,,,,,,,,,,,,January,,,43,,,,,,,,,,,,,9,,1,Motown,1/1/1970,Psychedelic Shack,1970
4409,The Temptations,,,,,,,,,,,,,RIAA,Gold,,,,,1,,,,,,,,,,,,,,,,January,,,,,,,,,,,,,,,,,,,Gordy,1/1/1970,The Temptations Christmas Card,1970
4410,The Temptations,,,,,,,,,,,,,RIAA,Gold,,,,,1,,,,,,,,,,,,,,,,January,,,73,,,,,,,,,,,,,16,,2,Gordy,1/1/1971,Sky's the Limit,1971
4411,The Temptations,,,,,,,,,,,,,,,,,,,1,,,,,,,,,,,,,,,,January,,,,,,,,,,,,,,,34,24,,1,Gordy,1/1/1972,Solid Rock,1972
4412,The Temptations,,,,,,,,,,,,,RIAA,Gold,,,,,1,,,,,,,,,,,,,,,,January,,,26,,20,,,,,,,9,,,19,2,,1,Gordy,1/1/1972,All Directions,1972
4413,The Temptations,,,,,,,,,,,,,RIAA,Gold,,,,,1,,,,,,,,,,,,,,,,January,,,,,17,,,,,,,13,,,28,7,,1,Gordy,1/1/1973,Masterpiece,1973
4414,The Temptations,,,,,,,,,,,,,,,,,,,1,,,,,,,,,,,,,,,,January,98,,57,,25,,,46,,,,13,,,,19,,2,Gordy,1/1/1973,1990,1973
4415,The Temptations,,,,,,,,,,,,,RIAA,Gold,,,,,1,,,,,,,,,,,,,,,,January,77,,14,,,,,62,,,,,,,,13,,1,Gordy,1/1/1975,A Song for You,1975
4416,The Temptations,,,,,,,,,,,,,,,,,,,1,,,,,,,,,,,,,,,,January,,,,,,,,,,,,,,,,40,,11,Gordy,1/1/1975,House Party,1975
4417,The Temptations,,,,,,,,,,,,,,,,,,,1,,,,,,,,,,,,,,,,January,,,42,,,,,,,,,,32,,,29,,3,Gordy,1/1/1976,Wings of Love,1976
4418,The Temptations,,,,,,,,,,,,,,,,,,,1,,,,,,,,,,,,,,,,January,,,,,,,,,,,,,,,,53,,10,Gordy,1/1/1976,The Temptations Do The Temptations,1976
4419,The Temptations,,,,,,,,,,,,,,,,,,,1,,,,,,,,,,,,,,,,January,,,,,,,,,,,,,,,,113,,,Atlantic,1/1/1977,Hear to Tempt You,1977
4420,The Temptations,,,,,,,,,,,,,,,,,,,1,,,,,,,,,,,,,,,,January,,,,,,,,,,,,,,,,,,,Atlantic,1/1/1978,Bare Back,1978
4421,The Temptations,,,,,,,,,,,,,,,,,,,1,,,,,,,,,,,,,,,,January,,,,,,,,,,,,,,,,45,,13,Gordy,1/1/1980,Power,1980
4422,The Temptations,,,,,,,,,,,,,RIAA,Gold,,,,,1,,,,,,,,,,,,,,,,January,,,,,,,,,,,,,,,,,,,Gordy,1/1/1980,Give Love at Christmas,1980
4423,The Temptations,,,,,,,,,,,,,,,,,,,1,,,,,,,,,,,,,,,,January,,,,,46,,,,,,,,,,,119,,36,Gordy,1/1/1981,The Temptations,1981
4424,The Temptations,,,,,,,,,,,,,,,,,,,1,,,,,,,,,,,,,,,,January,,,,,,,,,,,,,,,,37,,2,Gordy,1/1/1982,Reunion,1982
4425,The Temptations,,,,,,,,,,,,,,,,,,,1,,,,,,,,,,,,,,,,January,,,,,,,,,,,,,,,,159,,19,Gordy,1/1/1983,Surface Thrills,1983
4426,The Temptations,,,,,,,,,,,,,,,,,,,1,,,,,,,,,,,,,,,,January,,,,,,,,,,,,,,,,152,,30,Motown,1/1/1983,Back to Basics,1983
4427,The Temptations,,,,,,,,,,,,,,,,,,,1,,,,,,,,,,,,,,,,January,,,,,43,,,,,,25,,,,75,55,,3,Gordy,1/1/1984,Truly for You,1984
4428,The Temptations,,,,,,,,,,,,,,,,,,,1,,,,,,,,,,,,,,,,January,,,,,,,,,,,,,,,,146,,20,Gordy,1/1/1985,Touch Me,1985
4429,The Temptations,,,,,,,,,,,,,,,,,,,1,,,,,,,,,,,,,,,,January,,,,,,,,,,,,,,,,74,,4,Gordy,1/1/1986,To Be Continued...,1986
4430,The Temptations,,,,,,,,,,,,,,,,,,,1,,,,,,,,,,,,,,,,January,,,,,,,,,,,,,,,,112,,12,Motown,1/1/1987,Together Again,1987
4431,The Temptations,,,,,,,,,,,,,,,,,,,1,,,,,,,,,,,,,,,,January,,,,,,,,,,,,,,,,128,,25,Motown,1/1/1989,Special,1989
4432,The Temptations,,,,,,,,,,,,,,,,,,,1,,,,,,,,,,,,,,,,January,,,,,,,,,,,,,,,,,,88,Motown,1/1/1991,Milestone,1991
4433,The Temptations,,,,,,,,,,,,,,,,,,,1,,,,,,,,,,,,,,,,January,,,,,,,,,,,,,,,,,,43,Motown,1/1/1995,For Lovers Only,1995
4434,The Temptations,,,,,,,,,,,,,RIAA,Platinum,,,,,1,,,,,,,,,,,,,,,,January,,,,,,,,,,,,,,,,44,,8,Motown,1/1/1998,Phoenix Rising,1998
4435,The Temptations,,,,,,,,,,,,,,,,,,,1,,,,,,,,,,,,,,,,January,,,,,,,,,,,,,,,,54,,16,Motown,1/1/2000,Ear-Resistible,2000
4436,The Temptations,,,,,,,,,,,,,,,,,,,1,,,,,,,,,,,,,,,,January,,,,,,,,,,,,,,,,140,,27,Motown,1/1/2001,Awesome,2001
4437,The Temptations,,,,,,,,,,,,,,,,,,,1,,,,,,,,,,,,,,,,January,,,,,,,,,,,,,,,,163,,18,Motown,1/1/2004,Legacy,2004
4438,The Temptations,,,,,,,,,,,,,,,,,,,1,,,,,,,,,,,,,,,,January,,,,,,,,,,,,,,,,80,,,New Door,1/1/2006,Reflections,2006
4439,The Temptations,,,,,,,,,,,,,,,,,,,1,,,,,,,,,,,,,,,,January,,,,,,,,,,,,,,,,108,,,New Door,1/1/2007,Back to Front,2007
4440,The Temptations,,,,,,,,,,,,,,,,,,,1,,,,,,,,,,,,,,,,January,,,,,,,,,,,,,,,,,,48,Ume,1/1/2010,Still Here,2010
4441,The Temptations,,,,,,,,,,,,,,,,,,,1,,,,,,,,,,,,,,,,January,,,,,,,,,,,,,,,,,,,Ume,1/1/2018,All the Time,2018
4442,The Temptations,,,,,,,,,,,,,,,,,,,1,,,,,,,,,,,,,,,,January,,,,,,,,,,,,,,,,,,,Ume,1/1/2022,Temptations 60,2022
4443,The Velvet Underground,,,,,,,BPI,Platinum,,,,,,,,,,,1,,,,,,,,,,,,,,,,March,,,,164,89,,,,58,40,,,,,43,129,,,Verve,3/1/1967,The Velvet Underground & Nico,1967
4444,The Velvet Underground,,,,,,,BPI,Silver,,,,,,,,,,,30,,,,,,,,,,,,,,,,January,,,,,,,,,,,,,,,,199,,,Verve,1/30/1968,White Light/White Heat,1968
4445,The Velvet Underground,,,,,,,BPI,Gold,,,,,,,,,,,1,,,,,,,,,,,,,,,,March,,,,,,,,,,,,,,,,197,,,Verve,3/1/1969,The Velvet Underground,1969
4446,The Velvet Underground,,,,,,,,,,,,,,,,,,,1,,,,,,,,,,,,,,,,November,,,,188,,,,,,,,,,,,,,,Atlantic,11/1/1970,Loaded,1970
4447,The Velvet Underground,,,,,,,,,,,,,,,,,,,1,,,,,,,,,,,,,,,,February,,,,,,,,,,,,,,,,,,,Polydor,2/1/1973,Squeeze,1973
4448,The Ventures,,,,,,,,,,,,,RIAA,Gold,,,,,5,,,,,,,,,,,,,,,,December,,,,,,,,,,,,,,,,11,,,Dolton,12/5/1960,"Walk, Don't Run",1960
4449,The Ventures,,,,,,,,,,,,,,,,,,,4,,,,,,,,,,,,,,,,February,,,,,,,,,,,,,,,,105,,,Dolton,2/4/1961,The Ventures,1961
4450,The Ventures,,,,,,,,,,,,,,,,,,,26,,,,,,,,,,,,,,,,June,,,,,,,,,,,,,,,,39,,,Dolton,6/26/1961,Another Smash!!!,1961
4451,The Ventures,,,,,,,,,,,,,,,,,,,2,,,,,,,,,,,,,,,,October,,,,,,,,,,,,,,,,94,,,Dolton,10/2/1961,The Colorful Ventures,1961
4452,The Ventures,,,,,,,,,,,,,,,,,,,20,,,,,,,,,,,,,,,,January,,,,,,,,,,,,,,,,24,,,Dolton,1/20/1962,Twist with the Ventures,1962
4453,The Ventures,,,,,,,,,,,,,,,,,,,19,,,,,,,,,,,,,,,,May,,,,,,,,,,,,,,,,41,,,Dolton,5/19/1962,"Twist Party, Volume 23",1962
4454,The Ventures,,,,,,,,,,,,,,,,,,,11,,,,,,,,,,,,,,,,August,,,,,,,,,,,,,,,,45,,,Dolton,8/11/1962,Mashed Potatoes and Gravy,1962
4455,The Ventures,,,,,,,,,,,,,,,,,,,24,,,,,,,,,,,,,,,,November,,,,,,,,,,,,,,,,93,,,Dolton,11/24/1962,Going to the Ventures Dance Party!,1962
4456,The Ventures,,,,,,,,,,,,,RIAA,Gold,,,,,5,,,,,,,,,,,,,,,,January,,,,,,,,,,,,,,,,8,,,Dolton,1/5/1963,The Ventures Play Telstar and the Lonely Bull,1963
4457,The Ventures,,,,,,,,,,,,,,,,,,,4,,,,,,,,,,,,,,,,May,,,,,,,,,,,,,,,,30,,,Dolton,5/4/1963,Surfing,1963
4458,The Ventures,,,,,,,,,,,,,,,,,,,1,,,,,,,,,,,,,,,,June,,,,,,,,,,,,,,,,91,,,Liberty,6/1/1963,Bobby Vee Meets the Ventures,1963
4459,The Ventures,,,,,,,,,,,,,,,,,,,8,,,,,,,,,,,,,,,,June,,,,,,,,,,,,,,,,101,,,Dolton,6/8/1963,The Ventures Play the Country Classics,1963
4460,The Ventures,,,,,,,,,,,,,,,,,,,31,,,,,,,,,,,,,,,,August,,,,,,,,,,,,,,,,30,,,Dolton,8/31/1963,Let's Go!,1963
4461,The Ventures,,,,,,,,,,,,,,,,,,,25,,,,,,,,,,,,,,,,January,,,,,,,,,,,,,,,,27,,,Dolton,1/25/1964,The Ventures in Space,1964
4462,The Ventures,,,,,,,,,,,,,,,,,,,18,,,,,,,,,,,,,,,,July,,,,,,,,,,,,,,,,32,,,Dolton,7/18/1964,The Fabulous Ventures,1964
4463,The Ventures,,,,,,,,,,,,,,,,,,,10,,,,,,,,,,,,,,,,October,,,,,,,,,,,,,,,,17,,,Dolton,10/10/1964,"Walk, Don't Run, Vol. 26",1964
4464,The Ventures,,,,,,,,,,,,,,,,,,,13,,,,,,,,,,,,,,,,February,,,,,,,,,,,,,,,,31,,,Dolton,2/13/1965,Knock Me Out!,1965
4465,The Ventures,,,,,,,,,,,,,,,,,,,25,,,,,,,,,,,,,,,,September,,,,,,,,,,,,,,,,16,,,Dolton,9/25/1965,The Ventures a Go-Go,1965
4466,The Ventures,,,,,,,,,,,,,,,,,,,1,,,,,,,,,,,,,,,,November,,,,,,,,,,,,,,,,9,,,Dolton,11/1/1965,The Ventures Christmas Album,1965
4467,The Ventures,,,,,,,,,,,,,,,,,,,12,,,,,,,,,,,,,,,,February,,,,,,,,,,,,,,,,33,,,Dolton,2/12/1966,Where the Action Is!,1966
4468,The Ventures,,,,,,,,,,,,,,,,,,,5,,,,,,,,,,,,,,,,March,,,,,,,,,,,,,,,,42,,,Dolton,3/5/1966,Play the Batman Theme,1966
4469,The Ventures,,,,,,,,,,,,,,,,,,,11,,,,,,,,,,,,,,,,June,,,,,,,,,,,,,,,,39,,,Dolton,6/11/1966,Go with the Ventures,1966
4470,The Ventures,,,,,,,,,,,,,,,,,,,17,,,,,,,,,,,,,,,,September,,,,,,,,,,,,,,,,33,,,Dolton,9/17/1966,Wild Things!,1966
4471,The Ventures,,,,,,,,,,,,,,,,,,,18,,,,,,,,,,,,,,,,February,,,,,,,,,,,,,,,,57,,,Dolton,2/18/1967,Guitar Freakout,1967
4472,The Ventures,,,,,,,,,,,,,,,,,,,3,,,,,,,,,,,,,,,,June,,,,,,,,,,,,,,,,69,,,Liberty,6/3/1967,Super Psychedelics,1967
4473,The Ventures,,,,,,,,,,,,,,,,,,,23,,,,,,,,,,,,,,,,December,,,,,,,,,,,,,,,,55,,,Liberty,12/23/1967,"$1,000,000 Weekend",1967
4474,The Ventures,,,,,,,,,,,,,,,,,,,1,,,,,,,,,,,,,,,,June,,,,,,,,,,,,,,,,,,,Liberty,6/1/1967,Pops In Japan,1967
4475,The Ventures,,,,,,,,,,,,,,,,,,,25,,,,,,,,,,,,,,,,May,,,,,,,,,,,,,,,,169,,,Liberty,5/25/1968,Flights of Fantasy,1968
4476,The Ventures,,,,,,,,,,,,,,,,,,,24,,,,,,,,,,,,,,,,August,,,,,,,,,,,,,,,,128,,,Liberty,8/24/1968,The Horse,1968
4477,The Ventures,,,,,,,,,,,,,,,,,,,1,,,,,,,,,,,,,,,,January,,,,,,,,,,,,,,,,,,,Liberty,1/1/1968,"Pops In Japan, No. 2 ",1968
4478,The Ventures,,,,,,,,,,,,,,,,,,,18,,,,,,,,,,,,,,,,January,,,,,,,,,,,,,,,,157,,,Liberty,1/18/1969,Underground Fire,1969
4479,The Ventures,,,,,,,,,,,,,RIAA,Gold,,,,,10,,,,,,,,,,,,,,,,May,,,,,,,,,,,,,,,,11,,,Liberty,5/10/1969,Hawaii Five-O,1969
4480,The Ventures,,,,,,,,,,,,,,,,,,,13,,,,,,,,,,,,,,,,December,,,,,,,,,,,,,,,,81,,,Liberty,12/13/1969,Swamp Rock,1969
4481,The Ventures,,,,,,,,,,,,,,,,,,,10,,,,,,,,,,,,,,,,October,,,,,,,,,,,,,,,,91,,,Liberty,10/10/1970,10th Anniversary Album,1970
4482,The Ventures,,,,,,,,,,,,,,,,,,,1,,,,,,,,,,,,,,,,April,,,,,,,,,,,,,,,,,,,United Artists,4/1/1971,New Testament,1971
4483,The Ventures,,,,,,,,,,,,,,,,,,,1,,,,,,,,,,,,,,,,January,,,,,,,,,,,,,,,,,,,Liberty,1/1/1971,Pops In Japan '71,1971
4484,The Ventures,,,,,,,,,,,,,,,,,,,1,,,,,,,,,,,,,,,,January,,,,,,,,,,,,,,,,,,,United Artists,1/1/1971,Best of Pops Sound ,1971
4485,The Ventures,,,,,,,,,,,,,,,,,,,15,,,,,,,,,,,,,,,,January,,,,,,,,,,,,,,,,195,,,United Artists,1/15/1972,"Theme from ""Shaft""",1972
4486,The Ventures,,,,,,,,,,,,,,,,,,,18,,,,,,,,,,,,,,,,March,,,,,,,,,,,,,,,,146,,,United Artists,3/18/1972,Joy: The Ventures Play the Classics,1972
4487,The Ventures,,,,,,,,,,,,,,,,,,,1,,,,,,,,,,,,,,,,September,,,,,,,,,,,,,,,,,,,United Artists,9/1/1972,Rock and Roll Forever,1972
4488,The Ventures,,,,,,,,,,,,,,,,,,,1,,,,,,,,,,,,,,,,January,,,,,,,,,,,,,,,,,,,United Artists,1/1/1973,Only Hits!,1973
4489,The Ventures,,,,,,,,,,,,,,,,,,,1,,,,,,,,,,,,,,,,January,,,,,,,,,,,,,,,,,,,Liberty,1/1/1973,Pops In Japan '73,1973
4490,The Ventures,,,,,,,,,,,,,,,,,,,1,,,,,,,,,,,,,,,,April,,,,,,,,,,,,,,,,,,,United Artists,4/1/1974,The Jim Croce Songbook,1974
4491,The Ventures,,,,,,,,,,,,,,,,,,,1,,,,,,,,,,,,,,,,July,,,,,,,,,,,,,,,,,,,United Artists,7/1/1974,The Ventures Play the Carpenters,1974
4492,The Ventures,,,,,,,,,,,,,,,,,,,1,,,,,,,,,,,,,,,,August,,,,,,,,,,,,,,,,,,,United Artists,8/1/1975,Now Playing,1975
4493,The Ventures,,,,,,,,,,,,,,,,,,,1,,,,,,,,,,,,,,,,January,,,,,,,,,,,,,,,,,,,Liberty,1/1/1975,Hollywood: Yuya Uchida Meets the Ventures,1975
4494,The Ventures,,,,,,,,,,,,,,,,,,,1,,,,,,,,,,,,,,,,March,,,,,,,,,,,,,,,,,,,United Artists,3/1/1976,Rocky Road: The New Ventures,1976
4495,The Ventures,,,,,,,,,,,,,,,,,,,1,,,,,,,,,,,,,,,,February,,,,,,,,,,,,,,,,,,,United Artists,2/1/1977,T.V. Themes,1977
4496,The Ventures,,,,,,,,,,,,,,,,,,,1,,,,,,,,,,,,,,,,January,,,,,,,,,,,,,,,,,,,King,1/1/1979,Latin Album,1979
4497,The Ventures,,,,,,,,,,,,,,,,,,,1,,,,,,,,,,,,,,,,January,,,,,,,,,,,,,,,,,,,Eastworld/Toshiba EMI,1/1/1980,Chameleon,1980
4498,The Ventures,,,,,,,,,,,,,,,,,,,1,,,,,,,,,,,,,,,,January,,,,,,,,,,,,,,,,,,,Eastworld/Toshiba EMI,1/1/1981,60's Pops,1981
4499,The Ventures,,,,,,,,,,,,,,,,,,,1,,,,,,,,,,,,,,,,January,,,,,,,,,,,,,,,,,,,Liberty,1/1/1982,The Last Album on Liberty,1982
4500,The Ventures,,,,,,,,,,,,,,,,,,,1,,,,,,,,,,,,,,,,June,,,,,,,,,,,,,,,,,,,Tridex,6/1/1983,NASA 25th Anniversary Commemorative Album,1983
4501,The Ventures,,,,,,,,,,,,,,,,,,,1,,,,,,,,,,,,,,,,January,,,,,,,,,,,,,,,,,,,Japan CD,1/1/1991,The Ventures Play Major Motion Picture,1991
4502,The Ventures,,,,,,,,,,,,,,,,,,,1,,,,,,,,,,,,,,,,January,,,,,,,,,,,,,,,,,,,Japan CD,1/1/1991,The Ventures Play Seaside Story,1991
4503,The Ventures,,,,,,,,,,,,,,,,,,,1,,,,,,,,,,,,,,,,January,,,,,,,,,,,,,,,,,,,Liberty,1/1/1996,The Ventures Favorites,1996
4504,The Ventures,,,,,,,,,,,,,,,,,,,1,,,,,,,,,,,,,,,,January,,,,,,,,,,,,,,,,,,,GNP Crescendo,1/1/1997,Wild Again,1997
4505,The Ventures,,,,,,,,,,,,,,,,,,,20,,,,,,,,,,,,,,,,October,,,,,,,,,,,,,,,,,,,GNP Crescendo,10/20/1998,New Depths,1998
4506,The Ventures,,,,,,,,,,,,,,,,,,,1,,,,,,,,,,,,,,,,January,,,,,,,,,,,,,,,,,,,Japan CD,1/1/1999,Walk Don't Run 2000,1999
4507,The Ventures,,,,,,,,,,,,,,,,,,,1,,,,,,,,,,,,,,,,January,,,,,,,,,,,,,,,,,,,The Gold Label,1/1/2000,Gold Label: The Gold Label,2000
4508,The Ventures,,,,,,,,,,,,,,,,,,,1,,,,,,,,,,,,,,,,January,,,,,,,,,,,,,,,,,,,Japan CD,1/1/2001,The Ventures Play Southern All Stars,2001
4509,The Ventures,,,,,,,,,,,,,,,,,,,1,,,,,,,,,,,,,,,,January,,,,,,,,,,,,,,,,,,,Varèse Sarabande,1/1/2002,Christmas Joy,2002
4510,The Ventures,,,,,,,,,,,,,,,,,,,1,,,,,,,,,,,,,,,,January,,,,,,,,,,,,,,,,,,,Japan CD,1/1/2007,Rocky!,2007
4511,The Ventures,,,,,,,,,,,,,,,,,,,1,,,,,,,,,,,,,,,,January,,,,,,,,,,,,,,,,,,,Japan CD,1/1/2010,In My Life,2010
4512,The Ventures,,,,,,,,,,,,,,,,,,,1,,,,,,,,,,,,,,,,January,,,,,,,,,,,,,,,,,,,Hi-Tide Recordings,1/1/2023,New Space,2023
4513,The White Stripes,,,,,,,BPI,Gold,,,,,,,,,,,15,,,,,cassette,CD,,,,LP,,,,,,June,,,,159,,,,,,,,,,,142,,,,"Sympathy for the Record Industry, Third Man Records",6/15/1999,The White Stripes,1999
4514,The White Stripes,,,,,,,BPI,Gold,,,,,,,,,,,20,,,,,,CD,,,,LP,,,,,,June,,,,164,,,,,,,,,,,137,,,,Sympathy for the Record Industry,6/20/2000,De Stijl,2000
4515,The White Stripes,ARIA,Gold,,,,,BPI,Platinum,,MC,Gold,,RIAA,Platinum,,,,,3,,,,,cassette,CD,,,,LP,,,,,,July,36,,,114,,36,,,,28,,,53,,55,61,,,"Sympathy for the Record Industry, Third Man Records",7/3/2001,White Blood Cells,2001
4516,The White Stripes,ARIA,Platinum,,,,,BPI,Platinum,,MC,Platinum,,RIAA,Platinum,,,,,1,,,,,,CD,,,,LP,,,,,,April,4,,5,21,,3,,,24,3,6,,7,,1,6,,,V2,4/1/2003,Elephant,2003
4517,The White Stripes,ARIA,Platinum,,,,,BPI,Platinum,,MC,Platinum,,RIAA,Gold,,,,,7,,,,,,CD,,,,LP,,,,,,June,3,,3,7,,3,,,13,3,3,,8,,3,3,,,V2,6/7/2005,Get Behind Me Satan,2005
4518,The White Stripes,ARIA,Gold,,,,,BPI,Gold,,MC,Platinum,,RIAA,Gold,,,,,15,,,,,,CD,,digital download,,LP,,,,,,June,3,,2,9,,5,,,8,4,2,,9,,1,2,,,"Third Man, Warner Bros.",6/15/2007,Icky Thump,2007
4519,The Who,,,,,,,BPI,Gold,,,,,,,,,,,3,,,,,,,,,,,,,,,,December,,,,,14,,,,,,,,,,,,,,Brunswick,12/3/1965,My Generation (UK) The Who Sings My Generation (US),1965
4520,The Who,,,,,,,,,,,,,,,,,,,9,,,,,,,,,,,,,,,,December,,,13,,,,,,,19,,,,,,67,,,Reaction,12/9/1966,A Quick One (UK) Happy Jack (US),1966
4521,The Who,,,,,,,BPI,Silver,,,,,,,,,,,15,,,,,,,,,,,,,,,,December,,,160,3,,,,,,,,,,48,,48,,,Track,12/15/1967,The Who Sell Out,1967
4522,The Who,,,,,,,BPI,Gold,,,,,RIAA,Platinum,,SNEP,Gold,,19,,,,,,,,,,,,,,,,May,,,6,2,50,,,,5,,,,,,,4,,,Track,5/19/1969,Tommy,1969
4523,The Who,,,,,,,BPI,Platinum,,,,,RIAA,Platinum,,,,,2,,,,,,,,,,,,,,,,August,,,5,2,14,,,,2,6,,,,39,,4,,,Track,8/2/1971,Who's Next,1971
4524,The Who,,,,,,,BPI,Gold,,,,,RIAA,Platinum,,SNEP,Gold,,26,,,,,,,,,,,,,,,,October,,,2,,,,,,3,3,,,,,,2,,,Track,10/26/1973,Quadrophenia,1973
4525,The Who,,,,,,,BPI,Gold,,MC,Gold,,RIAA,Platinum,,,,,3,,,,,,,,,,,,,,,,October,,,9,3,,,,,,,,,,,,8,,,Polydor,10/3/1975,The Who by Numbers,1975
4526,The Who,,,,,,,BPI,Gold,,MC,Platinum,,RIAA,Platinum,,,,,21,,,,,,,,,,,,,,,,August,,,2,7,49,,,,29,21,,,27,,,2,,,Polydor,8/21/1978,Who Are You,1978
4527,The Who,,,,,,,BPI,Silver,,,,,RIAA,Platinum,,,,,16,,,,,,,,,,,,,,,,March,,,1,12,29,,,,16,19,,,17,,,4,,,Polydor,3/16/1981,Face Dances,1981
4528,The Who,,,,,,,,,,MC,Gold,,RIAA,Gold,,,,,1,,,,,,,,,,,,,,,,September,,,3,,,,,,43,28,,,47,,,8,,,Polydor,9/1/1982,It's Hard,1982
4529,The Who,,,,,,,BPI,Gold,,,,,,,,,,,30,,,,,,,,,,,,,,,,October,,,10,62,34,,,,77,23,,,,51,,7,,,Polydor,10/30/2006,Endless Wire,2006
4530,The Who,,,,,,,BPI,Gold,,,,,,,,,,,6,,,,,,,,,,,,,,,,December,,,2,43,5,,,,38,,,,27,5,,2,,,Polydor,12/6/2019,Who,2019
4531,The Yardbirds,,,,,,,,,,,,,,,,,,,4,,,,,,,,,,,,,,,,December,,,,,,,,,,,,,,,,,,,Columbia,12/4/1964,Five Live Yardbirds,1964
4532,The Yardbirds,,,,,,,,,,,,,,,,,,,5,,,,,,,,,,,,,,,,July,,,,,,,,,,,,,,,,96,,,Epic,7/5/1965,For Your Love,1965
4533,The Yardbirds,,,,,,,,,,,,,,,,,,,6,,,,,,,,,,,,,,,,September,,,,,,,,,,,,,,,,,,,Capitol,9/6/1965,Heart Full of Soul,1965
4534,The Yardbirds,,,,,,,,,,,,,,,,,,,30,,,,,,,,,,,,,,,,November,,,,,,,,,,,,,,,,53,,,Epic,11/30/1965,Having a Rave Up with the Yardbirds,1965
4535,The Yardbirds,,,,,,,,,,,,,,,,,,,15,,,,,,,,,,,,,,,,July,,,,,,,,,,,,,,,20,,,,Columbia,7/15/1966,Yardbirds a.k.a. Roger the Engineer,1966
4536,The Yardbirds,,,,,,,,,,,,,,,,,,,8,,,,,,,,,,,,,,,,August,,,,,,,,,,,,,,,,52,,,Epic,8/8/1966,Over Under Sideways Down,1966
4537,The Yardbirds,,,,,,,,,,,,,,,,,,,17,,,,,,,,,,,,,,,,April,,,,,,,,,,,,,,,,28,,,Epic,4/17/1967,The Yardbirds Greatest Hits,1967
4538,The Yardbirds,,,,,,,,,,,,,,,,,,,24,,,,,,,,,,,,,,,,July,,,,,,,,,,,,,,,,80,,,Epic,7/24/1967,Little Games,1967
4539,The Zombies,,,,,,,,,,,,,,,,,,,1,,,,,,,,,,,,,,,,January,,,,,,,,,,,,,,,,,,,Parrot,1/1/1965,Begin Here (UK)/The Zombies (US),1965
4540,The Zombies,,,,,,,,,,,,,,,,,,,1,,,,,,,,,,,,,,,,January,,,,,,,,,,,,,,,,,,,Date,1/1/1968,Odessey and Oracle,1968
4541,The Zombies,,,,,,,,,,,,,,,,,,,1,,,,,,,,,,,,,,,,January,,,,,,,,,,,,,,,,,,,"RCA, Big Beat",1/1/1990,The Return of the Zombies,1990
4542,The Zombies,,,,,,,,,,,,,,,,,,,1,,,,,,,,,,,,,,,,January,,,,,,,,,,,,,,,,,,,Varèse Sarabande,1/1/2000,R.I.P.,2000
4543,The Zombies,,,,,,,,,,,,,,,,,,,1,,,,,,,,,,,,,,,,January,,,,,,,,,,,,,,,,,,,,1/1/2001,Out of the Shadows,2001
4544,The Zombies,,,,,,,,,,,,,,,,,,,1,,,,,,,,,,,,,,,,January,,,,,,,,,,,,,,,,,,,Rhino,1/1/2004,As Far as I Can See...,2004
4545,The Zombies,,,,,,,,,,,,,,,,,,,1,,,,,,,,,,,,,,,,January,,,,,,,,,,,,,,,,,,,Rhino,1/1/2011,"Breathe Out, Breathe In",2011
4546,The Zombies,,,,,,,,,,,,,,,,,,,1,,,,,,,,,,,,,,,,January,,,,,,,,,,,,,,,,,,,The End Records,1/1/2015,Still Got That Hunger,2015
4547,The Zombies,,,,,,,,,,,,,,,,,,,1,,,,,,,,,,,,,,,,January,,,,,,,,,,,,,,,,,,,Cooking Vinyl,1/1/2023,Different Game,2023
4548,Tina Turner,,,,,,,,,,,,,,,,,,,1,,,,,cassette,,,,,LP,,,,,,September,,,,,,,,,,,,,,,,,,,"United Artists, EMI",9/1/1974,Tina Turns the Country On!,1974
4549,Tina Turner,,,,,,,,,,,,,,,,,,,1,,,,,cassette,,,,,LP,,,,,,August,75,,,,,,,,,,,,,,,155,,39,United Artists/EMI/Capitol,8/1/1975,Acid Queen,1975
4550,Tina Turner,,,,,,,,,,,,,,,,,,,1,,,,,cassette,,,,,LP,,,,,,September,,,,,,,,,,,,,,,,,,,United Artists/EMI/Ariola,9/1/1978,Rough,1978
4551,Tina Turner,,,,,,,,,,,,,,,,,,,1,,,,,cassette,,,,,LP,,,,,,November,,,,,,,,,,,,,,,,,,,United Artists/EMI/Ariola,11/1/1979,Love Explosion,1979
4552,Tina Turner,ARIA,Platinum,,BMVI,Gold,,BPI,Platinum,,MC,Platinum,,RIAA,Platinum,,,,,29,,,,,cassette,CD,,,,LP,,,,,,May,7,1,1,,2,,,,3,,,,,3,2,3,,1,"Capitol, EMI, Parlophone",5/29/1984,Private Dancer,1984
4553,Tina Turner,,,,BMVI,Platinum,,BPI,Platinum,,MC,Platinum,,RIAA,Platinum,,,,,8,,,,,cassette,CD,,,,LP,,,,,,September,11,2,3,,1,,,,2,,,,,1,2,4,,7,"Capitol, EMI, Columbia, Parlophone",9/8/1986,Break Every Rule,1986
4554,Tina Turner,ARIA,Platinum,,BMVI,Platinum,,BPI,Platinum,,MC,Platinum,,RIAA,Gold,,,,,18,,,,,cassette,CD,,,,LP,,,,,,September,15,1,12,,1,,,,6,,,,,1,1,31,,83,"Capitol. EMI, Parlophone",9/18/1989,Foreign Affair,1989
4555,Tina Turner,,,,BMVI,Platinum,,BPI,Platinum,,MC,Gold,,,,,,,,22,,,,,cassette,CD,,,,LP,,,,,,April,14,2,29,14,2,,,,4,,,,,1,4,61,,26,"Virgin, Parlophone. EMI",4/22/1996,Wildest Dreams,1996
4556,Tina Turner,,,,BMVI,Gold,,BPI,Platinum,,MC,Gold,,RIAA,Gold,,,,,28,,,,,cassette,CD,,,,,,,,,,October,194,5,9,23,3,,,,24,,,,,1,9,21,,29,"Virgin, Parlophone. EMI",10/28/1999,Twenty Four Seven,1999
4557,Todd Rundgren,,,,,,,,,,,,,,,,,,,1,,,,,,,,,,,,,,,,September,,,,,,,,269,,,,,,,,185,,,"Ampex, Bearsville",9/1/1970,Runt,1970
4558,Todd Rundgren,,,,,,,,,,,,,,,,,,,24,,,,,,,,,,,,,,,,June,,,,,,,,,,,,,,,,214,,,"Ampex, Bearsville",6/24/1971,Runt. The Ballad of Todd Rundgren,1971
4559,Todd Rundgren,,,,,,,,,,,,,RIAA,Gold,,,,,1,,,,,,,,,,,,,,,,February,,,34,,,,,,,,,,,,,29,,,Bearsville,2/1/1972,Something/Anything?,1972
4560,Todd Rundgren,,,,,,,,,,,,,,,,,,,2,,,,,,,,,,,,,,,,March,,,,,,,,,,,,,,,,86,,,Bearsville,3/2/1973,"A Wizard, a True Star",1973
4561,Todd Rundgren,,,,,,,,,,,,,,,,,,,1,,,,,,,,,,,,,,,,February,,,33,,,,,,,,,,,,,54,,,Bearsville,2/1/1974,Todd,1974
4562,Todd Rundgren,,,,,,,,,,,,,,,,,,,14,,,,,,,,,,,,,,,,June,,,,,,,,,,,,,,,,86,,,Bearsville,6/14/1975,Initiation,1975
4563,Todd Rundgren,,,,,,,,,,,,,,,,,,,1,,,,,,,,,,,,,,,,April,,,,,,,,,,,,,,,,54,,,Bearsville,4/1/1976,Faithful,1976
4564,Todd Rundgren,,,,,,,,,,,,,,,,,,,7,,,,,,,,,,,,,,,,April,11,,27,,,,,,,,,,,,42,36,,,Bearsville,4/7/1978,Hermit of Mink Hollow,1978
4565,Todd Rundgren,,,,,,,,,,,,,,,,,,,28,,,,,,,,,,,,,,,,January,,,,,,,,,,,,,,,,48,,,"Bearsville, Avatar, Island",1/28/1981,Healing,1981
4566,Todd Rundgren,,,,,,,,,,,,,,,,,,,15,,,,,,,,,,,,,,,,November,,,,,,,,,,,,,,,,66,,,"Bearsville, Festival",11/15/1982,The Ever Popular Tortured Artist Effect,1982
4567,Todd Rundgren,,,,,,,,,,,,,,,,,,,1,,,,,,,,,,,,,,,,September,,,,,,,,,,,,,,,,128,,,"Warner Bros., Rhino",9/1/1985,A Cappella,1985
4568,Todd Rundgren,,,,,,,,,,,,,,,,,,,18,,,,,,,,,,,,,,,,May,,,87,,,,,85,,,,,,,,102,,,Warner Bros.,5/18/1989,Nearly Human,1989
4569,Todd Rundgren,,,,,,,,,,,,,,,,,,,16,,,,,,,,,,,,,,,,January,,,,,,,,82,,,,,,,,118,,,Warner Bros.,1/16/1991,2nd Wind,1991
4570,Todd Rundgren,,,,,,,,,,,,,,,,,,,6,,,,,,,,,,,,,,,,July,,,,,,,,96,,,,,,,,,,,"Rhino, Forward, BMG",7/6/1993,No World Order,1993
4571,Todd Rundgren,,,,,,,,,,,,,,,,,,,31,,,,,,,,,,,,,,,,October,,,,,,,,,,,,,,,,,,,Digital Entertainment,10/31/1995,The Individualist,1995
4572,Todd Rundgren,,,,,,,,,,,,,,,,,,,16,,,,,,,,,,,,,,,,May,,,,,,,,,,,,,,,,,,,Pony Canyon,5/16/1997,Up Against It,1997
4573,Todd Rundgren,,,,,,,,,,,,,,,,,,,23,,,,,,,,,,,,,,,,September,,,,,,,,,,,,,,,,,,,Guardian,9/23/1997,With a Twist...,1997
4574,Todd Rundgren,,,,,,,,,,,,,,,,,,,20,,,,,,,,,,,,,,,,June,,,,,,,,,,,,,,,,,,,"Artemis, Sheridan Square Entertainment, Epic",6/20/2000,One Long Year,2000
4575,Todd Rundgren,,,,,,,,,,,,,,,,,,,6,,,,,,,,,,,,,,,,April,,,,,,,,,,,,,,,132,,,,"Sanctuary, Earmark",4/6/2004,Liars,2004
4576,Todd Rundgren,,,,,,,,,,,,,,,,,,,30,,,,,,,,,,,,,,,,September,,,,,,,,,,,,,,,,,,,"Hi Fi, Cooking Vinyl",9/30/2008,Arena,2008
4577,Todd Rundgren,,,,,,,,,,,,,,,,,,,26,,,,,,,,,,,,,,,,April,,,,,,,,,,,,,,,,,,,MPCA,4/26/2011,Todd Rundgren's Johnson,2011
4578,Todd Rundgren,,,,,,,,,,,,,,,,,,,13,,,,,,,,,,,,,,,,September,,,,,,,,,,,,,,,,,,,MRI,9/13/2011,(re)Production,2011
4579,Todd Rundgren,,,,,,,,,,,,,,,,,,,9,,,,,,,,,,,,,,,,April,,,,,,,,,,,,,,,,,,,Esoteric Antenna,4/9/2013,State,2013
4580,Todd Rundgren,,,,,,,,,,,,,,,,,,,7,,,,,,,,,,,,,,,,April,,,,,,,,222,,,,,,,,,,,Esoteric Antenna,4/7/2015,Global,2015
4581,Todd Rundgren,,,,,,,,,,,,,,,,,,,4,,,,,,,,,,,,,,,,May,,,,,,,,,,,,,,,,,,,Smalltown Supersound,5/4/2015,Runddans,2015
4582,Todd Rundgren,,,,,,,,,,,,,,,,,,,12,,,,,,,,,,,,,,,,May,,,,,,,,,,,,,,,,,,,Cleopatra,5/12/2017,White Knight,2017
4583,Todd Rundgren,,,,,,,,,,,,,,,,,,,14,,,,,,,,,,,,,,,,October,,,,,,,,,,,,,,,,,,,Cleopatra,10/14/2022,Space Force,2022
4584,Tom Petty and the Heartbreakers,,,,,,,,,,,,,RIAA,Gold,,,,,9,,,,,,,,,,,,,,,,November,57,,,,,,,,,,18,,,,24,55,,,Shelter,11/9/1976,Tom Petty and the Heartbreakers,1976
4585,Tom Petty and the Heartbreakers,,,,,,,,,,,,,RIAA,Gold,,,,,2,,,,,,,,,,,,,,,,May,60,,,,,,,,,,33,,,,34,23,,,Shelter,5/2/1978,You're Gonna Get It!,1978
4586,Tom Petty and the Heartbreakers,,,,,,,,,,MC,Platinum,,RIAA,Platinum,,,,,19,,,,,,,,,,,,,,,,October,15,,,,,,,,,,1,,,,57,2,,,Backstreet/MCA,10/19/1979,Damn the Torpedoes,1979
4587,Tom Petty and the Heartbreakers,ARIA,Gold,,,,,,,,MC,Platinum,,RIAA,Platinum,,,,,5,,,,,,,,,,,,,,,,May,21,,,,,,,,,,1,,22,,32,5,,,Backstreet/MCA,5/5/1981,Hard Promises,1981
4588,Tom Petty and the Heartbreakers,,,,,,,,,,MC,Gold,,RIAA,Gold,,,,,2,,,,,,,,,,,,,,,,November,77,,,,50,,,,,,25,,20,86,45,9,,,Backstreet/MCA,11/2/1982,Long After Dark,1982
4589,Tom Petty and the Heartbreakers,,,,,,,,,,MC,Gold,,RIAA,Platinum,,,,,26,,,,,,,,,,,,,,,,March,53,,,,,,,,,,25,,10,,23,7,,,MCA,3/26/1985,Southern Accents,1985
4590,Tom Petty and the Heartbreakers,,,,,,,,,,MC,Platinum,,RIAA,Gold,,,,,21,,,,,,,,,,,,,,,,April,63,,,,,,,,,,23,,15,,59,20,,,MCA,4/21/1987,Let Me Up (I've Had Enough),1987
4591,Tom Petty and the Heartbreakers,,,,,,,BPI,Gold,,MC,Platinum,,RIAA,Platinum,,,,,2,,,,,,,,,,,,,,,,July,28,7,,,8,,,,,5,12,,2,12,3,13,,,MCA,7/2/1991,Into the Great Wide Open,1991
4592,Tom Petty and the Heartbreakers,,,,,,,,,,,,,RIAA,Gold,,,,,6,,,,,,,,,,,,,,,,August,,27,,,20,,,,,22,,,5,27,37,15,,,Warner Bros.,8/6/1996,"Songs and Music from ""She's the One""",1996
4593,Tom Petty and the Heartbreakers,,,,,,,,,,MC,Gold,,RIAA,Gold,,,,,13,,,,,,,,,,,,,,,,April,,27,,,5,,,,,,43,,5,39,43,10,,,Warner Bros.,4/13/1999,Echo,1999
4594,Tom Petty and the Heartbreakers,,,,,,,,,,,,,,,,,,,8,,,,,,,,,,,,,,,,October,,54,,,15,,,,,,,,21,44,179,9,,,Warner Bros.,10/8/2002,The Last DJ,2002
4595,Tom Petty and the Heartbreakers,,,,,,,,,,,,,,,,,,,15,,,,,,,,,,,,,,,,June,52,42,,,12,,,,,9,11,,3,27,38,2,,,Reprise,6/15/2010,Mojo,2010
4596,Tom Petty and the Heartbreakers,,,,,,,,,,,,,,,,,,,28,,,,,,,,,,,,,,,,July,30,18,,,5,,,,,16,10,,6,14,7,1,,,Reprise,7/28/2014,Hypnotic Eye,2014
4597,Tom Waits,,,,,,,BPI,Gold,,,,,,,,,,,6,,,,,,CD,,,,LP,,,,,,March,,,,,44,29,,,,,,,,,,,,,Asylum,3/6/1973,Closing Time,1973
4598,Tom Waits,,,,,,,BPI,Gold,,,,,,,,,,,15,,,,,,CD,,,,LP,,,,,,October,,,,,,,,,,,,,,,,201,,,Asylum,10/15/1974,The Heart of Saturday Night,1974
4599,Tom Waits,,,,,,,BPI,Silver,,,,,,,,,,,21,,,,,cassette,CD,,,,LP,,,,,,October,,,,,,,,,,,,,,,,164,,,Asylum,10/21/1975,Nighthawks at the Diner,1975
4600,Tom Waits,ARIA,Gold,,,,,BPI,Silver,,,,,,,,,,,21,,,,,,CD,,,,LP,,,,,,September,,,,,,,,,,,,,,,,89,,,Asylum,9/21/1976,Small Change,1976
4601,Tom Waits,,,,,,,,,,,,,,,,,,,13,,,,,cassette,CD,,,,LP,,,,,,September,,,,,,,,,,,,,,,,113,,,Asylum,9/13/1977,Foreign Affairs,1977
4602,Tom Waits,,,,,,,BPI,Gold,,,,,,,,,,,5,,,,,cassette,CD,,,,LP,,,,,,September,42,,,,,,,,,,,,,,,181,,,Asylum,9/5/1978,Blue Valentine,1978
4603,Tom Waits,,,,,,,,,,,,,,,,,,,9,,,,,cassette,CD,,,,LP,,,,,,September,31,,,,,81,,,,,,,,,,96,,,Asylum,9/9/1980,Heartattack and Vine,1980
4604,Tom Waits,,,,,,,BPI,Silver,,,,,,,,,,,1,,,,,cassette,CD,,,,LP,,,,,,September,,,,,,,,,48,18,,,,,62,167,,,Island,9/1/1983,Swordfishtrombones,1983
4605,Tom Waits,,,,,,,BPI,Gold,,MC,Gold,,RIAA,Gold,,,,,30,,,,,cassette,CD,,,,LP,,,,,,September,49,26,,,,,,,23,12,,,5,,29,181,,,Island,9/30/1985,Rain Dogs,1985
4606,Tom Waits,,,,,,,,,,MC,Gold,,,,,,,,17,,,,,cassette,CD,,,,LP,,,,,,August,83,24,,,49,,,,21,13,,,17,,20,115,,,Island,8/17/1987,Franks Wild Years,1987
4607,Tom Waits,,,,,,,,,,,,,,,,,,,8,,,,,cassette,CD,,,,LP,,,,,,September,41,22,,,42,,,,31,15,,,38,,26,176,,,Island,9/8/1992,Bone Machine,1992
4608,Tom Waits,,,,,,,,,,,,,,,,,,,2,,,,,,CD,,,,LP,,,,,,November,165,,,,,,,,68,,,,,,47,130,,,Island,11/2/1993,The Black Rider,1993
4609,Tom Waits,,,,,,,BPI,Silver,,MC,Gold,,RIAA,Gold,,,,,16,,,,,cassette,CD,,,,LP,MiniDisc,,,,,April,13,7,,22,4,,,,12,1,,,7,,9,30,,,Anti-,4/16/1999,Mule Variations,1999
4610,Tom Waits,,,,,,,,,,,,,,,,,,,4,,,,,,CD,,,,LP,,,,,,May,26,3,,27,10,5,,,16,3,,,13,,20,33,,,Anti-,5/4/2002,Alice,2002
4611,Tom Waits,,,,,,,,,,,,,,,,,,,4,,,,,,CD,,,,LP,,,,,,May,25,5,,36,9,4,,,21,4,,,12,,21,32,,,Anti-,5/4/2002,Blood Money,2002
4612,Tom Waits,,,,,,,BPI,Silver,,,,,,,,,,,3,,,,,,CD,,,,LP,,,,,,October,27,11,,39,19,9,,,10,2,,,9,,16,28,,,Anti-,10/3/2004,Real Gone,2004
4613,Tom Waits,,,,,,,,,,,,,,,,,,,21,,,,,,CD,,digital download,,LP,,,,,,October,11,5,,28,7,5,,,3,1,,,4,,10,6,,,Anti-,10/21/2011,Bad as Me,2011
4614,Traffic,,,,,,,,,,,,,,,,,,,1,,,,,,,,,,,,,,,,December,,,,,,,,,,,,,,,16,88,,,Island,12/1/1967,Mr. Fantasy,1967
4615,Traffic,,,,,,,,,,,,,,,,,,,1,,,,,,,,,,,,,,,,October,,,15,,,,,,,,,,,,9,17,,,Island,10/1/1968,Traffic,1968
4616,Traffic,,,,,,,,,,,,,,,,,,,1,,,,,,,,,,,,,,,,May,,,31,,,,,,,,,,,,,19,,,Island,5/1/1969,Last Exit,1969
4617,Traffic,,,,,,,,,,,,,,,,,,,1,,,,,,,,,,,,,,,,July,14,,6,,,,,,5,15,,,,,11,5,,,Island,7/1/1970,John Barleycorn Must Die,1970
4618,Traffic,,,,,,,,,,,,,,,,,,,1,,,,,,,,,,,,,,,,November,38,,17,,48,,,,,,,,,,,7,,,Island,11/1/1971,The Low Spark of High Heeled Boys,1971
4619,Traffic,,,,,,,,,,,,,,,,,,,1,,,,,,,,,,,,,,,,February,35,,2,,,,20,,,,,,,,,6,,,Island,2/1/1973,Shoot Out at the Fantasy Factory,1973
4620,Traffic,,,,,,,,,,,,,,,,,,,1,,,,,,,,,,,,,,,,September,43,,16,,,,,,,,,,,,31,9,,,Island,9/1/1974,When the Eagle Flies,1974
4621,Traffic,,,,,,,,,,,,,,,,,,,9,,,,,,,,,,,,,,,,May,,,,,22,,,,72,,,,,,29,33,,,Virgin,5/9/1994,Far from Home,1994
4622,Tupac Shakur,,,,,,,,,,,,,RIAA,Gold,,,,,12,,,,,cassette,CD,,digital download,,LP,,,,,,November,,,,,,,,,,,,,,,,64,,13,"TNT, Interscope",11/12/1991,2Pacalypse Now,1991
4623,Tupac Shakur,,,,,,,BPI,Silver,,,,,RIAA,Platinum,,,,,16,,,,,cassette,CD,,digital download,,LP,,,,,,February,,,,,,,,,,,,,,,,24,,4,"TNT, Interscope, Atlantic",2/16/1993,Strictly 4 My N.I.G.G.A.Z...,1993
4624,Tupac Shakur,,,,,,,BPI,Gold,,,,,RIAA,Platinum,,,,,14,,,,,cassette,CD,,digital download,,LP,,,,,,March,93,,20,,23,,,,,,,,,,90,1,,1,"Out da Gutta, Interscope, Atlantic",3/14/1995,Me Against the World,1995
4625,Tupac Shakur,ARIA,Gold,,,,,BPI,Platinum,,MC,Platinum,,RIAA,Diamond,,,,,13,,,,,cassette,CD,,digital download,,LP,,,,,,February,19,,10,99,16,,,,11,,15,,,15,32,1,,1,"Death Row, Interscope",2/13/1996,All Eyez on Me,1996
4626,U2,ARIA,Gold,,,,,BPI,Gold,,MC,Platinum,,RIAA,Platinum,,SNEP,Gold,,20,,,,,,,,,,,,,,,,October,35,,12,,,13,,,,,13,,38,,52,63,,,Island,10/20/1980,Boy,1980
4627,U2,ARIA,Gold,,,,,BPI,Platinum,,,,,RIAA,Platinum,,SNEP,Gold,,12,,,,,,,,,,,,,,,,October,34,,,,,17,,,,,6,,40,,11,104,,,Island,10/12/1981,October,1981
4628,U2,ARIA,Platinum,,,,,BPI,Platinum,,MC,Platinum,,RIAA,Platinum,,SNEP,Platinum,,28,,,,,,,,,,,,,,,,February,9,,4,4,59,16,,,,,5,,2,,1,12,,,Island,2/28/1983,War,1983
4629,U2,,,,,,,BPI,Platinum,,MC,Platinum,,RIAA,Platinum,,SNEP,Gold,,1,,,,,,,,,,,,,,,,October,1,,5,,14,53,,,,,1,,6,24,1,12,,,Island,10/1/1984,The Unforgettable Fire,1984
4630,U2,ARIA,Platinum,,,,,BPI,Platinum,,MC,Diamond,,RIAA,Diamond,,SNEP,Platinum,,9,,,,,,,,,,,,,,,,March,3,,1,1,1,1,,,,,1,,1,1,1,1,,,Island,3/9/1987,The Joshua Tree,1987
4631,U2,ARIA,Platinum,,,,,BPI,Platinum,,MC,Platinum,,RIAA,Platinum,,SNEP,Platinum,,10,,,,,,,,,,,,,,,,October,1,,1,8,1,1,,,,,1,,2,1,1,1,,,Island,10/10/1988,Rattle and Hum,1988
4632,U2,ARIA,Platinum,,,,,BPI,Platinum,,MC,Diamond,,RIAA,Platinum,,SNEP,Platinum,,18,,,,,,,,,,,,,,,,November,1,,1,1,4,1,,,,,1,,3,3,2,1,,,Island,11/18/1991,Achtung Baby,1991
4633,U2,ARIA,Platinum,,,,,BPI,Platinum,,MC,Platinum,,RIAA,Platinum,,SNEP,Platinum,,5,,,,,,,,,,,,,,,,July,1,,1,1,1,1,,,,,1,,1,1,1,1,,,Island,7/5/1993,Zooropa,1993
4634,U2,ARIA,Platinum,,,,,BPI,Platinum,,MC,Platinum,,RIAA,Platinum,,SNEP,Platinum,,3,,,,,,,,,,,,,,,,March,1,,1,1,1,1,,,,,1,,1,1,1,1,,,Island,3/3/1997,Pop,1997
4635,U2,ARIA,Platinum,,,,,BPI,Platinum,,MC,Platinum,,RIAA,Platinum,,SNEP,Platinum,,30,,,,,,,,,,,,,,,,October,1,,1,1,1,1,,,,,1,,1,2,1,3,,,Island/Interscope,10/30/2000,All That You Can't Leave Behind,2000
4636,U2,ARIA,Platinum,,,,,BPI,Platinum,,MC,Platinum,,RIAA,Platinum,,SNEP,Platinum,,22,,,,,,,,,,,,,,,,November,1,,1,1,1,1,,,,,1,,1,1,1,1,,,Island/Interscope,11/22/2004,How to Dismantle an Atomic Bomb,2004
4637,U2,ARIA,Platinum,,,,,BPI,Platinum,,MC,Platinum,,RIAA,Platinum,,,,,27,,,,,,CD,,digital download,,LP,,,,,,February,1,,1,1,1,1,,,,,1,,2,1,1,1,,,Island/Interscope,2/27/2009,No Line on the Horizon,2009
4638,U2,,,,,,,BPI,Silver,,,,,,,,,,,9,,,,,,CD,,digital download,,LP,,,,,,September,7,,5,1,2,2,,,,,6,,2,3,6,9,,,Island,9/9/2014,Songs of Innocence,2014
4639,U2,,,,,,,BPI,Gold,,MC,Gold,,,,,SNEP,Platinum,,1,,,,,,CD,,digital download,,LP,,,,,,December,5,,1,3,2,1,,,,,9,,2,2,5,1,,,Island,12/1/2017,Songs of Experience,2017
4640,U2,,,,,,,,,,,,,,,,SNEP,Gold,,17,,,,,cassette,CD,,digital download,,LP,,,,,,March,3,,5,2,1,1,,,,,8,,2,1,1,5,,,Island/Interscope,3/17/2023,Songs of Surrender,2023
4641,Van Halen,,,,,,,BPI,Gold,,MC,Platinum,,RIAA,Diamond,,SNEP,Gold,,10,,,,,,,,,,,,,,,,February,17,,18,,,,,,10,,22,,,,34,19,,,Warner Bros.,2/10/1978,Van Halen,1978
4642,Van Halen,,,,,,,,,,MC,Platinum,,RIAA,Platinum,,SNEP,Gold,,23,,,,,,,,,,,,,,,,March,68,,15,,24,,,,11,,,,22,,23,6,,,Warner Bros.,3/23/1979,Van Halen II,1979
4643,Van Halen,,,,,,,,,,MC,Platinum,,RIAA,Platinum,,SNEP,Gold,,26,,,,,,,,,,,,,,,,March,,,12,,19,,,,3,23,48,,19,,15,6,,,Warner Bros.,3/26/1980,Women and Children First,1980
4644,Van Halen,,,,,,,,,,MC,Platinum,,RIAA,Platinum,,,,,29,,,,,,,,,,,,,,,,April,97,,11,,37,,,,13,27,,,18,,49,5,,,Warner Bros.,4/29/1981,Fair Warning,1981
4645,Van Halen,,,,,,,,,,MC,Platinum,,RIAA,Platinum,,,,,19,,,,,,,,,,,,,,,,April,79,,5,,65,,,,28,19,37,,28,,36,3,,,Warner Bros.,4/19/1982,Diver Down,1982
4646,Van Halen,,,,,,,BPI,Gold,,MC,Platinum,,RIAA,Diamond,,SNEP,Gold,,9,,,,,,,,,,,,,,,,January,11,12,1,,11,,,,8,12,15,,4,7,15,2,,,Warner Bros.,1/9/1984,1984,1984
4647,Van Halen,ARIA,Platinum,,,,,BPI,Silver,,MC,Platinum,,RIAA,Platinum,,,,,24,,,,,,,,,,,,,,,,March,5,13,2,,11,,,,30,5,13,,2,16,16,1,,,Warner Bros.,3/24/1986,5150,1986
4648,Van Halen,,,,,,,BPI,Silver,,,,,RIAA,Platinum,,,,,23,,,,,,,,,,,,,,,,May,9,21,1,,12,,,,22,5,35,,9,9,16,1,,,Warner Bros.,5/23/1988,OU812,1988
4649,Van Halen,,,,,,,BPI,Silver,,MC,Platinum,,RIAA,Platinum,,,,,17,,,,,,,,,,,,,,,,June,5,21,4,,6,,,,24,,25,,17,11,12,1,,,Warner Bros.,6/17/1991,For Unlawful Carnal Knowledge,1991
4650,Van Halen,,,,,,,,,,MC,Platinum,,RIAA,Platinum,,,,,24,,,,,,,,,,,,,,,,January,9,18,2,,8,,,,5,17,16,,5,6,8,1,,,Warner Bros.,1/24/1995,Balance,1995
4651,Van Halen,,,,,,,,,,,,,RIAA,Gold,,,,,17,,,,,,,,,,,,,,,,March,8,23,4,,13,,,,24,29,14,,39,38,43,4,,,Warner Bros.,3/17/1998,Van Halen III,1998
4652,Van Halen,,,,,,,,,,MC,Gold,,,,,,,,7,,,,,,,,,,,,,,,,February,4,17,3,,8,,,,12,9,14,,4,6,6,2,,,Interscope,2/7/2012,A Different Kind of Truth,2012
4653,Van Morrison,,,,,,,,,,,,,,,,,,,1,,,,,cassette,,,,,LP,,,,,,September,,,,,,,,,,,,,,,,182,,,Bang,9/1/1967,Blowin' Your Mind!,1967
4654,Van Morrison,,,,,,,BPI,Platinum,,,,,RIAA,Gold,,,,,29,,,,,cassette,,,,,LP,,,,,,November,,,,,,26,67,,59,,,,,,55,,,,Warner,11/29/1968,Astral Weeks,1968
4655,Van Morrison,,,,,,,BPI,Platinum,,,,,RIAA,Platinum,,,,,27,,,,,cassette,,,,,LP,,,,,,January,20,,46,,56,,,,9,19,36,,,,32,29,,,Warner,1/27/1970,Moondance,1970
4656,Van Morrison,,,,,,,,,,,,,,,,,,,15,,,,,cassette,,,,,LP,,,,,,November,32,,39,,,,,,,,,,,,18,32,,,Warner,11/15/1970,His Band and the Street Choir,1970
4657,Van Morrison,,,,,,,,,,,,,RIAA,Gold,,,,,15,,8-track,,,cassette,,,,,LP,,,,,,October,33,,32,,,,,,,,,,,,,27,,,Warner,10/15/1971,Tupelo Honey,1971
4658,Van Morrison,,,,,,,,,,,,,,,,,,,1,,8-track,,,cassette,,,,,LP,,,,,,July,15,,14,,,,,,10,,,,,,,15,,,Warner,7/1/1972,Saint Dominic's Preview,1972
4659,Van Morrison,,,,,,,,,,,,,,,,,,,1,,8-track,,,cassette,,,,,LP,,,,,,August,42,,18,,,,,,,,,,,,22,27,,,Warner,8/1/1973,Hard Nose the Highway,1973
4660,Van Morrison,,,,,,,BPI,Silver,,,,,,,,,,,5,,8-track,,,cassette,,,,,LP,,,,,,October,59,,80,,,,,,,,,,,,41,53,,,Warner,10/5/1974,Veedon Fleece,1974
4661,Van Morrison,,,,,,,,,,,,,,,,,,,1,,8-track,,,cassette,,,,,LP,,,,,,April,31,,,,,,,,,,,,,,23,43,,,Warner,4/1/1977,A Period of Transition,1977
4662,Van Morrison,,,,,,,BPI,Silver,,,,,,,,,,,1,,8-track,,,cassette,,,,,LP,,,,,,September,16,,31,,,,,,50,,9,,,,27,28,,,Warner,9/1/1978,Wavelength,1978
4663,Van Morrison,,,,,,,BPI,Silver,,,,,,,,,,,1,,8-track,,,cassette,,,,,LP,,,,,,August,10,,20,,,,,,33,16,13,,,,21,43,,,Mercury,8/1/1979,Into the Music,1979
4664,Van Morrison,,,,,,,,,,,,,,,,,,,1,,,,,cassette,,,,,LP,,,,,,August,40,,,,,,,,,22,23,,,,53,73,,,Mercury,8/1/1980,Common One,1980
4665,Van Morrison,ARIA,Gold,,,,,,,,,,,,,,,,,16,,,,,cassette,CD,,,,LP,,,,,,February,20,,22,,,,,,25,9,13,,36,,31,44,,,Mercury,2/16/1982,Beautiful Vision,1982
4666,Van Morrison,,,,,,,,,,,,,,,,,,,1,,,,,cassette,CD,,,,LP,,,,,,March,21,,69,,,,,,14,17,4,,,,24,116,,,Mercury,3/1/1983,Inarticulate Speech of the Heart,1983
4667,Van Morrison,,,,,,,,,,,,,,,,,,,1,,,,,cassette,CD,,,,LP,,,,,,December,34,,27,,53,,,,30,,19,,43,30,25,61,,,Mercury,12/1/1984,A Sense of Wonder,1984
4668,Van Morrison,,,,,,,,,,,,,,,,,,,1,,,,,cassette,CD,,,,LP,,,,,,July,32,,57,,46,,,,30,,20,,9,,27,70,,,Mercury,7/1/1986,"No Guru, No Method, No Teacher",1986
4669,Van Morrison,,,,,,,,,,MC,Gold,,,,,,,,1,,,,,cassette,CD,,,,LP,,,,,,September,25,,23,,53,,,,13,,21,,19,,26,90,,,Mercury,9/1/1987,Poetic Champions Compose,1987
4670,Van Morrison,,,,,,,,,,,,,,,,,,,1,,,,,cassette,CD,,,,LP,,,,,,June,29,,29,,62,,,,35,15,23,,26,27,18,102,,,Mercury,6/1/1988,Irish Heartbeat (with The Chieftains),1988
4671,Van Morrison,,,,,,,BPI,Gold,,MC,Gold,,RIAA,Gold,,,,,19,,,,,cassette,CD,,,,LP,,,,,,May,30,,28,,35,1,,,8,11,18,,10,,13,91,,,Polydor,5/19/1989,Avalon Sunset,1989
4672,Van Morrison,,,,,,,BPI,Gold,,MC,Gold,,,,,,,,1,,,,,cassette,CD,,,,LP,,,,,,October,39,,19,,43,1,,,33,,14,,7,,5,62,,,Polydor,10/1/1990,Enlightenment,1990
4673,Van Morrison,,,,,,,,,,,,,,,,,,,1,,,,,cassette,,,,,,,,,,,January,,,,,,,,,,,,,,,,,,,Moles Records,1/1/1991,Cuchulainn,1991
4674,Van Morrison,,,,,,,BPI,Silver,,MC,Platinum,,RIAA,Gold,,,,,1,,,,,cassette,CD,,,,LP,,,,,,September,31,,28,,27,3,,,34,12,12,,10,34,5,99,,,Polydor,9/1/1991,Hymns to the Silence,1991
4675,Van Morrison,ARIA,Gold,,,,,BPI,Silver,,MC,Gold,,RIAA,Gold,,,,,8,,,,,cassette,CD,,,,LP,,,,,,June,4,,6,,47,5,,,21,2,3,,9,17,4,29,,,Exile,6/8/1993,Too Long in Exile,1993
4676,Van Morrison,,,,,,,BPI,Gold,,,,,RIAA,Gold,,,,,5,,,,,cassette,CD,,,,LP,,,,,,June,16,,15,,49,1,,,33,7,8,,8,39,5,33,,,Exile,6/5/1995,Days Like This,1995
4677,Van Morrison,,,,,,,,,,,,,,,,,,,1,,,,,cassette,CD,,,,LP,,,,,,December,100,,58,,83,,,,81,,,,47,,76,55,,,Verve,12/1/1995,How Long Has This Been Going On (with Georgie Fame & friends),1995
4678,Van Morrison,,,,,,,,,,,,,,,,,,,8,,,,,cassette,CD,,,,LP,,,,,,October,,,,,,,,,,,,,,,,,,,Verve,10/8/1996,"Tell Me Something: The Songs of Mose Allison (Georgie Fame, Mose Allison and Ben Sidran)",1996
4679,Van Morrison,,,,,,,BPI,Silver,,,,,,,,,,,4,,,,,cassette,CD,,,,LP,,,,,,March,17,,59,,12,5,,,29,8,6,,13,43,10,32,,,Exile,3/4/1997,The Healing Game,1997
4680,Van Morrison,,,,,,,BPI,Gold,,MC,Gold,,RIAA,Gold,,,,,9,,,,,cassette,CD,,,,LP,,,,,,March,13,,21,,20,7,,,21,1,5,,5,42,11,28,,,Virgin/Point Blank,3/9/1999,Back on Top,1999
4681,Van Morrison,,,,,,,,,,,,,,,,,,,3,,,,,cassette,CD,,,,LP,MiniDisc,,,,,October,,,,,47,23,,,94,32,36,,21,,34,161,,,Virgin/Point Blank,10/3/2000,You Win Again (with Linda Gail Lewis),2000
4682,Van Morrison,ARIA,Gold,,,,,BPI,Silver,,,,,RIAA,Gold,,,,,14,,,,,cassette,CD,,,,LP,,,,,,May,7,,,,10,6,,,13,5,8,,10,36,6,25,,,Exile,5/14/2002,Down the Road,2002
4683,Van Morrison,,,,,,,,,,,,,,,,,,,21,,,,,cassette,CD,,,,,,,,,,October,37,,,,13,19,,,13,10,17,,18,65,43,32,,,Blue Note,10/21/2003,What's Wrong with This Picture?,2003
4684,Van Morrison,,,,,,,BPI,Gold,,,,,,,,,,,17,,,,,cassette,CD,,,,LP,,,,,,May,15,,,,12,14,,,10,6,21,,6,45,3,25,,,Exile,5/17/2005,Magic Time,2005
4685,Van Morrison,,,,,,,BPI,Silver,,,,,,,,,,,6,,,,,,CD,,,,LP,,,,,,March,54,,,,21,22,,,31,10,,,16,55,8,26,,,Exile,3/6/2006,Pay the Devil,2006
4686,Van Morrison,,,,,,,,,,,,,,,,,,,17,,,,,,CD,,,,LP,,,,,,March,43,,10,,12,12,,,12,7,15,,11,55,10,10,,,Exile,3/17/2008,Keep It Simple,2008
4687,Van Morrison,,,,,,,,,,,,,,,,,,,2,,,,,,CD,,,,,,,,,,October,,,15,,15,9,,,20,14,12,,7,33,15,10,,,Blue Note,10/2/2012,Born to Sing: No Plan B,2012
4688,Van Morrison,,,,,,,BPI,Silver,,,,,,,,,,,13,,,,,,CD,,digital download,,LP,,,,,,March,10,,13,,11,7,,,3,8,2,,33,14,5,23,,,RCA,3/13/2015,Duets: Re-working the Catalogue,2015
4689,Van Morrison,,,,,,,,,,,,,,,,,,,30,,,,,,CD,,digital download,,LP,,,,,,September,11,,18,,6,14,,,7,20,5,,19,12,4,9,,,Caroline/Exile,9/30/2016,Keep Me Singing,2016
4690,Van Morrison,,,,,,,,,,,,,,,,,,,22,,,,,,CD,,digital download,,LP,,,,,,September,11,,26,,5,7,,,13,30,9,,40,9,4,23,,,Exile,9/22/2017,Roll with the Punches,2017
4691,Van Morrison,,,,,,,,,,,,,,,,,,,1,,,,,,CD,,digital download,,LP,,,,,,December,31,,,,35,28,,,28,,37,,50,80,38,119,,,Exile,12/1/2017,Versatile,2017
4692,Van Morrison,,,,,,,,,,,,,,,,,,,27,,,,,,CD,,digital download,,LP,,,,,,April,,,100,,10,39,,,29,,,,,41,20,76,,,Legacy,4/27/2018,You're Driving Me Crazy (with Joey DeFrancesco),2018
4693,Van Morrison,,,,,,,,,,,,,,,,,,,7,,,,,,CD,,digital download,,LP,,,,,,December,49,,98,,22,50,,,29,,34,,,34,40,110,,,Exile,12/7/2018,The Prophet Speaks,2018
4694,Van Morrison,,,,,,,,,,,,,,,,,,,25,,,,,,CD,,digital download,,LP,,,,,,October,11,,,,11,15,,,18,,20,,34,15,13,57,,,Exile,10/25/2019,Three Chords & the Truth,2019
4695,Van Morrison,,,,,,,,,,,,,,,,,,,7,,,,,,CD,,digital download,,LP,,,,,,May,41,,,,3,48,,,4,,,,29,6,5,182,,,BMG,5/7/2021,"Latest Record Project, Volume 1",2021
4696,Van Morrison,,,,,,,,,,,,,,,,,,,20,,,,,,CD,,digital download,,LP,,,,,,May,94,,,,8,,,,14,,,,,7,62,,,,"Exile, Virgin",5/20/2022,What's It Gonna Take?,2022
4697,Van Morrison,,,,,,,,,,,,,,,,,,,10,,,,,,CD,,digital download,,LP,,,,,,March,,,,,11,32,,,19,,,,,18,16,,,,Virgin,3/10/2023,Moving On Skiffle,2023
4698,Van Morrison,,,,,,,,,,,,,,,,,,,3,,,,,,CD,,digital download,,LP,,,,,,November,,,,,21,,,,42,,,,,22,39,,,,Virgin,11/3/2023,Accentuate the Positive,2023
4699,Van Morrison,,,,,,,,,,,,,,,,,,,27,,,,,,CD,,digital download,,LP,,,,,,September,,,,,26,,,,,,,,,,,,,,Virgin,9/27/2024,New Arrangements and Duets,2024
4700,Whitney Houston,ARIA,Platinum,,BMVI,Platinum,,BPI,Platinum,,MC,Diamond,,RIAA,Platinum,,SNEP,Gold,,14,,,,,cassette,CD,,,,LP,,,,,,February,1,9,1,13,2,,,,5,,,,1,,2,1,,1,Arista,2/14/1985,Whitney Houston,1985
4701,Whitney Houston,ARIA,Platinum,,BMVI,Platinum,,BPI,Platinum,,MC,Platinum,,RIAA,Diamond,,SNEP,Platinum,,1,,,,,cassette,CD,,,,LP,,,,,,June,1,1,1,6,1,,,,1,,,,1,,1,1,,2,Arista,6/1/1987,Whitney,1987
4702,Whitney Houston,ARIA,Platinum,,BMVI,Platinum,,BPI,Platinum,,MC,Platinum,,RIAA,Platinum,,SNEP,Platinum,,6,,,,,cassette,CD,,,,LP,,,,,,November,10,2,12,9,3,,,,4,,,,3,,4,3,,1,Arista,11/6/1990,I'm Your Baby Tonight,1990
4703,Whitney Houston,ARIA,Gold,,,,,BPI,Platinum,,MC,Platinum,,RIAA,Platinum,,SNEP,Platinum,,17,,,,,cassette,CD,,,,LP,,,,,,November,42,1,13,2,2,,,,1,,,,7,,4,13,,7,Arista,11/17/1998,My Love Is Your Love,1998
4704,Whitney Houston,,,,,,,,,,,,,RIAA,Platinum,,SNEP,Gold,,10,,,,,,CD,,digital download,DVD,,,,,,,December,114,33,85,25,16,,,,70,,,,,,76,9,,3,Arista,12/10/2002,Just Whitney,2002
4705,Whitney Houston,,,,,,,,,,,,,RIAA,Gold,,,,,18,,,,,,CD,,digital download,,,,,,,,November,,,,,,,,,,,,,,,,49,,14,Arista,11/18/2003,One Wish: The Holiday Album,2003
4706,Whitney Houston,,,,BMVI,Gold,,BPI,Gold,,MC,Platinum,,RIAA,Platinum,,SNEP,Gold,,31,,,,,,CD,,digital download,DVD,,,,,,,August,16,3,1,3,1,,,,1,,,,2,,3,1,,1,Arista,8/31/2009,I Look to You,2009
4707,Willie Nelson,,,,,,,,,,,,,,,,,,,24,,,,,,,,,,,,,,,,September,,,,,,,,,,,,,,,,,,,Liberty Records,9/24/1962,...And Then I Wrote,1962
4708,Willie Nelson,,,,,,,,,,,,,,,,,,,1,,,,,,,,,,,,,,,,July,,,,,,,,,,,,,,,,,,,Liberty Records,7/1/1963,Here's Willie Nelson,1963
4709,Willie Nelson,,,,,,,,,,,,,,,,,,,30,,,,,,,,,,,,,,,,August,,,,,,,,,,,,,,,,,,,RCA Victor,8/30/1965,Country Willie - His Own Songs,1965
4710,Willie Nelson,,,,,,,,,,,,,,,,,,,18,,,,,,,,,,,,,,,,April,,,,,,,,,,,,,,,,,9,,RCA Victor,4/18/1966,Country Favorites - Willie Nelson Style,1966
4711,Willie Nelson,,,,,,,,,,,,,,,,,,,24,,,,,,,,,,,,,,,,April,,,,,,,,,,,,,,,,,7,,RCA Victor,4/24/1967,Make Way for Willie Nelson,1967
4712,Willie Nelson,,,,,,,,,,,,,,,,,,,18,,,,,,,,,,,,,,,,September,,,,,,,,,,,,,,,,,9,,RCA Victor,9/18/1967,The Party's Over,1967
4713,Willie Nelson,,,,,,,,,,,,,,,,,,,1,,,,,,,,,,,,,,,,April,,,,,,,,,,,,,,,,,,,RCA Victor,4/1/1968,Texas in My Soul,1968
4714,Willie Nelson,,,,,,,,,,,,,,,,,,,14,,,,,,,,,,,,,,,,October,,,,,,,,,,,,,,,,,29,,RCA Victor,10/14/1968,Good Times,1968
4715,Willie Nelson,,,,,,,,,,,,,,,,,,,10,,,,,,,,,,,,,,,,February,,,,,,,,,,,,,,,,,39,,RCA Records,2/10/1969,My Own Peculiar Way,1969
4716,Willie Nelson,,,,,,,,,,,,,,,,,,,23,,,,,,,,,,,,,,,,March,,,,,,,,,,,,,,,,,,,RCA Victor,3/23/1970,Both Sides Now,1970
4717,Willie Nelson,,,,,,,,,,,,,,,,,,,14,,,,,,,,,,,,,,,,September,,,,,,,,,,,,,,,,,,,RCA Victor,9/14/1970,Laying My Burdens Down,1970
4718,Willie Nelson,,,,,,,,,,,,,,,,,,,1,,,,,,,,,,,,,,,,March,,,,,,,,,,,,,,,,,43,,RCA Victor,3/1/1971,Willie Nelson and Family,1971
4719,Willie Nelson,,,,,,,,,,,,,,,,,,,15,,,,,,,,,,,,,,,,November,,,,,,,,,,,,,,,,,43,,RCA Victor,11/15/1971,Yesterday's Wine,1971
4720,Willie Nelson,,,,,,,,,,,,,,,,,,,7,,,,,,,,,,,,,,,,February,,,,,,,,,,,,,,,,,,,RCA Victor,2/7/1972,The Words Don't Fit the Picture,1972
4721,Willie Nelson,,,,,,,,,,,,,,,,,,,17,,,,,,,,,,,,,,,,July,,,,,,,,,,,,,,,,,34,,RCA Victor,7/17/1972,The Willie Way,1972
4722,Willie Nelson,,,,,,,,,,,,,,,,,,,11,,,,,,,,,,,,,,,,June,,,,,,,,,,,,,,,,205,41,,Atlantic,6/11/1973,Shotgun Willie,1973
4723,Willie Nelson,,,,,,,,,,,,,,,,,,,25,,,,,,,,,,,,,,,,February,,,,,,,,,,,,,,,,187,34,,Atlantic,2/25/1974,Phases and Stages,1974
4724,Willie Nelson,,,,,,,,,,MC,Gold,,RIAA,Platinum,,,,,26,,,,,,,,,,,,,,,,May,88,,90,,,,,,,,,,,,,28,1,,Columbia,5/26/1975,Red Headed Stranger,1975
4725,Willie Nelson,,,,,,,,,,,,,RIAA,Platinum,,,,,1,,,,,,,,,,,,,,,,March,,,,,,,,,,,,,,,,48,1,,Columbia,3/1/1976,The Sound in Your Mind,1976
4726,Willie Nelson,,,,,,,,,,,,,RIAA,Gold,,,,,20,,,,,,,,,,,,,,,,September,,,,,,,,,,,,,,,,60,1,,Columbia,9/20/1976,The Troublemaker,1976
4727,Willie Nelson,,,,,,,,,,,,,,,,,,,13,,,,,,,,,,,,,,,,June,,,,,,,,,,,,,,,,91,2,,Columbia,6/13/1977,To Lefty from Willie,1977
4728,Willie Nelson,,,,,,,,,,MC,Platinum,,RIAA,Platinum,,,,,9,,,,,,,,,,,,,,,,January,,,11,,,,,,,,,,,,,12,1,,RCA Victor,1/9/1978,Waylon & Willie (with Waylon Jennings),1978
4729,Willie Nelson,ARIA,Platinum,,,,,,,,MC,Platinum,,RIAA,Platinum,,,,,17,,,,,,,,,,,,,,,,April,5,,28,,,,,,,,1,,,,,30,1,,Columbia,4/17/1978,Stardust,1978
4730,Willie Nelson,,,,,,,,,,MC,Gold,,RIAA,Gold,,,,,11,,,,,,,,,,,,,,,,June,85,,28,,,,,,,,11,,,,,25,3,,Columbia,6/11/1979,One for the Road (with Leon Russell),1979
4731,Willie Nelson,,,,,,,,,,MC,Gold,,RIAA,Platinum,,,,,22,,,,,,,,,,,,,,,,October,,,64,,,,,,,,,,,,,42,5,,Columbia,10/22/1979,Willie Nelson Sings Kristofferson,1979
4732,Willie Nelson,,,,,,,,,,MC,Gold,,RIAA,Platinum,,,,,5,,,,,,,,,,,,,,,,November,99,,,,,,,,,,,,,,,73,11,,Columbia,11/5/1979,Pretty Paper,1979
4733,Willie Nelson,,,,,,,,,,,,,RIAA,Gold,,,,,19,,,,,,,,,,,,,,,,May,,,,,,,,,,,,,,,,70,3,,Columbia,5/19/1980,San Antonio Rose (with Ray Price),1980
4734,Willie Nelson,,,,,,,,,,,,,,,,,,,1,,,,,,,,,,,,,,,,September,,,,,,,,,,,,,,,,,26,,Songbird,9/1/1980,Family Bible,1980
4735,Willie Nelson,ARIA,Gold,,,,,,,,,,,RIAA,Platinum,,,,,23,,,,,,,,,,,,,,,,February,30,,23,,,,,,,,,,,,,31,1,,Columbia,2/23/1981,Somewhere Over the Rainbow,1981
4736,Willie Nelson,,,,,,,,,,MC,Platinum,,RIAA,Platinum,,,,,1,,,,,,,,,,,,,,,,March,60,,20,,,,,,,,,,,,,2,1,,Columbia,3/1/1982,Always on My Mind,1982
4737,Willie Nelson,,,,,,,,,,,,,,,,,,,17,,,,,,,,,,,,,,,,May,,,,,,,,,,,,,,,,,,,Columbia,5/17/1982,Old Friends (with Roger Miller),1982
4738,Willie Nelson,,,,,,,,,,,,,,,,,,,28,,,,,,,,,,,,,,,,June,,,,,,,,,,,,,,,,,,,Columbia,6/28/1982,In the Jailhouse Now (with Webb Pierce),1982
4739,Willie Nelson,,,,,,,,,,,,,RIAA,Gold,,,,,27,,,,,,,,,,,,,,,,September,92,,,,,,,,,,,,,,,57,3,,RCA,9/27/1982,WWII (with Waylon Jennings),1982
4740,Willie Nelson,,,,,,,,,,MC,Gold,,RIAA,Platinum,,,,,10,,,,,,,,,,,,,,,,January,,,,,,,,,,,,,,,,37,1,,Epic,1/10/1983,Pancho & Lefty (with Merle Haggard),1983
4741,Willie Nelson,,,,,,,,,,,,,,,,,,,14,,,,,,,,,,,,,,,,February,,,48,,,,,,,,,,,,,39,4,,Columbia,2/14/1983,Tougher Than Leather,1983
4742,Willie Nelson,,,,,,,,,,,,,RIAA,Gold,,,,,18,,,,,,,,,,,,,,,,April,,,,,,,,,,,,,,,,60,3,,Columbia,4/18/1983,Take It to the Limit (with Waylon Jennings),1983
4743,Willie Nelson,,,,,,,,,,MC,Gold,,RIAA,Platinum,,,,,24,,,,,,,,,,,,,,,,October,85,,35,,,,,,,,,,,,,54,3,,Columbia,10/24/1983,Without a Song,1983
4744,Willie Nelson,,,,,,,,,,,,,,,,,,,7,,,,,,,,,,,,,,,,May,,,,,,,,,,,,,,,,116,,,Columbia,5/7/1984,Angel Eyes,1984
4745,Willie Nelson,,,,,,,,,,MC,Gold,,RIAA,Platinum,,,,,16,,,,,,,,,,,,,,,,July,,,62,,,,,,,,,,,,,69,1,,Columbia,7/16/1984,City of New Orleans,1984
4746,Willie Nelson,,,,,,,,,,,,,,,,,,,8,,,,,,,,,,,,,,,,October,,,,,,,,,,,,,,,,152,21,,Columbia,10/8/1984,Music from Songwriter (with Kris Kristofferson),1984
4747,Willie Nelson,,,,,,,,,,,,,,,,,,,25,,,,,,,,,,,,,,,,February,,,,,,,,,,,,,,,,152,3,,Columbia,2/25/1985,Me and Paul,1985
4748,Willie Nelson,,,,,,,,,,,,,,,,,,,22,,,,,,,,,,,,,,,,April,,,,,,,,,,,,,,,,,,,Columbia,4/22/1985,Funny How Time Slips Away (with Faron Young),1985
4749,Willie Nelson,,,,,,,,,,,,,,,,,,,22,,,,,,,,,,,,,,,,April,,,,,,,,,,,,,,,,,,,Columbia,4/22/1985,Brand on My Heart (with Hank Snow),1985
4750,Willie Nelson,,,,,,,,,,,,,,,,,,,10,,,,,,,,,,,,,,,,March,,,,,,,,,,,,,,,,,1,,Columbia,3/10/1986,The Promiseland,1986
4751,Willie Nelson,,,,,,,,,,,,,,,,,,,6,,,,,,,,,,,,,,,,October,,,,,,,,,,,,,,,,,13,,Columbia,10/6/1986,Partners,1986
4752,Willie Nelson,,,,,,,,,,,,,,,,,,,29,,,,,,,,,,,,,,,,June,,,,,,,,,,,,,,,,,14,,Columbia,6/29/1987,Island in the Sea,1987
4753,Willie Nelson,,,,,,,,,,,,,,,,,,,13,,,,,,,,,,,,,,,,October,,,,,,,,,,,,,,,,,31,,Epic,10/13/1987,Seashores of Old Mexico (with Merle Haggard),1987
4754,Willie Nelson,,,,,,,,,,,,,,,,,,,20,,,,,,,,,,,,,,,,September,70,,,,,,,,,,,,,,,,6,,Columbia,9/20/1988,What a Wonderful World,1988
4755,Willie Nelson,,,,,,,,,,,,,,,,,,,31,,,,,,,,,,,,,,,,July,,,,,,,,,,,,,,,,,2,,Columbia,7/31/1989,A Horse Called Music,1989
4756,Willie Nelson,,,,,,,,,,,,,,,,,,,24,,,,,,,,,,,,,,,,September,,,,,,,,,,,,,,,,,31,,Columbia,9/24/1990,Born for Trouble,1990
4757,Willie Nelson,,,,,,,,,,,,,,,,,,,10,,,,,,,,,,,,,,,,June,,,,,,,,,,,,,,,,,,,Sony,6/10/1991,The IRS Tapes: Who'll Buy My Memories?,1991
4758,Willie Nelson,,,,,,,,,,,,,,,,,,,2,,,,,,,,,,,,,,,,July,,,,,,,,,,,,,,,,193,29,,Epic,7/2/1991,Clean Shirt (with Waylon Jennings),1991
4759,Willie Nelson,,,,,,,,,,,,,,,,,,,23,,,,,,,,,,,,,,,,March,53,,,,,,,,,4,,,,,,75,15,,Columbia,3/23/1993,Across the Borderline,1993
4760,Willie Nelson,,,,,,,,,,,,,,,,,,,15,,,,,,,,,,,,,,,,February,20,,,,,,,,,,,,,,,188,37,,Justice,2/15/1994,Moonlight Becomes You,1994
4761,Willie Nelson,,,,,,,,,,,,,,,,,,,2,,,,,,,,,,,,,,,,August,,,,,,,,,,,,,,,,,,,Step One,8/2/1994,Six Hours at Pedernales (with Curtis Potter),1994
4762,Willie Nelson,,,,,,,,,,,,,,,,,,,1,,,,,,,,,,,,,,,,November,,,,,,,,,,,,,,,,103,17,,Capitol,11/1/1994,Healing Hands of Time,1994
4763,Willie Nelson,,,,,,,,,,,,,,,,,,,4,,,,,,,,,,,,,,,,July,,,,,,,,,,,,,,,,,,,Transatlantic,7/4/1995,Just One Love,1995
4764,Willie Nelson,,,,,,,,,,,,,,,,,,,12,,,,,,,,,,,,,,,,December,,,,,,,,,,,,,,,,,,,Sundown,12/12/1995,Augusta (with Don Cherry),1995
4765,Willie Nelson,,,,,,,,,,,,,,,,,,,4,,,,,,,,,,,,,,,,June,,,,,,,,,,17,,,,,,132,20,,Island,6/4/1996,Spirit,1996
4766,Willie Nelson,,,,,,,,,,,,,,,,,,,9,,,,,,,,,,,,,,,,July,,,,,,,,,,,,,,,,,,,Finer Arts,7/9/1996,How Great Thou Art (with Bobbie Nelson),1996
4767,Willie Nelson,,,,,,,,,,,,,,,,,,,14,,,,,,,,,,,,,,,,October,,,,,,,,,,,,,,,,,60,,Finer Arts,10/14/1997,Hill Country Christmas (with Bobbie Nelson),1997
4768,Willie Nelson,,,,,,,,,,,,,,,,,,,1,,,,,,,,,,,,,,,,September,,,,,,,,,,,,,58,,,104,17,,Island,9/1/1998,Teatro,1998
4769,Willie Nelson,,,,,,,,,,,,,,,,,,,13,,,,,,,,,,,,,,,,July,,,,,,,,,,,,,,,,,,,Free Falls Entertainment,7/13/1999,Night and Day,1999
4770,Willie Nelson,,,,,,,,,,,,,,,,,,,6,,,,,,,,,,,,,,,,June,,,,,,,,,,,,,,,,,,,Luck,6/6/2000,Me and the Drummer,2000
4771,Willie Nelson,,,,,,,,,,,,,,,,,,,19,,,,,,,,,,,,,,,,September,,,,,,,,,,,,,,,,83,,,Island,9/19/2000,Milk Cow Blues,2000
4772,Willie Nelson,,,,,,,,,,,,,,,,,,,12,,,,,,,,,,,,,,,,June,,,,,,,,,,,,,,,,,52,,Island,6/12/2001,Rainbow Connection,2001
4773,Willie Nelson,,,,,,,,,,,,,,,,,,,15,,,,,,,,,,,,,,,,January,,,,,,,,,,23,,,,,,43,5,,Lost Highway,1/15/2002,The Great Divide,2002
4774,Willie Nelson,,,,,,,,,,,,,,,,,,,10,,,,,,,,,,,,,,,,June,,,,,,,,,,,,,,,,,,,Wildflower,6/10/2002,The Eyes of Texas (with Don Cherry),2002
4775,Willie Nelson,,,,,,,,,,,,,,,,,,,1,,,,,,,,,,,,,,,,July,,,,,,,,,,,,,,,,,62,,Lost Highway,7/1/2003,Run That by Me One More Time (with Ray Price),2003
4776,Willie Nelson,,,,,,,,,,,,,,,,,,,29,,,,,,,,,,,,,,,,April,,,,,,,,,,,,,,,,,,,Texas Roadhouse,4/29/2004,Nacogdoches,2004
4777,Willie Nelson,,,,,,,,,,,,,,,,,,,26,,,,,,,,,,,,,,,,October,,,,,,,,,,,,,,,,75,12,,Lost Highway,10/26/2004,It Always Will Be,2004
4778,Willie Nelson,,,,,,,,,,,,,,,,,,,2,,,,,,,,,,,,,,,,August,,,,,,,,,,,,,,,,46,6,,Lost Highway,8/2/2005,Countryman,2005
4779,Willie Nelson,,,,,,,,,,,,,,,,,,,14,,,,,,,,,,,,,,,,March,,,,,,,,,,,,,,,,114,24,,Lost Highway,3/14/2006,You Don't Know Me: The Songs of Cindy Walker,2006
4780,Willie Nelson,,,,,,,,,,,,,,,,,,,31,,,,,,,,,,,,,,,,October,,,,,,,,,,34,,,46,,,87,19,,Lost Highway,10/31/2006,Songbird,2006
4781,Willie Nelson,,,,,,,,,,,,,,,,,,,20,,,,,,,,,,,,,,,,March,,,,,,,,,,,,,,,,64,7,,Lost Highway,3/20/2007,Last of the Breed (with Merle Haggard and Ray Price),2007
4782,Willie Nelson,,,,,,,,,,,,,,,,,,,9,,,,,,,,,,,,,,,,October,,,,,,,,,,,,,,,,,,,Diamonddisc,10/9/2007,It's Magic (with Don Cherry),2007
4783,Willie Nelson,,,,,,,,,,,,,,,,,,,29,,,,,,,,,,,,,,,,January,,,,,,,,,,,,,,,,56,8,,Lost Highway,1/29/2008,Moment of Forever,2008
4784,Willie Nelson,,,,,,,,,,,,,,,,,,,3,,,,,,,,,,,,,,,,February,,,,,,,,,,,,,,,,90,13,,Bismeaux,2/3/2009,Willie and the Wheel (with Asleep at the Wheel),2009
4785,Willie Nelson,,,,,,,,,,,,,,,,,,,25,,,,,,,,,,,,,,,,August,52,,,,,,,,,,,,16,,,43,14,,Blue Note,8/25/2009,American Classic,2009
4786,Willie Nelson,,,,,,,,,,,,,,,,,,,20,,,,,,,,,,,,,,,,April,,,,,,,,,,,,,41,,,20,4,,Rounder,4/20/2010,Country Music,2010
4787,Willie Nelson,,,,,,,,,,,,,,,,,,,22,,,,,,,,,,,,,,,,November,,,,,,,,,,,,,,,,,40,,R&J,11/22/2011,"Remember Me, Vol. 1",2011
4788,Willie Nelson,,,,,,,,,,,,,,,,,,,15,,,,,,,,,,,,,,,,May,,,,,,,,,,,,,51,,,18,4,,Legacy Recordings,5/15/2012,Heroes,2012
4789,Willie Nelson,,,,,,,,,,,,,,,,,,,16,,,,,,,,,,,,,,,,April,,,,,,,,,,,,,,,,49,16,,Legacy Recordings,4/16/2013,Let's Face the Music and Dance,2013
4790,Willie Nelson,,,,,,,,,,,,,,,,,,,15,,,,,,,,,,,,,,,,October,,,21,,,,,,,,,,,,,9,2,,Legacy Recordings,10/15/2013,To All the Girls...,2013
4791,Willie Nelson,,,,,,,,,,,,,,,,,,,17,,,,,,,,,,,,,,,,June,,,,,,,,,,,,,,,,5,1,,Legacy Recordings,6/17/2014,Band of Brothers,2014
4792,Willie Nelson,,,,,,,,,,,,,,,,,,,2,,,,,,,,,,,,,,,,December,,,,,,,,,,,,,,,,,26,,Legacy Recordings,12/2/2014,"December Day: Willie's Stash, Vol. 1 (with Bobbie Nelson)",2014
4793,Willie Nelson,,,,,,,,,,,,,,,,,,,2,,,,,,,,,,,,,,,,June,16,,,,,,,,,,,,,,,7,1,,Legacy Recordings,6/2/2015,Django & Jimmie (with Merle Haggard),2015
4794,Willie Nelson,,,,,,,,,,,,,,,,,,,26,,,,,,,,,,,,,,,,February,82,,,,,,,,,,,,,,,40,,,Legacy Recordings,2/26/2016,Summertime: Willie Nelson Sings Gershwin,2016
4795,Willie Nelson,,,,,,,,,,,,,,,,,,,19,,,,,,,,,,,,,,,,September,,,,,,,,,,,,,,,,84,5,,Legacy Recordings,9/19/2016,For the Good Times: A Tribute to Ray Price,2016
4796,Willie Nelson,,,,,,,,,,,,,,,,,,,28,,,,,,,,,,,,,,,,April,38,,30,,,,,,,,,,,,,10,1,,Legacy Recordings,4/28/2017,God's Problem Child,2017
4797,Willie Nelson,,,,,,,,,,,,,,,,,,,20,,,,,,,,,,,,,,,,October,,,,,,,,,,,,,,,,134,19,,Legacy Recordings,10/20/2017,"Willie and the Boys: Willie's Stash, Vol. 2 (with Lukas Nelson and Micah Nelson)",2017
4798,Willie Nelson,,,,,,,,,,,,,,,,,,,27,,,,,,,,,,,,,,,,April,,,52,,,,,,,,,,,,,14,3,,Legacy Recordings,4/27/2018,Last Man Standing,2018
4799,Willie Nelson,,,,,,,,,,,,,,,,,,,14,,,,,,,,,,,,,,,,September,,,,,,,,,,,,,,,,36,,,Legacy Recordings,9/14/2018,My Way,2018
4800,Willie Nelson,,,,,,,,,,,,,,,,,,,21,,,,,,,,,,,,,,,,June,,,,,,,,,,,,,,,,18,2,,Legacy Recordings,6/21/2019,Ride Me Back Home,2019
4801,Willie Nelson,,,,,,,,,,,,,,,,,,,3,,,,,,,,,,,,,,,,July,68,,,,,,,,,,,,,,,49,5,,Legacy Recordings,7/3/2020,First Rose of Spring,2020
4802,Willie Nelson,,,,,,,,,,,,,,,,,,,26,,,,,,,,,,,,,,,,February,,,,,,,,,,,,,,,,58,,,Legacy Recordings,2/26/2021,That's Life,2021
4803,Willie Nelson,,,,,,,,,,,,,,,,,,,19,,,,,,,,,,,,,,,,November,,,,,,,,,,,,,,,,,,,Legacy Recordings,11/19/2021,"The Willie Nelson Family (with Amy, Bobbie, Lukas, Micah, and Paula Nelson)",2021
4804,Willie Nelson,,,,,,,,,,,,,,,,,,,29,,,,,,,,,,,,,,,,April,,,,,,,,,,,,,,,,100,13,,Legacy Recordings,4/29/2022,A Beautiful Time,2022
4805,Willie Nelson,,,,,,,,,,,,,,,,,,,3,,,,,,,,,,,,,,,,March,,,,,,,,,,,,,,,,,,,Legacy Recordings,3/3/2023,I Don't Know a Thing About Love,2023
4806,Willie Nelson,,,,,,,,,,,,,,,,,,,15,,,,,,,,,,,,,,,,September,,,,,,,,,,,,,,,,,,,Legacy Recordings,9/15/2023,Bluegrass,2023
4807,Willie Nelson,,,,,,,,,,,,,,,,,,,31,,,,,,,,,,,,,,,,May,39,,,,,,,,,,,,,,,,50,,Legacy Recordings,5/31/2024,The Border,2024
4808,Willie Nelson,,,,,,,,,,,,,,,,,,,1,,,,,,,,,,,,,,,,November,,,,,,,,,,,,,,,,,,,Legacy Recordings,11/1/2024,Last Leaf on the Tree,2024
4809,Wilson Pickett,,,,,,,,,,,,,,,,,,,1,,,,,,,,,,,,,,,,January,,,,,,,,,,,,,,,,,,,Double L Records DL-2300/SDL-8300,1/1/1963,It's Too Late,1963
4810,Wilson Pickett,,,,,,,,,,,,,,,,,,,1,,,,,,,,,,,,,,,,January,,,,,,,,,,,,,,,,,,3,Atlantic SD-8114,1/1/1965,In the Midnight Hour,1965
4811,Wilson Pickett,,,,,,,,,,,,,,,,,,,1,,,,,,,,,,,,,,,,January,,,,,,,,,,,,,,,,,,3,Atlantic SD-8129,1/1/1966,The Exciting Wilson Pickett,1966
4812,Wilson Pickett,,,,,,,,,,,,,,,,,,,1,,,,,,,,,,,,,,,,January,,,,,,,,,,,,,,,,,,5,Atlantic SD-8138,1/1/1967,The Wicked Pickett,1967
4813,Wilson Pickett,,,,,,,,,,,,,,,,,,,1,,,,,,,,,,,,,,,,January,,,,,,,,,,,,,,,,,,7,Atlantic SD-8145,1/1/1967,The Sound of Wilson Pickett,1967
4814,Wilson Pickett,,,,,,,,,,,,,,,,,,,1,,,,,,,,,,,,,,,,January,,,,,,,,,,,,,,,,,,9,Atlantic SD-8175,1/1/1968,I'm in Love,1968
4815,Wilson Pickett,,,,,,,,,,,,,,,,,,,1,,,,,,,,,,,,,,,,January,,,,,,,,,,,,,,,,,,10,Atlantic SD-8183,1/1/1968,The Midnight Mover,1968
4816,Wilson Pickett,,,,,,,,,,,,,,,,,,,1,,,,,,,,,,,,,,,,January,,,,,,,,,,,,,,,,,,15,Atlantic SD-8215,1/1/1969,Hey Jude,1969
4817,Wilson Pickett,,,,,,,,,,,,,,,,,,,1,,,,,,,,,,,,,,,,January,,,,,,,,,,,,,,,,,,36,Atlantic SD-8250,1/1/1970,Right On,1970
4818,Wilson Pickett,,,,,,,,,,,,,,,,,,,1,,,,,,,,,,,,,,,,January,,,,,,,,,,,,,,,,,,12,Atlantic SD-8270,1/1/1970,Wilson Pickett in Philadelphia,1970
4819,Wilson Pickett,,,,,,,,,,,,,,,,,,,1,,,,,,,,,,,,,,,,January,,,,,,,,,,,,,,,,,,23,Atlantic SD-8300,1/1/1971,Don't Knock My Love,1971
4820,Wilson Pickett,,,,,,,,,,,,,,,,,,,1,,,,,,,,,,,,,,,,January,,,,,,,,,,,,,,,,,,30,RCA Victor,1/1/1973,Mr. Magic Man,1973
4821,Wilson Pickett,,,,,,,,,,,,,,,,,,,1,,,,,,,,,,,,,,,,January,,,,,,,,,,,,,,,,,,34,RCA Victor,1/1/1973,Miz Lena's Boy,1973
4822,Wilson Pickett,,,,,,,,,,,,,,,,,,,1,,,,,,,,,,,,,,,,January,,,,,,,,,,,,,,,,,,,RCA Victor,1/1/1974,Pickett in the Pocket,1974
4823,Wilson Pickett,,,,,,,,,,,,,,,,,,,1,,,,,,,,,,,,,,,,January,,,,,,,,,,,,,,,,,,,RCA Victor,1/1/1975,Join Me and Let's Be Free,1975
4824,Wilson Pickett,,,,,,,,,,,,,,,,,,,1,,,,,,,,,,,,,,,,January,,,,,,,,,,,,,,,,,,,Wicked Records 9001,1/1/1976,Chocolate Mountain,1976
4825,Wilson Pickett,,,,,,,,,,,,,,,,,,,1,,,,,,,,,,,,,,,,January,,,,,,,,,,,,,,,,,,,Big Tree/Atlantic BT-76011,1/1/1978,Funky Situation,1978
4826,Wilson Pickett,,,,,,,,,,,,,,,,,,,1,,,,,,,,,,,,,,,,January,,,,,,,,,,,,,,,,,,69,EMI America SW-17019,1/1/1979,I Want You,1979
4827,Wilson Pickett,,,,,,,,,,,,,,,,,,,1,,,,,,,,,,,,,,,,January,,,,,,,,,,,,,,,,,,,EMI America SW-17043,1/1/1981,Right Track,1981
4828,Wilson Pickett,,,,,,,,,,,,,,,,,,,1,,,,,,,,,,,,,,,,January,,,,,,,,,,,,,,,,,,75,Motown,1/1/1987,American Soul Man,1987
4829,Wilson Pickett,,,,,,,,,,,,,,,,,,,1,,,,,,,,,,,,,,,,January,,,,,,,,,,,,,,,,,,,Bullseye Blues/Rounder BB-9625,1/1/1999,It's Harder Now,1999
4830,Yes,,,,,,,,,,,,,,,,,,,25,,,,,,,,,,,,,,,,July,,,,,,,,,,,,,,,,,,,Atlantic,7/25/1969,Yes,1969
4831,Yes,,,,,,,,,,,,,,,,,,,24,,,,,,,,,,,,,,,,July,,,,,,,,,,,,,,,45,,,,Atlantic,7/24/1970,Time and a Word,1970
4832,Yes,,,,,,,BPI,Silver,,,,,RIAA,Platinum,,,,,19,,,,,,,,,,,,,,,,February,,,46,,,,,,7,,,,,,4,40,,,Atlantic,2/19/1971,The Yes Album,1971
4833,Yes,,,,,,,BPI,Platinum,,MC,Platinum,,RIAA,Platinum,,,,,12,,,,,,,,,,,,,,,,November,29,,6,,,,,22,8,,,,,,7,4,,,Atlantic,11/12/1971,Fragile,1971
4834,Yes,,,,,,,BPI,Platinum,,MC,Platinum,,RIAA,Platinum,,,,,8,,,,,,,,,,,,,,,,September,21,,7,,36,,14,16,1,,,,,,4,3,,,Atlantic,9/8/1972,Close to the Edge,1972
4835,Yes,,,,,,,BPI,Gold,,,,,RIAA,Gold,,,,,7,,,,,,,,,,,,,,,,December,13,,4,,26,,16,8,8,8,,,,,1,6,,,Atlantic,12/7/1973,Tales from Topographic Oceans,1973
4836,Yes,,,,,,,,,,,,,RIAA,Gold,,SNEP,Gold,,29,,,,,,,,,,,,,,,,November,15,,22,9,27,,17,37,10,18,,,,,4,5,,,Atlantic,11/29/1974,Relayer,1974
4837,Yes,,,,,,,BPI,Gold,,MC,Gold,,RIAA,Gold,,SNEP,Gold,,15,,,,,,,,,,,,,,,,July,16,,8,10,6,,,20,9,7,11,,10,,1,8,,,Atlantic,7/15/1977,Going for the One,1977
4838,Yes,,,,,,,BPI,Gold,,MC,Gold,,RIAA,Platinum,,,,,22,,,,,,,,,,,,,,,,September,22,,30,9,36,,,41,17,9,34,,18,,8,10,,,Atlantic,9/22/1978,Tormato,1978
4839,Yes,,,,,,,BPI,Silver,,,,,,,,,,,22,,,,,,,,,,,,,,,,August,69,,41,21,50,,,78,18,11,44,,19,,2,18,,,Atlantic,8/22/1980,Drama,1980
4840,Yes,,,,BMVI,Platinum,,BPI,Gold,,MC,Platinum,,RIAA,Platinum,,SNEP,Gold,,7,,,,,,,,,,,,,,,,November,27,9,3,2,2,,10,9,4,8,25,,7,3,16,5,,,Atco,11/7/1983,90125,1983
4841,Yes,,,,,,,,,,MC,Platinum,,RIAA,Platinum,,,,,28,,,,,,,,,,,,,,,,September,44,,14,,25,,25,14,18,,,,14,22,17,15,,,Atco,9/28/1987,Big Generator,1987
4842,Yes,,,,,,,,,,,,,RIAA,Gold,,,,,30,,,,,,,,,,,,,,,,April,,,15,,15,,,11,17,,,,32,16,7,15,,,Arista,4/30/1991,Union,1991
4843,Yes,,,,,,,,,,,,,,,,,,,21,,,,,,,,,,,,,,,,March,,,47,,45,,,17,47,,,,31,29,20,33,,,Victory Music,3/21/1994,Talk,1994
4844,Yes,,,,,,,,,,,,,,,,,,,28,,,,,,,,,,,,,,,,October,,,,,,,,56,,,,,,,48,99,,,Essential,10/28/1996,Keys to Ascension,1996
4845,Yes,,,,,,,,,,,,,,,,,,,3,,,,,,,,,,,,,,,,November,,,,,,,,,,,,,,,62,169,,,Essential,11/3/1997,Keys to Ascension 2,1997
4846,Yes,,,,,,,,,,,,,,,,,,,24,,,,,,,,,,,,,,,,November,,,,,,,,81,,,,,,,,151,,,Eagle,11/24/1997,Open Your Eyes,1997
4847,Yes,,,,,,,,,,,,,,,,,,,20,,,,,,,,,,,,,,,,September,,,,,38,,39,38,70,,,,,,36,99,,,Eagle,9/20/1999,The Ladder,1999
4848,Yes,,,,,,,,,,,,,,,,,,,10,,,,,,,,,,,,,,,,September,,,,,64,,,,81,,,,,,71,186,,,Eagle,9/10/2001,Magnification,2001
4849,Yes,,,,,,,,,,,,,,,,,,,22,,,,,,,,,,,,,,,,June,,,,134,16,,49,56,43,24,,,31,39,30,36,,,Frontiers,6/22/2011,Fly from Here,2011
4850,Yes,,,,,,,,,,,,,,,,,,,16,,,,,,,,,,,,,,,,July,,56,,,23,,,37,41,,,,,29,20,26,,,Frontiers,7/16/2014,Heaven & Earth,2014
4851,Yes,,,,,,,,,,,,,,,,,,,25,,,,,,,,,,,,,,,,October,,,,,,,,,,,,,,,,,,,Yes 97 LLC,10/25/2019,From a Page (mini album),2019
4852,Yes,,,,,,,,,,,,,,,,,,,1,,,,,,,,,,,,,,,,October,,14,,85,7,,60,46,54,38,,,,5,20,,,,Inside Out Music,10/1/2021,The Quest,2021
4853,Yes,,,,,,,,,,,,,,,,,,,19,,,,,,,,,,,,,,,,May,,53,,99,12,,61,24,84,,,,,9,30,,,,Inside Out Music,5/19/2023,Mirror to the Sky,2023
4854,ZZ Top,,,,,,,,,,,,,,,,,,,16,,,,,,,,,,,,,,,,January,,,,,,,,,,,,,,,,,,,London Records,1/16/1971,ZZ Top's First Album,1971
4855,ZZ Top,,,,,,,,,,,,,,,,,,,4,,,,,,,,,,,,,,,,April,90,,,,,,,,,,,,,,,104,,,London Records,4/4/1972,Rio Grande Mud,1972
4856,ZZ Top,,,,,,,,,,MC,Gold,,RIAA,Gold,,,,,26,,,,,,,,,,,,,,,,July,36,,13,,,,,,,,,,,,,8,,,London Records,7/26/1973,Tres Hombres,1973
4857,ZZ Top,,,,,,,,,,MC,Platinum,,RIAA,Gold,,,,,18,,,,,,,,,,,,,,,,April,61,,1,,,,,,,,,,,,60,10,,,London Records,4/18/1975,Fandango!,1975
4858,ZZ Top,,,,,,,,,,,,,RIAA,Gold,,,,,29,,,,,,,,,,,,,,,,November,72,,3,,,,,,,,,,21,,,17,,,London Records,11/29/1976,Tejas,1976
4859,ZZ Top,,,,BMVI,Gold,,,,,,,,RIAA,Platinum,,,,,8,,,,,,,,,,,,,,,,November,100,19,5,,,,,,,,,,,,,24,,,Warner Bros. Records,11/8/1979,Degüello,1979
4860,ZZ Top,,,,,,,,,,,,,RIAA,Gold,,,,,15,,,,,,,,,,,,,,,,July,,,19,,52,,,,,,,,26,,88,17,,,Warner Bros. Records,7/15/1981,El Loco,1981
4861,ZZ Top,ARIA,Platinum,,BMVI,Gold,,BPI,Platinum,,MC,Diamond,,RIAA,Diamond,,SNEP,Platinum,,23,,,,,,,,,,,,,,,,March,2,,2,,25,,,,,13,,,13,11,3,9,,,Warner Bros. Records,3/23/1983,Eliminator,1983
4862,ZZ Top,ARIA,Platinum,,BMVI,Gold,,BPI,Platinum,,,,,RIAA,Platinum,,SNEP,Gold,,28,,,,,,,,,,,,,,,,October,6,18,1,,3,,,,,8,,,3,2,2,4,,,Warner Bros. Records,10/28/1985,Afterburner,1985
4863,ZZ Top,,,,BMVI,Platinum,,BPI,Silver,,MC,Platinum,,RIAA,Platinum,,SNEP,Gold,,16,,,,,,,,,,,,,,,,October,27,15,10,,4,,,,,2,,,2,1,8,6,,,Warner Bros. Records,10/16/1990,Recycler,1990
4864,ZZ Top,,,,BMVI,Gold,,,,,MC,Gold,,RIAA,Platinum,,SNEP,Gold,,18,,,,,,,,,,,,,,,,January,40,2,12,,3,,,,,4,,,1,3,3,14,,,RCA Records,1/18/1994,Antenna,1994
4865,ZZ Top,,,,,,,,,,,,,,,,,,,17,,,,,,,,,,,,,,,,September,146,31,38,14,9,,,,,15,,,6,8,32,29,,,RCA Records,9/17/1996,Rhythmeen,1996
4866,ZZ Top,,,,,,,,,,,,,,,,,,,28,,,,,,,,,,,,,,,,September,176,,,50,11,,,,,,,,26,23,,100,,,RCA Records,9/28/1999,XXX,1999
4867,ZZ Top,,,,,,,,,,,,,,,,,,,9,,,,,,,,,,,,,,,,September,,33,,46,9,,,,,21,,,22,22,,57,,,RCA Records,9/9/2003,Mescalero,2003
4868,ZZ Top,,,,BMVI,Gold,,,,,,,,,,,,,,11,,,,,,,,,,,,,,,,September,75,7,7,13,5,,,,,7,,,11,4,29,6,,,American Recordings,9/11/2012,La Futura,2012
